PLAYER_ID,PLAYER_NAME,NICKNAME,TEAM_ID,TEAM_ABBREVIATION,AGE,GP,W,L,W_PCT,MIN,FGM,FGA,FG_PCT,FG3M,FG3A,FG3_PCT,FTM,FTA,FT_PCT,OREB,DREB,REB,AST,TOV,STL,BLK,BLKA,PF,PFD,PTS,PLUS_MINUS,NBA_FANTASY_PTS,DD2,TD3,WNBA_FANTASY_PTS,FP_HIGH_SCORE,GP_RANK,W_RANK,L_RANK,W_PCT_RANK,MIN_RANK,FGM_RANK,FGA_RANK,FG_PCT_RANK,FG3M_RANK,FG3A_RANK,FG3_PCT_RANK,FTM_RANK,FTA_RANK,FT_PCT_RANK,OREB_RANK,DREB_RANK,REB_RANK,AST_RANK,TOV_RANK,STL_RANK,BLK_RANK,BLKA_RANK,PF_RANK,PFD_RANK,PTS_RANK,PLUS_MINUS_RANK,NBA_FANTASY_PTS_RANK,DD2_RANK,TD3_RANK,WNBA_FANTASY_PTS_RANK,FP_HIGH_SCORE_RANK,TEAM_COUNT,SEASON
1425,Aaron Williams,Aaron,1610612746,LAC,35.0,38,15,23,0.395,374.155,29,53,0.547,0,1,0.0,18,22,0.818,27,58,85,7,18,7,14,3,56,28,76,-14,233.5,0,0,210.0,238.0,74,75,48,73,77,77,83,24,23,36,23,71,80,8,76,75,76,80,77,77,73,18,33,75,76,54,76,65,3,76,76,1,2006-07
1502,Adonal Foyle,Adonal,1610612744,GSW,32.0,48,19,29,0.396,475.0133333333333,48,85,0.565,0,0,0.0,11,25,0.44,51,75,126,19,23,11,50,4,61,25,107,-51,446.7,0,0,374.0,454.0,63,65,60,71,71,70,70,15,23,58,23,80,78,99,68,72,70,64,74,66,40,23,35,78,71,77,71,65,3,71,71,1,2006-07
1733,Al Harrington,Al,1610612744,GSW,27.0,42,23,19,0.548,1354.98,272,596,0.456,73,175,0.417,96,141,0.681,80,190,270,98,78,40,14,29,153,121,713,18,1268.0,5,0,1262.0,1341.0,69,59,37,38,46,28,23,68,3,3,5,37,36,44,57,52,52,16,40,28,73,77,58,41,26,34,38,37,3,35,38,1,2006-07
2744,Al Jefferson,Al,1610612738,BOS,22.0,69,20,49,0.29,2319.0133333333333,453,882,0.514,0,1,0.0,201,295,0.681,237,519,756,88,136,48,106,91,232,237,1107,-167,2472.2,38,0,2259.0,2501.0,40,64,102,98,17,9,7,37,23,36,23,11,12,43,10,7,10,21,15,18,18,105,88,16,10,100,9,6,3,10,11,1,2006-07
673,Alan Henderson,Alan,1610612755,PHI,34.0,38,9,29,0.237,417.68833333333333,43,67,0.642,0,0,0.0,33,47,0.702,48,59,107,10,12,9,12,5,62,45,119,0,313.4,0,0,278.0,309.0,74,86,60,104,74,71,77,2,23,58,23,66,66,37,70,74,72,73,85,73,76,32,36,66,70,43,73,65,3,73,73,1,2006-07
297,Alonzo Mourning,Alonzo,1610612748,MIA,37.0,77,43,34,0.558,1571.6366666666668,238,425,0.56,0,0,0.0,185,308,0.601,126,224,350,18,129,13,178,40,219,257,661,-78,1552.0,1,0,1411.0,1620.0,24,19,74,36,39,32,34,18,23,58,23,13,11,69,38,47,44,65,16,61,4,85,84,14,29,84,31,54,3,31,32,1,2006-07
2405,Amar'e Stoudemire,Amar'e,1610612756,PHX,24.0,82,61,21,0.744,2689.005,607,1055,0.575,0,3,0.0,457,585,0.781,222,564,786,84,232,78,110,82,295,448,1671,447,3072.2,46,0,2917.0,3189.0,1,3,42,7,5,3,5,12,23,21,23,1,3,15,13,6,7,24,3,3,17,103,108,4,1,2,3,3,3,3,3,1,2006-07
2760,Anderson Varejao,Anderson,1610612739,CLE,24.0,81,49,32,0.605,1932.345,191,401,0.476,0,9,0.0,165,268,0.616,191,354,545,75,67,76,52,44,269,299,547,248,1630.5,7,0,1423.0,1626.0,9,9,71,29,26,41,39,51,23,13,23,18,16,63,19,24,23,31,49,5,38,89,104,8,34,6,28,29,3,30,31,1,2006-07
2601,Andreas Glyniadakis,Andreas,1610612760,SEA,25.0,13,3,10,0.231,80.55833333333334,8,17,0.471,0,0,0.0,1,2,0.5,2,6,8,1,9,0,0,1,19,3,17,-27,19.1,0,0,26.0,27.0,97,101,17,106,100,95,98,59,23,58,23,107,105,91,102,102,103,97,91,104,103,5,15,105,99,66,105,65,3,103,103,1,2006-07
101106,Andrew Bogut,Andrew,1610612749,MIL,22.0,66,25,41,0.379,2258.03,348,629,0.553,1,5,0.2,112,194,0.577,168,416,584,198,150,49,35,47,216,269,809,-131,1908.8,19,0,1760.0,2041.0,47,54,92,81,18,17,21,23,15,18,17,32,31,80,20,19,18,6,12,17,52,92,82,12,18,98,21,16,3,22,19,1,2006-07
101115,Andrew Bynum,Andrew,1610612747,LAL,19.0,82,42,40,0.512,1793.4216666666666,247,443,0.558,0,3,0.0,143,214,0.668,139,345,484,94,115,12,128,43,249,165,637,-114,1663.8,10,0,1495.0,1729.0,1,20,88,42,30,30,32,20,23,21,23,24,25,47,33,27,29,17,26,63,12,87,97,32,31,92,27,25,3,27,27,1,2006-07
2740,Andris Biedrins,Andris,1610612744,GSW,21.0,82,42,40,0.512,2382.1,348,581,0.599,0,0,0.0,87,167,0.521,251,511,762,88,119,67,136,69,304,188,783,120,2319.4,24,0,2039.0,2330.0,1,20,88,42,13,17,24,7,23,58,23,39,34,89,7,9,8,21,24,10,10,100,109,25,22,16,12,12,3,14,14,1,2006-07
1112,Ben Wallace,Ben,1610612741,CHI,32.0,77,45,32,0.584,2696.6483333333335,192,424,0.453,1,5,0.2,109,267,0.408,303,518,821,186,101,111,156,28,153,246,494,168,2458.2,12,0,2036.0,2488.0,24,16,71,33,4,40,35,71,15,18,17,33,17,102,2,8,5,7,33,1,7,75,58,15,39,12,10,22,3,15,12,1,2006-07
1802,Brad Miller,Brad,1610612758,SAC,31.0,63,26,37,0.413,1783.3,224,494,0.453,5,33,0.152,115,149,0.772,79,322,401,224,108,38,39,25,155,133,568,88,1508.2,3,1,1352.0,1648.0,50,51,80,68,31,35,28,70,10,8,20,30,35,20,59,30,36,2,31,33,47,68,60,38,32,23,32,45,1,33,29,1,2006-07
2217,Brendan Haywood,Brendan,1610612764,WAS,27.0,77,39,38,0.506,1739.9,198,355,0.558,0,0,0.0,115,210,0.548,195,282,477,47,90,34,88,33,208,185,511,61,1429.9,7,0,1279.0,1448.0,24,25,83,45,32,39,42,19,23,58,23,30,26,85,17,35,30,49,36,37,23,80,76,26,37,27,34,29,3,34,34,1,2006-07
2243,Brian Scalabrine,Brian,1610612738,BOS,29.0,54,19,35,0.352,1026.6233333333332,77,191,0.403,44,110,0.4,18,23,0.783,24,81,105,59,44,23,18,4,130,33,216,-75,509.5,0,0,506.0,562.0,58,65,76,86,59,65,61,87,5,5,7,71,79,14,78,70,73,43,57,50,70,23,50,73,62,82,66,65,3,64,64,1,2006-07
1730,Brian Skinner,Brian,1610612749,MIL,31.0,67,22,45,0.328,1522.605,124,253,0.49,0,0,0.0,46,79,0.582,106,279,385,58,75,18,64,25,195,75,294,-120,1014.0,2,0,901.0,1041.0,43,61,99,93,40,53,55,47,23,58,23,59,57,79,42,36,38,44,42,58,31,68,71,57,55,94,49,51,3,50,48,1,2006-07
1916,Calvin Booth,Calvin,1610612764,WAS,31.0,44,22,22,0.5,379.57666666666665,31,66,0.47,1,2,0.5,6,10,0.6,27,54,81,18,9,4,29,2,71,21,69,42,283.2,1,0,235.0,285.0,66,61,43,46,76,75,78,61,15,26,3,94,92,70,76,76,77,65,91,87,55,12,37,82,80,30,74,54,3,74,74,1,2006-07
2430,Carlos Boozer,Carlos,1610612762,UTA,25.0,74,45,29,0.608,2556.741666666667,647,1154,0.561,0,0,0.0,255,372,0.685,235,632,867,221,194,70,21,91,217,274,1549,163,2999.9,53,0,2819.0,3131.0,32,16,60,27,7,1,1,17,23,58,23,10,10,41,11,4,3,4,6,7,68,105,83,10,4,13,4,2,3,4,4,1,2006-07
2549,Chris Kaman,Chris,1610612746,LAC,25.0,75,38,37,0.507,2175.8083333333334,294,652,0.451,0,1,0.0,166,224,0.741,160,428,588,79,147,41,116,44,251,184,754,-175,1902.1,14,0,1735.0,1971.0,28,28,80,44,20,23,19,72,23,36,23,17,22,29,24,16,17,27,13,27,15,89,98,27,25,101,22,20,3,23,21,1,2006-07
185,Chris Webber,Chris,1610612765,DET,34.0,43,30,13,0.698,1276.7266666666667,200,409,0.489,2,6,0.333,84,132,0.636,87,201,288,127,74,42,26,17,107,93,486,110,1152.1,7,0,1039.0,1232.0,67,45,22,12,49,37,38,48,13,16,12,42,41,59,50,49,51,11,43,26,59,54,47,49,41,18,44,29,3,42,41,1,2006-07
361,Clifford Robinson,Clifford,1610612751,NJN,40.0,50,27,23,0.54,955.2866666666666,81,218,0.372,25,66,0.379,16,36,0.444,31,91,122,51,30,12,23,7,98,45,203,-227,500.9,0,0,471.0,532.0,62,50,48,40,60,64,60,90,7,7,9,78,71,97,75,68,71,47,69,63,66,36,43,66,64,105,67,65,3,67,67,1,2006-07
2788,DJ Mbenga,DJ,1610612742,DAL,26.0,21,18,3,0.857,78.585,5,16,0.313,0,0,0.0,7,8,0.875,3,8,11,6,5,3,5,1,17,4,17,-19,58.2,0,0,50.0,64.0,93,72,7,1,101,100,99,100,23,58,23,91,96,6,101,100,100,82,98,91,89,5,13,101,99,59,100,65,3,100,99,1,2006-07
905,Dale Davis,Dale,1610612765,DET,38.0,46,32,14,0.696,464.0966666666667,33,74,0.446,0,0,0.0,17,26,0.654,59,78,137,12,15,10,34,3,59,21,83,50,382.4,1,0,320.0,376.0,65,35,24,13,73,73,75,75,23,58,23,74,77,52,65,71,69,71,81,69,53,18,34,82,75,29,72,54,3,72,72,1,2006-07
2429,Dan Gadzuric,Dan,1610612749,MIL,29.0,54,19,35,0.352,840.2816666666666,108,228,0.474,0,1,0.0,42,90,0.467,94,152,246,29,49,22,32,16,141,80,258,-105,709.7,4,0,641.0,724.0,58,65,76,86,63,58,58,56,23,36,23,61,51,95,45,59,56,58,55,52,54,50,55,55,59,90,61,41,3,61,61,1,2006-07
1504,Danny Fortson,Danny,1610612760,SEA,31.0,14,6,8,0.429,158.03833333333333,15,30,0.5,0,1,0.0,10,13,0.769,13,30,43,1,15,1,0,4,38,18,40,-7,81.1,0,0,86.0,88.0,96,95,14,63,91,90,92,42,23,36,23,83,88,21,89,86,88,97,81,101,103,23,23,85,89,50,94,65,3,93,94,1,2006-07
2545,Darko Milicic,Darko,1610612753,ORL,22.0,80,38,42,0.475,1913.0516666666667,249,548,0.454,0,1,0.0,141,230,0.613,145,292,437,90,124,44,140,38,219,183,639,-1,1726.4,6,0,1534.0,1808.0,14,28,93,52,28,29,25,69,23,36,23,26,21,67,30,34,34,20,21,24,9,83,84,28,30,46,25,34,3,26,25,1,2006-07
2758,David Harrison,David,1610612754,IND,24.0,24,8,16,0.333,190.06,30,58,0.517,0,0,0.0,11,22,0.5,9,33,42,6,26,5,12,7,47,28,71,-44,155.4,0,0,153.0,176.0,88,87,28,89,86,76,81,34,23,58,23,80,80,91,96,84,89,82,72,85,76,36,28,75,79,75,82,65,3,81,81,1,2006-07
2205,DeSagana Diop,DeSagana,1610612742,DAL,25.0,81,66,15,0.815,1479.7633333333333,71,151,0.47,0,1,0.0,48,86,0.558,166,272,438,30,63,40,113,21,244,70,190,88,1156.6,1,0,964.0,1147.0,9,1,25,4,42,67,67,60,23,36,23,58,53,82,21,38,33,56,50,28,16,60,94,61,66,23,41,54,3,46,45,1,2006-07
87,Dikembe Mutombo,Dikembe,1610612745,HOU,41.0,75,49,26,0.653,1288.7616666666668,85,153,0.556,0,0,0.0,60,87,0.69,164,324,488,13,38,22,76,10,156,86,230,104,1091.1,3,0,927.0,1038.0,28,9,55,19,48,61,66,21,23,58,23,49,52,39,22,29,28,69,63,52,26,43,61,52,61,19,46,45,3,47,49,1,2006-07
2400,Drew Gooden,Drew,1610612739,CLE,25.0,80,49,31,0.613,2237.9583333333335,371,784,0.473,1,6,0.167,142,199,0.714,263,418,681,88,115,70,28,50,210,174,885,0,2013.2,25,0,1851.0,2036.0,14,9,66,25,19,14,14,58,15,16,19,25,28,35,4,18,12,21,26,7,57,94,78,31,15,43,19,11,3,19,20,1,2006-07
101204,Dwayne Jones,Dwayne,1610612739,CLE,24.0,4,3,1,0.75,18.285,0,1,0.0,0,0,0.0,3,6,0.5,1,5,6,0,2,0,0,1,3,6,3,2,8.2,0,0,9.0,9.0,106,101,1,6,106,107,109,107,23,58,23,98,99,91,105,105,106,103,103,104,103,5,2,99,107,42,107,65,3,107,107,1,2006-07
2730,Dwight Howard,Dwight,1610612753,ORL,21.0,82,40,42,0.488,3023.42,526,873,0.603,1,2,0.5,390,666,0.586,283,725,1008,158,317,70,156,90,245,546,1443,96,3250.6,60,0,3062.0,3445.0,1,23,93,51,1,5,8,6,15,26,3,3,1,78,3,1,1,9,1,7,7,104,96,1,5,22,2,1,3,2,2,1,2006-07
2853,Earl Barron,Earl,1610612748,MIA,25.0,28,11,17,0.393,202.61166666666668,24,83,0.289,0,1,0.0,17,18,0.944,19,22,41,5,11,6,4,5,21,23,65,-19,140.7,0,0,131.0,146.0,81,83,31,74,85,82,71,103,23,36,23,74,84,3,83,92,90,86,87,78,91,32,17,79,82,59,85,65,3,84,84,1,2006-07
2201,Eddy Curry,Eddy,1610612752,NYK,24.0,81,32,49,0.395,2848.595,585,1016,0.576,1,1,1.0,405,659,0.615,195,376,571,68,295,34,40,93,265,524,1576,-199,2290.2,18,0,2364.0,2505.0,9,35,102,72,2,4,6,11,15,36,1,2,2,66,17,20,21,35,2,37,44,107,102,2,3,104,14,17,3,8,10,1,2006-07
2731,Emeka Okafor,Emeka,1610612766,CHA,24.0,67,29,38,0.433,2328.891666666667,394,740,0.532,0,0,0.0,175,295,0.593,258,499,757,80,111,57,172,66,210,227,963,-116,2567.4,39,0,2258.0,2567.0,43,47,83,62,16,12,15,31,23,58,23,14,12,76,5,11,9,26,30,14,5,97,78,19,12,93,7,5,3,11,8,1,2006-07
956,Erick Dampier,Erick,1610612742,DAL,31.0,76,64,12,0.842,1915.3366666666666,209,334,0.626,0,0,0.0,119,191,0.623,217,349,566,44,107,24,82,26,239,157,537,433,1493.2,8,0,1359.0,1509.0,27,2,20,2,27,36,44,3,23,58,23,29,33,61,14,26,22,53,32,47,25,71,91,34,35,3,33,26,3,32,33,1,2006-07
101212,Esteban Batista,Esteban,1610612737,ATL,23.0,13,4,9,0.308,81.21333333333334,8,16,0.5,0,0,0.0,4,7,0.571,7,23,30,4,4,3,0,2,13,9,20,-25,67.0,0,0,60.0,67.0,97,98,15,94,99,95,99,42,23,58,23,97,97,81,97,90,95,93,99,91,103,12,9,93,97,65,98,65,3,98,98,1,2006-07
2041,Etan Thomas,Etan,1610612764,WAS,29.0,65,29,36,0.446,1245.6866666666667,159,277,0.574,0,0,0.0,77,138,0.558,136,241,377,29,71,22,89,35,162,125,395,-39,1152.9,7,0,1023.0,1163.0,48,47,78,59,50,47,49,13,23,58,23,45,37,83,34,44,40,58,45,52,22,82,65,40,47,74,43,29,3,44,44,1,2006-07
101177,Fabricio Oberto,Fabricio,1610612759,SAS,32.0,79,57,22,0.722,1365.01,158,281,0.562,0,0,0.0,33,51,0.647,131,237,368,68,69,25,24,26,213,95,349,203,970.6,3,0,883.0,1000.0,21,5,43,11,45,48,48,16,23,58,23,66,64,55,36,45,42,35,47,45,62,71,80,48,49,9,51,45,3,51,52,1,2006-07
1922,Francisco Elson,Francisco,1610612759,SAS,31.0,70,51,19,0.729,1332.7066666666667,144,282,0.511,0,2,0.0,62,80,0.775,81,255,336,55,86,31,59,27,184,79,350,146,1019.7,1,0,921.0,1066.0,38,6,37,8,47,49,47,38,23,26,23,47,56,16,55,41,46,46,37,39,34,74,67,56,48,14,48,54,3,49,47,1,2006-07
200756,Hilton Armstrong,Hilton,1610612740,NOK,22.0,56,28,28,0.5,634.2066666666667,68,125,0.544,0,0,0.0,40,67,0.597,58,91,149,10,35,12,26,9,79,57,176,-18,448.8,0,0,411.0,459.0,55,49,57,46,70,68,69,27,23,58,23,62,62,74,67,68,68,73,66,63,59,41,39,65,67,58,70,65,3,70,70,1,2006-07
2866,Jackie Butler,Jackie,1610612759,SAS,22.0,11,8,3,0.727,102.95833333333333,16,35,0.457,0,0,0.0,9,10,0.9,6,16,22,5,10,2,0,2,16,8,41,-38,70.9,1,0,72.0,79.0,100,87,7,9,97,89,90,67,23,58,23,86,92,4,99,96,98,86,89,96,103,12,11,95,88,72,97,54,3,95,95,1,2006-07
2054,Jake Tsakalidis,Jake,1610612745,HOU,28.0,36,12,24,0.333,389.47,29,72,0.403,0,0,0.0,26,39,0.667,42,62,104,5,24,8,12,7,51,30,84,-29,252.3,0,0,233.0,258.0,76,81,53,89,75,77,76,88,23,58,23,69,70,48,72,73,74,86,73,74,76,36,31,74,73,67,75,65,3,75,75,2,2006-07
2063,Jake Voskuhl,Jake,1610612766,CHA,29.0,73,30,43,0.411,1043.19,121,255,0.475,0,0,0.0,77,113,0.681,84,172,256,44,56,30,24,18,199,98,319,-106,798.2,1,0,727.0,825.0,33,45,96,69,56,56,54,52,23,58,23,45,47,42,54,53,54,53,51,40,62,55,72,47,53,91,57,54,3,57,57,1,2006-07
2048,Jamaal Magloire,Jamaal,1610612757,POR,29.0,81,31,50,0.383,1703.2616666666668,199,395,0.504,0,0,0.0,131,242,0.541,151,341,492,30,129,21,66,43,226,236,529,-253,1296.4,6,0,1225.0,1342.0,9,41,105,77,35,38,41,40,23,58,23,27,18,87,27,28,27,56,16,56,29,87,87,17,36,108,37,34,3,36,36,1,2006-07
2441,Jamal Sampson,Jamal,1610612743,DEN,24.0,22,15,7,0.682,124.52,9,14,0.643,0,1,0.0,6,14,0.429,15,33,48,5,10,2,7,3,17,10,24,-12,106.1,0,0,95.0,109.0,92,75,12,14,92,94,101,1,23,36,23,94,87,100,85,84,83,86,89,96,86,18,13,91,93,51,91,65,3,91,92,1,2006-07
2591,James Lang,James,1610612764,WAS,23.0,11,7,4,0.636,54.61833333333333,4,9,0.444,0,0,0.0,3,5,0.6,5,6,11,2,2,0,3,2,14,4,11,0,34.2,0,0,30.0,35.0,100,93,9,21,102,103,103,77,23,58,23,98,101,70,100,102,100,96,103,104,93,12,10,101,103,43,101,65,3,101,101,1,2006-07
2876,Jared Reiner,Jared,1610612749,MIL,25.0,27,8,19,0.296,243.49666666666667,15,43,0.349,0,0,0.0,3,10,0.3,21,50,71,13,14,5,6,10,45,8,33,-72,156.7,0,0,139.0,163.0,84,87,37,96,82,90,87,96,23,58,23,98,92,106,80,78,78,69,84,85,88,43,27,95,91,81,81,65,3,82,82,1,2006-07
2260,Jarron Collins,Jarron,1610612762,UTA,28.0,82,51,31,0.622,913.28,75,170,0.441,0,0,0.0,54,83,0.651,71,100,171,60,37,13,8,18,147,113,204,103,525.2,0,0,477.0,558.0,1,6,66,23,61,66,65,78,23,58,23,55,54,53,62,67,65,42,65,61,82,55,57,42,63,20,65,65,3,66,65,1,2006-07
2215,Jason Collins,Jason,1610612751,NJN,28.0,80,40,40,0.5,1843.725,55,151,0.364,0,2,0.0,59,127,0.465,90,226,316,46,73,40,38,21,273,151,169,71,778.2,0,0,687.0,811.0,14,23,88,46,29,69,67,92,23,26,23,51,42,96,47,46,48,50,44,28,48,60,105,35,69,26,58,65,3,59,58,1,2006-07
1902,Jeff Foster,Jeff,1610612754,IND,30.0,75,32,43,0.427,1739.7533333333333,122,260,0.469,0,1,0.0,78,122,0.639,253,356,609,57,70,62,37,25,202,134,322,-68,1365.3,1,0,1186.0,1342.0,28,35,96,66,33,54,52,62,23,36,23,44,43,57,6,23,15,45,46,12,50,68,73,37,52,79,35,54,3,38,36,1,2006-07
979,Jermaine O'Neal,Jermaine,1610612754,IND,28.0,69,32,37,0.464,2458.7933333333335,498,1141,0.436,0,7,0.0,343,447,0.767,153,508,661,167,203,50,182,100,232,419,1339,10,2875.7,34,0,2631.0,3030.0,40,35,80,55,11,6,2,79,23,15,23,6,5,23,26,10,14,8,5,16,3,109,88,5,7,37,6,7,3,5,5,1,2006-07
1744,Jerome James,Jerome,1610612752,NYK,31.0,41,19,22,0.463,272.96,33,79,0.418,0,0,0.0,10,18,0.556,21,45,66,3,23,6,15,7,73,15,76,-70,199.7,0,0,187.0,211.0,71,65,43,56,79,73,73,83,23,58,23,83,84,84,80,79,79,94,74,78,71,36,38,87,76,80,78,65,3,79,79,1,2006-07
2038,Joel Przybilla,Joel,1610612757,POR,27.0,43,19,24,0.442,700.68,37,78,0.474,0,0,0.0,10,27,0.37,59,109,168,12,40,10,67,16,124,42,84,-32,494.6,0,0,418.0,507.0,67,65,53,61,67,72,74,53,23,58,23,83,76,103,65,65,66,71,61,69,28,50,48,69,73,70,68,65,3,69,68,1,2006-07
101130,Johan Petro,Johan,1610612760,SEA,21.0,81,31,50,0.383,1510.0133333333333,226,438,0.516,0,0,0.0,50,77,0.649,92,243,335,45,82,39,47,13,237,71,502,-229,1147.5,3,0,1054.0,1185.0,9,41,105,77,41,34,33,36,23,58,23,56,59,54,46,43,47,52,39,31,42,47,90,59,38,106,45,45,3,41,43,1,2006-07
200767,Josh Boone,Josh,1610612751,NJN,22.0,61,33,28,0.541,668.6683333333333,99,171,0.579,0,0,0.0,56,103,0.544,64,112,176,10,33,11,21,16,94,72,254,15,543.2,1,0,504.0,546.0,52,33,57,39,69,59,64,10,23,58,23,53,49,86,63,63,63,73,68,66,68,50,41,58,60,36,64,54,3,65,66,1,2006-07
1509,Kelvin Cato,Kelvin,1610612752,NYK,32.0,18,8,10,0.444,95.415,7,22,0.318,0,0,0.0,8,12,0.667,12,19,31,0,6,3,10,2,10,8,22,-22,92.2,0,0,79.0,92.0,94,87,17,60,98,98,96,99,23,58,23,88,91,48,91,94,92,103,96,91,80,12,7,95,96,64,93,65,3,94,93,1,2006-07
2570,Kendrick Perkins,Kendrick,1610612738,BOS,22.0,72,19,53,0.264,1576.3583333333333,132,269,0.491,0,3,0.0,60,100,0.6,113,259,372,94,113,23,96,24,214,91,324,-124,1155.4,5,0,1028.0,1241.0,35,65,109,101,38,51,51,46,23,21,23,49,50,70,41,39,41,17,28,50,20,65,81,50,51,95,42,37,3,43,40,1,2006-07
788,Kevin Willis,Kevin,1610612742,DAL,44.0,5,3,2,0.6,42.6,5,13,0.385,0,0,0.0,2,2,1.0,2,6,8,1,2,2,1,0,11,2,12,6,30.1,0,0,27.0,31.0,103,101,4,30,105,100,102,89,23,58,23,102,105,1,102,102,103,97,103,96,97,1,8,106,102,39,102,65,3,102,102,1,2006-07
703,Kurt Thomas,Kurt,1610612756,PHX,34.0,67,51,16,0.761,1208.42,126,259,0.486,0,1,0.0,56,71,0.789,86,293,379,24,35,24,29,14,156,87,308,248,922.8,3,0,817.0,894.0,43,6,28,5,51,52,53,49,23,36,23,53,60,10,51,33,39,60,66,47,55,48,61,51,54,6,54,45,3,54,56,1,2006-07
2198,Kwame Brown,Kwame,1610612747,LAL,25.0,41,24,17,0.585,1131.5366666666666,143,242,0.591,0,1,0.0,59,134,0.44,81,163,244,75,76,39,49,26,124,139,345,73,938.3,4,0,840.0,1003.0,71,56,31,32,54,50,57,8,23,36,23,51,39,98,55,56,57,31,41,31,41,71,48,36,50,25,53,41,3,53,51,1,2006-07
200746,LaMarcus Aldridge,LaMarcus,1610612757,POR,21.0,63,24,39,0.381,1391.7566666666667,241,479,0.503,0,2,0.0,83,115,0.722,144,168,312,24,43,22,73,22,186,101,565,-58,1217.4,6,0,1091.0,1210.0,50,56,85,79,44,31,29,41,23,26,23,43,46,33,32,54,49,60,59,52,27,63,68,45,33,78,40,34,3,40,42,1,2006-07
953,Lorenzen Wright,Lorenzen,1610612737,ATL,31.0,67,23,44,0.343,1035.4533333333334,82,183,0.448,0,0,0.0,9,32,0.281,85,131,216,40,39,28,28,20,204,44,173,-138,621.2,0,0,541.0,637.0,43,59,98,88,57,62,62,73,23,58,23,86,72,107,52,61,61,55,62,43,57,58,75,68,68,99,62,65,3,63,62,1,2006-07
101195,Luke Schenscher,Luke,1610612757,POR,25.0,11,4,7,0.364,118.03,7,23,0.304,0,0,0.0,5,7,0.714,10,15,25,1,4,2,4,4,25,7,19,-2,64.5,0,0,57.0,64.0,100,98,12,84,94,98,95,102,23,58,23,96,97,34,94,98,97,97,99,96,91,23,18,98,98,47,99,65,3,99,99,1,2006-07
948,Marcus Camby,Marcus,1610612743,DEN,33.0,70,39,31,0.557,2368.835,312,659,0.473,0,2,0.0,161,221,0.729,164,652,816,223,122,87,231,24,183,178,785,113,2930.7,32,0,2460.0,3001.0,38,25,66,37,15,20,16,57,23,26,23,19,24,30,22,2,6,3,23,2,1,65,66,30,21,17,5,10,3,6,6,1,2006-07
1548,Mark Blount,Mark,1610612750,MIN,31.0,82,32,50,0.39,2544.3166666666666,427,839,0.509,9,31,0.29,147,195,0.754,136,369,505,67,159,43,58,47,239,191,1010,-293,1860.5,8,0,1793.0,1952.0,1,35,105,75,8,10,11,39,8,9,14,23,30,25,34,21,25,37,11,25,36,92,91,24,11,109,23,26,3,20,23,1,2006-07
2058,Mark Madsen,Mark,1610612750,MIN,31.0,56,24,32,0.429,473.315,23,43,0.535,0,0,0.0,15,29,0.517,35,52,87,10,21,10,10,4,100,42,61,-15,219.4,0,0,198.0,228.0,55,56,71,63,72,83,87,30,23,58,23,79,73,90,73,77,75,73,76,69,80,23,44,69,84,55,77,65,3,77,77,1,2006-07
1508,Maurice Taylor,Maurice,1610612758,SAC,30.0,12,3,9,0.25,103.26333333333334,8,28,0.286,0,0,0.0,8,13,0.615,10,18,28,5,6,4,1,5,16,9,24,29,74.1,0,0,67.0,77.0,99,101,15,102,96,95,93,104,23,58,23,88,88,64,94,95,96,86,96,87,97,32,11,93,93,33,96,65,3,97,96,1,2006-07
2246,Mehmet Okur,Mehmet,1610612762,UTA,28.0,80,49,31,0.613,2664.4466666666667,490,1061,0.462,129,336,0.384,296,387,0.765,160,419,579,156,125,36,38,39,257,286,1405,38,2430.8,21,0,2417.0,2518.0,14,9,66,25,6,7,4,65,1,1,8,8,8,24,24,17,20,10,20,36,48,84,99,9,6,32,11,14,3,7,9,1,2006-07
2408,Melvin Ely,Melvin,1610612759,SAS,29.0,30,7,23,0.233,308.7,29,80,0.363,0,0,0.0,31,47,0.66,15,38,53,18,28,6,8,9,51,41,89,-94,193.6,0,0,188.0,220.0,79,93,48,105,78,77,72,93,23,58,23,68,66,51,85,81,82,65,71,78,82,41,31,71,72,86,79,65,3,78,78,2,2006-07
1720,Michael Doleac,Michael,1610612748,MIA,30.0,56,26,30,0.464,698.355,82,175,0.469,0,1,0.0,36,41,0.878,44,111,155,22,30,18,15,11,96,36,200,-75,488.0,1,0,443.0,498.0,55,51,63,54,68,62,63,63,23,36,23,64,68,5,71,64,67,63,69,58,71,45,42,72,65,82,69,54,3,68,69,1,2006-07
1709,Michael Olowokandi,Michael,1610612738,BOS,32.0,24,5,19,0.208,233.59166666666667,19,46,0.413,0,0,0.0,2,3,0.667,14,34,48,5,17,8,13,4,48,6,40,-31,151.1,0,0,135.0,161.0,88,96,37,107,83,87,86,85,23,58,23,102,104,48,88,83,83,86,78,74,75,23,29,99,89,69,83,65,3,83,83,1,2006-07
1913,Michael Ruffin,Michael,1610612764,WAS,30.0,30,12,18,0.4,270.49833333333333,5,18,0.278,0,0,0.0,7,19,0.368,35,27,62,6,12,6,8,1,43,17,17,-99,130.4,0,0,113.0,133.0,79,81,35,70,80,100,97,105,23,58,23,91,83,104,73,88,81,82,85,78,82,5,26,86,99,87,88,65,3,90,87,1,2006-07
1630,Mikki Moore,Mikki,1610612751,NJN,31.0,79,39,40,0.494,2081.5216666666665,308,506,0.609,0,1,0.0,160,235,0.681,145,258,403,74,113,46,60,44,261,235,776,8,1575.6,2,0,1465.0,1645.0,21,25,88,50,23,22,27,5,23,36,23,20,19,44,30,40,35,33,28,22,33,89,101,18,24,38,30,51,3,29,30,1,2006-07
101148,Mile Ilic,Mile,1610612751,NJN,23.0,5,3,2,0.6,5.87,0,3,0.0,0,0,0.0,0,0,0.0,0,1,1,0,3,0,0,1,1,0,0,-17,-1.8,0,0,1.0,1.0,103,101,4,30,109,107,107,107,23,58,23,108,108,108,107,109,109,103,102,104,103,5,1,108,108,57,109,65,3,109,109,1,2006-07
200754,Mouhamed Sene,Mouhamed,1610612760,SEA,21.0,28,5,23,0.179,169.45333333333335,18,49,0.367,0,0,0.0,17,29,0.586,16,29,45,0,11,3,12,3,33,20,53,-49,141.0,0,0,128.0,143.0,81,96,48,109,89,88,85,91,23,58,23,74,73,77,84,87,86,103,87,91,76,18,22,84,86,76,84,65,3,85,85,1,2006-07
1737,Nazr Mohammed,Nazr,1610612765,DET,29.0,51,34,17,0.667,773.3783333333333,118,222,0.532,0,0,0.0,50,82,0.61,89,140,229,9,43,27,40,12,133,66,286,-33,732.3,2,0,658.0,734.0,61,31,31,15,66,57,59,32,23,58,23,56,55,68,49,60,59,78,59,44,44,46,51,63,57,71,60,51,3,60,60,1,2006-07
2420,Nenad Krstic,Nenad,1610612751,NJN,23.0,26,11,15,0.423,848.3916666666667,170,323,0.526,0,1,0.0,86,121,0.711,51,125,176,46,52,10,24,32,88,101,426,4,756.2,5,0,716.0,796.0,86,83,25,67,62,43,46,33,23,36,23,40,45,36,68,62,63,50,54,69,62,78,40,45,44,40,59,37,3,58,59,1,2006-07
2403,Nene,ene,1610612743,DEN,24.0,64,33,31,0.516,1715.015,294,516,0.57,0,1,0.0,195,283,0.689,150,299,449,77,127,62,59,42,209,226,783,122,1673.3,12,0,1551.0,1749.0,49,33,66,41,34,23,26,14,23,36,23,12,15,40,28,32,32,29,18,12,34,86,77,20,22,15,26,22,3,25,26,1,2006-07
2555,Nick Collison,Nick,1610612760,SEA,26.0,82,31,51,0.378,2378.14,318,636,0.5,0,2,0.0,154,199,0.774,229,437,666,82,123,48,66,67,289,194,790,-103,1931.2,18,0,1766.0,1962.0,1,41,108,82,14,19,20,42,23,26,23,22,28,17,12,14,13,25,22,18,29,98,107,22,20,89,20,17,3,21,22,1,2006-07
970,Othella Harrington,Othella,1610612766,CHA,33.0,26,8,18,0.308,220.29333333333332,25,56,0.446,0,0,0.0,17,22,0.773,13,25,38,6,15,1,1,5,49,23,67,-38,112.6,0,0,115.0,123.0,86,87,35,94,84,81,82,74,23,58,23,74,80,18,89,89,91,82,81,101,97,32,30,79,81,72,90,65,3,89,90,1,2006-07
136,P.J. Brown,P.J.,1610612741,CHI,37.0,72,42,30,0.583,1455.8366666666666,170,418,0.407,0,2,0.0,96,122,0.787,129,218,347,48,85,24,52,50,187,112,436,193,1067.4,3,0,983.0,1107.0,35,20,63,34,43,43,37,86,23,26,23,37,43,12,37,48,45,48,38,47,38,94,69,44,43,10,47,45,3,45,46,1,2006-07
2469,Pat Burke,Pat,1610612756,PHX,33.0,23,19,4,0.826,163.85666666666665,23,65,0.354,6,22,0.273,8,13,0.615,12,35,47,5,7,3,2,4,19,14,60,-30,131.9,0,0,128.0,132.0,91,65,9,3,90,83,79,95,9,10,15,88,88,64,91,82,85,86,95,91,95,23,15,88,85,68,87,65,3,85,88,1,2006-07
200753,Patrick O'Bryant,Patrick,1610612744,GSW,21.0,16,4,12,0.25,118.75,10,32,0.313,0,0,0.0,11,17,0.647,7,14,21,9,8,6,8,0,26,11,31,18,103.7,0,0,89.0,112.0,95,98,20,102,93,93,91,100,23,58,23,80,86,55,97,99,99,78,93,78,82,1,19,90,92,34,92,65,3,92,91,1,2006-07
2200,Pau Gasol,Pau,1610612763,MEM,26.0,59,17,42,0.288,2132.508333333333,462,858,0.538,3,11,0.273,299,400,0.748,149,432,581,201,162,29,126,75,137,352,1226,-241,2527.7,33,1,2321.0,2674.0,53,73,93,99,21,8,9,29,11,12,15,7,7,27,29,15,19,5,8,42,13,102,53,6,8,107,8,9,1,9,7,1,2006-07
200781,Paul Davis,Paul,1610612746,LAC,22.0,31,14,17,0.452,179.83166666666668,22,52,0.423,0,0,0.0,7,10,0.7,21,23,44,7,8,6,5,3,28,12,51,-15,139.3,0,0,124.0,142.0,78,78,31,58,88,85,84,81,23,58,23,91,92,38,80,90,87,80,93,78,89,18,21,89,87,55,86,65,3,87,86,1,2006-07
2056,Primoz Brezec,Primoz,1610612766,CHA,27.0,58,22,36,0.379,838.3616666666667,122,274,0.445,1,3,0.333,43,68,0.632,80,104,184,23,38,11,23,23,161,65,288,-128,607.3,1,0,564.0,620.0,54,61,78,80,64,54,50,76,15,21,12,60,61,60,57,66,62,62,63,66,66,64,64,64,56,97,63,54,3,62,63,1,2006-07
2737,Rafael Araujo,Rafael,1610612762,UTA,26.0,28,17,11,0.607,247.49333333333334,27,65,0.415,0,0,0.0,18,29,0.621,22,44,66,10,17,6,2,7,39,22,72,57,173.2,0,0,164.0,182.0,81,73,19,28,81,80,79,84,23,58,23,71,73,62,79,80,79,73,78,78,95,36,24,81,78,28,80,65,3,80,80,1,2006-07
201043,Randolph Morris,Randolph,1610612752,NYK,21.0,5,1,4,0.2,43.65,1,6,0.167,0,0,0.0,2,6,0.333,1,8,9,1,2,2,1,0,4,4,4,-12,23.3,0,0,20.0,24.0,103,107,9,108,104,105,104,106,23,58,23,102,99,105,105,100,102,97,103,96,97,1,4,101,106,51,104,65,3,104,104,1,2006-07
739,Rasheed Wallace,Rasheed,1610612765,DET,32.0,75,48,27,0.64,2418.9533333333334,357,843,0.423,104,296,0.351,108,137,0.788,90,453,543,127,94,75,118,19,225,131,926,221,2253.1,12,0,2086.0,2302.0,28,13,56,20,12,15,10,80,2,2,10,34,38,11,47,13,24,11,35,6,14,57,86,39,13,8,15,22,3,13,15,1,2006-07
1725,Rasho Nesterovic,Rasho,1610612761,TOR,31.0,80,46,34,0.575,1676.295,230,421,0.546,0,1,0.0,34,50,0.68,115,245,360,74,56,37,84,21,193,81,494,103,1344.0,0,0,1170.0,1365.0,14,15,74,35,36,33,36,26,23,36,23,65,65,46,40,42,43,33,51,34,24,60,70,54,39,20,36,65,3,39,35,1,2006-07
109,Robert Horry,Robert,1610612759,SAS,36.0,68,45,23,0.662,1124.055,90,251,0.359,50,149,0.336,38,64,0.594,73,156,229,77,44,45,41,4,105,71,268,185,872.3,0,0,796.0,909.0,42,16,48,18,55,60,56,94,4,4,11,63,63,75,60,58,59,29,57,23,43,23,46,59,58,11,55,65,3,56,55,1,2006-07
200797,Ryan Hollins,Ryan,1610612766,CHA,22.0,27,8,19,0.296,185.265,20,36,0.556,0,0,0.0,24,40,0.6,11,20,31,1,16,4,7,4,40,26,64,-92,119.7,0,0,118.0,130.0,84,87,37,96,87,86,89,21,23,58,23,70,69,70,93,93,92,97,80,87,86,23,25,77,83,85,89,65,3,88,89,1,2006-07
2223,Samuel Dalembert,Samuel,1610612755,PHI,27.0,82,35,47,0.427,2534.6633333333334,356,658,0.541,0,2,0.0,167,224,0.746,239,494,733,64,161,47,159,32,287,192,879,-19,2311.6,23,0,2088.0,2358.0,1,30,101,65,9,16,17,28,23,26,23,16,22,28,9,12,11,41,10,21,6,78,106,23,16,59,13,13,3,12,13,1,2006-07
1513,Scot Pollard,Scot,1610612739,CLE,32.0,24,11,13,0.458,108.76333333333334,11,26,0.423,0,0,0.0,2,4,0.5,15,16,31,3,4,4,1,2,27,10,24,-4,76.7,0,0,68.0,76.0,88,83,22,57,95,92,94,81,23,58,23,102,102,91,85,96,92,94,99,87,97,12,20,91,93,48,95,65,3,96,97,1,2006-07
1752,Sean Marks,Sean,1610612756,PHX,31.0,3,2,1,0.667,17.2,2,6,0.333,0,1,0.0,2,2,1.0,0,3,3,0,0,0,1,1,4,1,6,-12,12.6,0,0,11.0,12.0,107,106,1,15,107,104,104,97,23,36,23,102,105,1,107,107,107,103,109,104,97,5,4,107,104,51,106,65,3,106,106,1,2006-07
101118,Sean May,Sean,1610612766,CHA,23.0,35,13,22,0.371,837.98,164,328,0.5,2,3,0.667,86,112,0.768,73,160,233,66,56,19,24,20,100,83,416,3,867.6,7,0,803.0,910.0,77,80,43,83,65,45,45,42,13,21,2,40,48,22,60,57,58,38,51,57,62,58,44,53,46,41,56,29,3,55,54,1,2006-07
406,Shaquille O'Neal,Shaquille,1610612748,MIA,35.0,40,25,15,0.625,1134.5833333333333,283,479,0.591,0,0,0.0,124,294,0.422,97,200,297,79,95,8,55,15,139,261,690,40,1258.9,8,0,1192.0,1334.0,73,54,25,22,53,27,29,9,23,58,23,28,14,101,44,50,50,27,34,74,37,49,54,13,27,31,39,26,3,37,39,1,2006-07
949,Shareef Abdur-Rahim,Shareef,1610612758,SAC,30.0,80,31,49,0.388,2014.6666666666667,310,654,0.474,3,20,0.15,170,234,0.726,122,276,398,109,116,53,40,68,243,179,793,-187,1597.1,4,0,1489.0,1688.0,14,41,102,76,25,21,18,54,11,11,21,15,20,31,39,37,37,14,25,15,44,99,93,29,19,102,29,41,3,28,28,1,2006-07
2031,Stromile Swift,Stromile,1610612763,MEM,27.0,54,15,39,0.278,1029.2333333333333,161,346,0.465,0,5,0.0,97,134,0.724,85,165,250,17,69,30,62,28,146,113,419,-198,951.5,4,0,870.0,979.0,58,75,85,100,58,46,43,64,23,18,23,36,39,32,52,55,55,68,47,40,32,75,56,42,45,103,52,41,3,52,53,1,2006-07
689,Theo Ratliff,Theo,1610612738,BOS,34.0,2,1,1,0.5,43.68333333333333,1,3,0.333,0,0,0.0,3,4,0.75,2,5,7,0,1,1,3,0,6,4,5,-20,24.4,0,0,20.0,24.0,109,107,1,46,103,105,107,97,23,58,23,98,102,26,102,105,105,103,108,101,93,1,6,101,105,62,103,65,3,104,104,1,2006-07
1495,Tim Duncan,Tim,1610612759,SAS,31.0,80,58,22,0.725,2725.9333333333334,618,1131,0.546,1,9,0.111,362,568,0.637,213,633,846,273,224,66,190,93,203,470,1599,748,3567.7,45,0,3231.0,3759.0,14,4,43,10,3,2,3,25,15,13,22,4,4,58,15,3,4,1,4,11,2,107,74,3,2,1,1,4,3,1,1,1,2006-07
2211,Troy Murphy,Troy,1610612754,IND,27.0,42,14,28,0.333,1184.705,185,401,0.461,36,88,0.409,61,79,0.772,63,194,257,66,49,25,25,16,133,70,467,-127,975.4,5,0,926.0,1006.0,69,78,57,89,52,42,39,66,6,6,6,48,57,19,64,51,53,38,55,45,61,50,51,61,42,96,50,37,3,48,50,1,2006-07
2199,Tyson Chandler,Tyson,1610612740,NOK,24.0,73,34,39,0.466,2525.1366666666668,292,468,0.624,0,1,0.0,106,201,0.527,320,584,904,66,126,37,129,24,244,204,690,-20,2245.8,34,0,1992.0,2224.0,33,31,85,53,10,25,31,4,23,36,23,35,27,88,1,5,2,38,19,34,11,65,94,21,27,62,16,7,3,16,16,1,2006-07
958,Vitaly Potapenko,Vitaly,1610612758,SAC,32.0,3,1,2,0.333,12.883333333333333,0,4,0.0,0,0,0.0,0,0,0.0,0,2,2,0,2,0,0,1,3,0,0,-5,0.4,0,0,2.0,2.0,107,107,4,89,108,107,106,107,23,58,23,108,108,108,107,108,108,103,103,104,103,5,2,108,108,49,108,65,3,108,108,1,2006-07
2397,Yao Ming,ao Ming,1610612745,HOU,26.0,48,32,16,0.667,1623.72,423,819,0.516,0,2,0.0,356,413,0.862,101,351,452,94,167,17,94,64,159,332,1202,296,2051.4,20,0,1970.0,2175.0,63,35,28,15,37,11,12,35,23,26,23,5,6,7,43,25,31,17,7,60,21,96,63,7,9,4,18,15,3,17,18,1,2006-07
2585,Zaza Pachulia,Zaza,1610612737,ATL,23.0,72,26,46,0.361,2025.445,291,614,0.474,0,1,0.0,293,373,0.786,199,301,500,106,162,77,36,70,267,274,875,-100,1811.0,13,0,1707.0,1926.0,35,51,100,85,24,26,22,55,23,36,23,9,9,13,16,31,26,15,8,4,51,101,103,10,17,88,24,21,3,24,24,1,2006-07
980,Zydrunas Ilgauskas,Zydrunas,1610612739,CLE,32.0,78,48,30,0.615,2129.7233333333334,385,793,0.485,0,1,0.0,155,192,0.807,242,357,599,123,141,48,98,33,257,165,925,254,2125.3,17,0,1939.0,2208.0,23,13,63,24,22,13,13,50,23,36,23,21,32,9,8,22,16,13,14,18,19,80,99,32,14,5,17,19,3,18,17,1,2006-07
201189,Aaron Gray,Aaron,1610612741,CHI,23.0,61,23,38,0.377,612.9966666666667,103,204,0.505,0,1,0.0,56,99,0.566,70,98,168,41,57,21,16,30,117,78,262,-21,579.1,2,0,545.0,623.0,58,63,88,89,73,60,62,43,23,45,23,54,51,85,56,69,69,52,54,54,79,82,60,59,60,64,64,50,2,63,63,1,2007-08
1425,Aaron Williams,Aaron,1610612746,LAC,36.0,30,9,21,0.3,296.9583333333333,27,55,0.491,0,0,0.0,14,18,0.778,15,46,61,9,13,12,15,5,44,22,68,-99,222.7,0,0,192.0,228.0,85,90,48,97,86,88,90,51,23,66,23,89,92,15,93,87,90,87,88,71,81,32,31,86,88,94,88,71,2,88,88,1,2007-08
1502,Adonal Foyle,Adonal,1610612753,ORL,33.0,82,52,30,0.634,773.7616666666667,70,153,0.458,0,0,0.0,16,34,0.471,71,137,208,18,32,16,45,22,94,40,156,-17,583.6,0,0,504.0,583.0,1,11,69,32,65,68,68,77,23,66,23,86,82,103,55,61,58,72,71,62,44,64,49,79,70,62,63,71,2,66,66,1,2007-08
1733,Al Harrington,Al,1610612744,GSW,28.0,81,48,33,0.593,2190.3016666666667,401,923,0.434,153,408,0.375,147,190,0.774,107,332,439,132,90,74,16,40,266,179,1102,157,2006.8,7,0,2006.0,2075.0,12,14,74,37,22,11,6,87,1,1,5,24,28,16,45,29,35,10,31,4,79,91,112,22,10,17,22,31,2,18,20,1,2007-08
201143,Al Horford,Al,1610612737,ATL,22.0,81,37,44,0.457,2539.8866666666668,333,668,0.499,0,5,0.0,155,212,0.731,248,537,785,124,137,60,76,49,267,177,821,-114,2220.0,25,0,2002.0,2262.0,12,32,106,70,11,20,19,48,23,22,23,21,23,31,11,10,8,14,13,14,29,101,113,24,22,98,17,16,2,19,17,1,2007-08
2744,Al Jefferson,Al,1610612750,MIN,23.0,82,22,60,0.268,2918.7683333333334,721,1441,0.5,0,5,0.0,284,394,0.721,308,603,911,117,167,74,119,122,222,320,1726,-549,3406.7,55,0,3140.0,3450.0,1,65,118,102,2,1,1,46,23,22,23,6,5,34,2,6,4,17,7,4,12,118,96,6,2,118,3,2,2,3,3,1,2007-08
297,Alonzo Mourning,Alonzo,1610612748,MIA,38.0,25,7,18,0.28,389.39666666666665,52,95,0.547,0,0,0.0,45,76,0.592,34,59,93,7,25,4,42,9,56,61,149,-25,384.1,1,0,341.0,394.0,87,97,39,100,82,72,74,22,23,66,23,61,60,78,78,79,79,89,75,91,45,43,38,67,71,69,76,58,2,76,76,1,2007-08
2405,Amar'e Stoudemire,Amar'e,1610612756,PHX,25.0,79,53,26,0.671,2676.7916666666665,714,1211,0.59,5,31,0.161,556,691,0.805,178,541,719,118,174,64,163,76,294,489,1989,418,3535.8,36,0,3285.0,3625.0,15,9,60,21,8,2,2,14,14,13,20,1,2,10,21,8,12,16,5,10,4,115,117,2,1,6,2,7,2,2,2,1,2007-08
2760,Anderson Varejao,Anderson,1610612739,CLE,25.0,48,28,20,0.583,1319.4466666666667,136,295,0.461,0,2,0.0,49,82,0.598,134,265,399,53,59,37,26,25,134,114,321,75,1009.3,6,0,899.0,1015.0,70,52,46,38,48,54,54,73,23,38,23,58,57,75,35,40,40,46,50,27,60,73,68,45,58,25,53,33,2,52,53,1,2007-08
200745,Andrea Bargnani,Andrea,1610612761,TOR,22.0,78,39,39,0.5,1861.1183333333333,280,725,0.386,90,261,0.345,142,169,0.84,50,238,288,89,88,23,37,24,211,161,792,123,1363.1,1,0,1379.0,1438.0,19,28,93,53,30,31,15,99,5,4,7,26,33,7,71,44,51,27,34,50,49,71,89,32,24,19,41,58,2,34,39,1,2007-08
101106,Andrew Bogut,Andrew,1610612749,MIL,23.0,78,26,52,0.333,2720.0333333333333,465,910,0.511,0,7,0.0,189,322,0.587,245,518,763,199,172,64,135,61,254,299,1119,-349,2758.1,38,0,2479.0,2877.0,19,57,113,94,6,7,7,39,23,20,23,14,9,81,12,11,9,6,6,10,8,109,110,8,9,115,6,5,2,6,6,1,2007-08
101115,Andrew Bynum,Andrew,1610612747,LAL,20.0,35,24,11,0.686,1008.25,189,297,0.636,0,0,0.0,82,118,0.695,105,251,356,61,52,12,72,29,98,95,460,238,1178.7,18,0,1045.0,1190.0,81,62,26,15,55,43,52,6,23,66,23,45,47,42,47,41,44,41,57,71,32,78,52,52,44,8,45,21,2,47,46,1,2007-08
2740,Andris Biedrins,Andris,1610612744,GSW,22.0,76,44,32,0.579,2078.345,340,543,0.626,0,0,0.0,116,187,0.62,256,488,744,75,85,56,94,47,262,165,796,208,2166.3,27,0,1915.0,2140.0,31,19,72,39,25,16,29,7,23,66,23,33,29,68,8,13,10,34,37,16,21,99,111,30,23,12,18,13,2,20,19,1,2007-08
1112,Ben Wallace,Ben,1610612739,CLE,33.0,72,31,41,0.431,2204.983333333333,138,352,0.392,0,4,0.0,72,169,0.426,234,370,604,105,67,88,117,29,121,173,348,-130,1778.3,4,0,1467.0,1777.0,38,47,96,79,21,53,45,97,23,25,23,48,33,109,14,25,18,22,46,2,13,78,61,25,52,101,26,40,2,29,27,2,2007-08
2564,Boris Diaw,Boris,1610612756,PHX,26.0,82,55,27,0.671,2307.575,308,646,0.477,13,41,0.317,96,129,0.744,97,281,378,317,155,61,39,34,166,160,725,160,1799.1,4,0,1633.0,2037.0,1,3,62,22,17,26,22,60,12,12,11,38,44,25,49,37,42,1,11,13,48,84,75,33,29,16,25,40,2,26,23,1,2007-08
1802,Brad Miller,Brad,1610612758,SAC,32.0,72,35,37,0.486,2512.5383333333334,337,728,0.463,28,90,0.311,262,309,0.848,167,514,681,264,164,69,74,60,247,247,964,86,2442.2,29,0,2223.0,2602.0,38,34,86,60,12,19,14,70,7,7,12,7,10,6,26,12,15,2,8,8,30,107,107,13,14,21,11,11,2,10,10,1,2007-08
2217,Brendan Haywood,Brendan,1610612764,WAS,28.0,80,41,39,0.513,2227.7733333333335,316,599,0.528,0,0,0.0,216,294,0.735,273,303,576,71,108,31,133,58,216,251,848,84,2029.7,16,0,1823.0,2058.0,14,23,93,52,18,23,26,33,23,66,23,9,14,30,5,33,21,36,23,39,9,106,91,12,19,22,20,22,2,23,21,1,2007-08
2243,Brian Scalabrine,Brian,1610612738,BOS,30.0,48,40,8,0.833,512.0183333333333,29,94,0.309,15,46,0.326,15,20,0.75,22,57,79,40,26,9,8,4,63,20,88,47,267.8,0,0,256.0,298.0,70,25,21,6,77,84,76,112,11,10,10,87,89,24,88,80,85,54,74,78,89,25,40,88,82,31,83,71,2,82,82,1,2007-08
1730,Brian Skinner,Brian,1610612756,PHX,32.0,66,47,19,0.712,843.975,92,198,0.465,2,3,0.667,33,63,0.524,63,175,238,15,39,21,77,11,112,64,219,-67,782.1,0,0,670.0,781.0,51,16,41,12,61,62,63,68,18,31,1,70,66,90,67,54,56,74,67,54,28,48,57,66,64,85,55,71,2,58,57,1,2007-08
1916,Calvin Booth,Calvin,1610612755,PHI,32.0,31,13,18,0.419,203.95666666666668,9,27,0.333,0,0,0.0,6,10,0.6,6,32,38,8,4,6,18,2,35,12,24,0,149.6,0,0,118.0,150.0,83,84,39,80,92,102,99,107,23,66,23,98,99,71,105,92,94,88,104,86,74,14,27,95,102,46,93,71,2,94,93,1,2007-08
101112,Channing Frye,Channing,1610612757,POR,25.0,78,40,38,0.513,1341.96,221,453,0.488,3,10,0.3,85,109,0.78,107,247,354,57,55,29,27,14,208,101,530,43,1153.3,3,0,1056.0,1166.0,19,25,88,51,47,38,38,53,17,18,13,42,48,14,45,42,45,44,56,43,59,50,88,50,39,32,49,46,2,46,49,1,2007-08
200798,Cheikh Samb,Cheikh,1610612765,DET,23.0,4,2,2,0.5,31.326666666666668,3,4,0.75,0,0,0.0,1,2,0.5,3,4,7,0,1,1,2,0,8,1,7,3,23.4,0,0,20.0,23.0,114,110,6,53,112,109,113,3,23,66,23,112,111,94,109,113,111,111,110,103,108,1,11,113,111,43,112,71,2,112,113,1,2007-08
2365,Chris Andersen,Chris,1610612740,NOH,29.0,5,4,1,0.8,34.153333333333336,2,7,0.286,0,0,0.0,2,4,0.5,2,7,9,0,1,0,4,1,6,3,6,5,27.8,0,0,23.0,27.0,113,105,4,7,110,113,111,114,23,66,23,106,107,94,110,108,110,111,110,107,102,9,8,110,112,40,111,71,2,111,111,1,2007-08
2549,Chris Kaman,Chris,1610612746,LAC,26.0,56,20,36,0.357,2082.69,338,700,0.483,0,4,0.0,202,265,0.762,173,538,711,107,164,33,155,67,179,213,878,-186,2291.7,36,0,2072.0,2367.0,62,66,82,92,24,18,16,56,23,25,23,11,15,18,24,9,13,20,8,35,5,113,79,18,17,106,16,7,2,16,16,1,2007-08
2036,Chris Mihm,Chris,1610612747,LAL,28.0,23,14,9,0.609,278.11833333333334,32,95,0.337,0,0,0.0,18,27,0.667,28,49,77,13,17,4,14,10,42,27,82,-21,230.9,1,0,208.0,239.0,91,83,23,35,88,83,74,106,23,66,23,84,87,53,84,86,86,79,83,91,82,47,29,84,86,64,86,58,2,87,86,1,2007-08
185,Chris Webber,Chris,1610612744,GSW,35.0,9,6,3,0.667,125.835,15,31,0.484,0,0,0.0,5,12,0.417,2,30,32,18,11,4,6,0,17,6,35,-21,119.4,0,0,105.0,133.0,104,99,9,24,100,97,96,54,23,66,23,100,96,110,110,94,100,72,91,91,94,1,15,102,99,64,95,71,2,96,95,1,2007-08
201235,Courtney Sims,Courtney,1610612754,IND,24.0,3,2,1,0.667,11.133333333333333,0,1,0.0,0,0,0.0,0,0,0.0,1,1,2,1,0,0,0,0,2,0,0,-1,3.9,0,0,3.0,4.0,115,110,4,24,115,118,116,118,23,66,23,117,117,117,112,115,115,106,114,107,114,1,3,117,118,48,117,71,2,118,116,1,2007-08
200783,Craig Smith,Craig,1610612750,MIN,24.0,77,18,59,0.234,1546.545,297,528,0.563,0,9,0.0,133,200,0.665,123,230,353,60,89,36,17,61,217,172,727,-230,1310.6,1,0,1246.0,1359.0,26,71,116,107,41,27,30,17,23,19,23,30,26,56,40,47,46,42,32,29,76,109,93,26,28,109,42,58,2,40,43,1,2007-08
2788,DJ Mbenga,DJ,1610612747,LAL,27.0,42,32,10,0.762,325.64166666666665,39,84,0.464,0,0,0.0,5,12,0.417,28,44,72,10,12,7,26,4,70,21,83,-1,271.4,0,0,231.0,274.0,77,43,24,10,84,78,80,69,23,66,23,100,96,110,84,89,87,83,89,83,60,25,41,87,85,48,82,71,2,85,83,2,2007-08
2429,Dan Gadzuric,Dan,1610612749,MIL,30.0,51,16,35,0.314,533.9633333333334,64,154,0.416,0,1,0.0,33,63,0.524,67,77,144,11,34,20,24,7,83,50,161,-81,448.3,0,0,404.0,459.0,68,78,78,96,75,70,67,93,23,45,23,70,66,90,62,72,72,81,70,57,64,40,44,71,69,92,72,71,2,72,73,1,2007-08
2545,Darko Milicic,Darko,1610612763,MEM,23.0,70,19,51,0.271,1663.2033333333334,219,500,0.438,0,1,0.0,67,121,0.554,127,297,424,58,101,32,114,39,185,111,505,-296,1437.8,11,0,1279.0,1483.0,45,68,112,101,37,39,35,85,23,45,23,50,46,86,39,35,37,43,27,37,14,90,80,48,41,112,37,24,2,37,37,1,2007-08
201208,Darryl Watkins,Darryl,1610612758,SAC,23.0,9,2,7,0.222,71.27333333333333,5,15,0.333,0,0,0.0,2,5,0.4,5,7,12,0,7,2,2,1,8,5,12,-17,31.4,0,0,32.0,36.0,104,110,18,108,105,108,108,107,23,66,23,106,105,113,108,108,109,111,100,101,108,9,11,105,108,62,110,71,2,109,109,1,2007-08
2758,David Harrison,David,1610612754,IND,25.0,55,26,29,0.473,702.2616666666667,90,170,0.529,0,0,0.0,49,96,0.51,43,75,118,14,58,20,59,18,164,88,229,-7,570.6,0,0,519.0,612.0,65,57,68,64,69,65,66,32,23,66,23,58,53,92,73,74,74,76,52,57,37,60,74,56,62,53,65,71,2,64,64,1,2007-08
2205,DeSagana Diop,DeSagana,1610612751,NJN,26.0,79,44,35,0.557,1295.535,94,180,0.522,0,0,0.0,38,70,0.543,160,232,392,40,58,26,88,16,146,70,226,66,1040.4,1,0,886.0,1040.0,15,19,78,46,50,61,64,34,23,66,23,64,63,89,30,46,41,54,52,46,24,55,71,63,63,26,52,58,2,53,52,2,2007-08
87,Dikembe Mutombo,Dikembe,1610612745,HOU,42.0,39,26,13,0.667,619.045,43,80,0.538,0,0,0.0,32,45,0.711,68,131,199,5,17,11,48,15,55,43,118,52,524.3,1,0,440.0,504.0,79,57,29,24,72,76,82,25,23,66,23,72,76,35,59,65,62,93,83,73,41,53,35,75,75,30,68,58,2,69,70,1,2007-08
101204,Dwayne Jones,Dwayne,1610612739,CLE,25.0,56,31,25,0.554,472.45666666666665,25,47,0.532,0,1,0.0,28,58,0.483,69,71,140,10,17,10,25,9,88,39,78,-46,349.0,0,0,298.0,343.0,62,47,57,48,80,89,92,31,23,45,23,76,70,101,57,76,73,83,83,74,62,43,47,81,87,79,78,71,2,79,79,1,2007-08
2730,Dwight Howard,Dwight,1610612753,ORL,22.0,82,52,30,0.634,3087.7266666666665,583,974,0.599,0,4,0.0,529,897,0.59,279,882,1161,110,263,74,176,72,274,703,1695,481,3740.2,69,0,3466.0,3826.0,1,11,69,32,1,4,5,12,23,25,23,2,1,80,4,1,1,19,1,4,3,114,116,1,3,2,1,1,2,1,1,1,2007-08
2853,Earl Barron,Earl,1610612748,MIA,26.0,46,8,38,0.174,889.1016666666667,132,327,0.404,1,13,0.077,61,87,0.701,67,131,198,29,48,19,8,22,114,76,326,-210,640.1,0,0,608.0,663.0,72,93,88,113,58,56,47,96,19,17,22,53,54,40,62,65,64,61,61,61,89,64,59,60,55,107,60,71,2,60,60,1,2007-08
2201,Eddy Curry,Eddy,1610612752,NYK,25.0,59,17,42,0.288,1530.16,297,544,0.546,0,0,0.0,187,300,0.623,111,164,275,32,126,14,29,51,157,231,781,-407,1162.0,2,0,1174.0,1249.0,61,75,99,99,44,27,28,23,23,66,23,15,11,65,43,56,53,58,16,66,57,102,73,15,25,117,48,50,2,43,45,1,2007-08
2731,Emeka Okafor,Emeka,1610612766,CHA,25.0,82,32,50,0.39,2718.1183333333333,460,860,0.535,0,0,0.0,213,374,0.57,255,621,876,70,164,62,138,102,241,284,1133,-251,2725.2,39,0,2479.0,2749.0,1,43,111,84,7,8,11,27,23,66,23,10,6,84,9,4,6,37,8,12,7,116,104,9,8,110,7,4,2,6,7,1,2007-08
956,Erick Dampier,Erick,1610612742,DAL,32.0,72,44,28,0.611,1754.985,178,277,0.643,0,0,0.0,84,146,0.575,207,332,539,63,80,24,106,29,226,116,440,168,1491.3,6,0,1302.0,1495.0,38,19,64,34,33,47,56,5,23,66,23,43,40,83,17,29,26,40,38,48,18,78,97,44,46,14,34,33,2,36,34,1,2007-08
101177,Fabricio Oberto,Fabricio,1610612759,SAS,33.0,82,56,26,0.683,1643.68,180,296,0.608,0,1,0.0,37,61,0.607,153,277,430,95,51,37,20,17,203,114,397,54,1175.5,4,0,1036.0,1188.0,1,2,60,18,39,46,53,10,23,45,23,67,69,70,33,38,36,24,58,27,69,57,87,45,49,29,46,40,2,48,48,1,2007-08
1922,Francisco Elson,Francisco,1610612760,SEA,32.0,63,35,28,0.556,813.4616666666667,92,236,0.39,0,1,0.0,26,37,0.703,50,150,200,24,47,15,20,22,96,44,210,-118,544.0,1,0,504.0,563.0,56,34,64,47,62,62,60,98,23,45,23,78,81,39,71,59,60,67,63,63,69,64,50,74,65,99,67,58,2,66,67,2,2007-08
200756,Hilton Armstrong,Hilton,1610612740,NOH,23.0,65,43,22,0.662,732.2533333333333,67,148,0.453,0,0,0.0,44,70,0.629,65,98,163,23,59,15,34,23,130,69,178,-39,496.1,0,0,462.0,534.0,53,22,49,28,66,69,69,79,23,66,23,62,63,63,64,69,70,69,50,63,51,68,64,64,68,76,69,71,2,68,68,1,2007-08
101133,Ian Mahinmi,Ian,1610612759,SAS,21.0,6,6,0,1.0,22.553333333333335,6,12,0.5,0,0,0.0,9,9,1.0,0,5,5,1,2,0,4,3,4,6,21,-14,38.5,0,0,35.0,40.0,110,99,1,1,113,104,109,47,23,66,23,94,102,1,115,112,113,106,108,107,102,19,6,102,103,59,108,71,2,108,108,1,2007-08
2063,Jake Voskuhl,Jake,1610612749,MIL,30.0,44,9,35,0.205,385.895,37,80,0.463,0,0,0.0,24,29,0.828,30,67,97,13,29,9,21,4,83,26,98,-80,294.9,0,0,268.0,311.0,76,90,78,112,83,80,82,71,23,66,23,80,84,8,80,78,78,79,73,78,67,25,44,85,80,89,81,71,2,80,80,1,2007-08
2048,Jamaal Magloire,Jamaal,1610612742,DAL,30.0,31,16,15,0.516,285.80333333333334,18,55,0.327,0,0,0.0,20,44,0.455,19,70,89,7,30,1,10,6,50,42,56,-11,176.3,0,0,174.0,192.0,83,78,35,49,87,93,90,110,23,66,23,82,77,107,90,77,81,89,72,103,85,37,34,77,91,56,89,71,2,89,89,2,2007-08
2260,Jarron Collins,Jarron,1610612762,UTA,29.0,70,46,24,0.657,702.3433333333334,36,82,0.439,0,1,0.0,46,74,0.622,40,76,116,37,22,10,6,6,106,93,118,111,338.7,0,0,303.0,356.0,45,17,55,30,68,81,81,84,23,45,23,60,61,67,74,73,75,56,78,74,94,37,53,54,75,20,79,71,2,77,78,1,2007-08
2215,Jason Collins,Jason,1610612763,MEM,29.0,74,28,46,0.378,1172.1366666666668,53,113,0.469,0,1,0.0,34,74,0.459,64,114,178,25,48,23,25,11,194,97,140,-152,487.1,0,0,439.0,512.0,34,52,109,87,54,71,73,65,23,45,23,69,61,105,65,68,68,66,61,50,62,48,85,51,73,103,70,71,2,70,69,2,2007-08
1902,Jeff Foster,Jeff,1610612754,IND,31.0,77,34,43,0.442,1883.48,205,373,0.55,0,3,0.0,86,145,0.593,264,404,668,129,62,56,32,23,221,143,496,-42,1693.1,10,0,1469.0,1686.0,26,39,102,76,29,41,43,20,23,31,23,41,41,77,6,21,16,11,48,16,53,68,95,38,42,77,28,26,2,28,29,1,2007-08
1741,Jelani McCoy,Jelani,1610612743,DEN,30.0,6,2,4,0.333,33.28333333333333,1,1,1.0,0,0,0.0,1,2,0.5,1,6,7,0,4,0,5,0,7,1,3,-14,22.4,0,0,20.0,25.0,110,110,14,94,111,114,116,1,23,66,23,112,111,94,112,111,111,111,104,107,100,1,10,113,115,59,113,71,2,112,112,1,2007-08
979,Jermaine O'Neal,Jermaine,1610612754,IND,29.0,42,19,23,0.452,1205.9966666666667,225,512,0.439,0,5,0.0,121,163,0.742,82,201,283,93,106,20,87,38,129,185,571,-50,1265.1,7,0,1161.0,1361.0,77,68,53,72,53,37,33,83,23,22,23,32,36,26,54,52,52,25,24,57,26,88,63,21,36,81,43,31,2,44,42,1,2007-08
1744,Jerome James,Jerome,1610612752,NYK,32.0,2,0,2,0.0,4.566666666666666,1,1,1.0,0,0,0.0,2,2,1.0,0,3,3,0,0,0,0,0,0,1,4,6,7.6,0,0,7.0,7.0,117,117,6,117,118,114,116,1,23,66,23,106,111,1,115,114,114,111,114,107,114,1,1,113,114,38,115,71,2,115,115,1,2007-08
201149,Joakim Noah,Joakim,1610612741,CHI,23.0,74,31,43,0.419,1533.715,177,367,0.482,0,1,0.0,134,194,0.691,174,242,416,84,89,68,64,44,173,149,488,-28,1420.2,8,0,1252.0,1468.0,34,47,102,81,43,48,44,58,23,45,23,28,27,43,22,43,38,28,32,9,33,94,77,37,43,70,38,30,2,39,38,1,2007-08
693,Joe Smith,Joe,1610612739,CLE,32.0,77,34,43,0.442,1725.805,312,653,0.478,0,3,0.0,154,204,0.755,163,238,401,66,71,34,47,37,186,200,778,-21,1530.2,6,0,1407.0,1554.0,26,39,102,76,35,25,21,59,23,31,23,23,24,21,29,44,39,39,41,33,42,87,82,19,26,64,33,33,2,32,33,2,2007-08
201202,Joel Anthony,Joel,1610612748,MIA,25.0,24,5,19,0.208,498.13666666666666,28,60,0.467,0,0,0.0,29,49,0.592,38,55,93,3,17,9,31,9,55,46,85,-134,304.1,0,0,261.0,304.0,88,103,41,110,78,86,88,67,23,66,23,74,73,79,75,83,79,99,83,78,55,43,35,73,83,102,80,71,2,81,81,1,2007-08
2038,Joel Przybilla,Joel,1610612757,POR,28.0,77,38,39,0.494,1819.4083333333333,144,250,0.576,0,1,0.0,83,122,0.68,195,454,649,27,95,13,93,35,234,168,371,-103,1413.3,4,0,1259.0,1392.0,26,30,93,57,31,52,58,16,23,45,23,44,45,46,18,15,17,63,30,70,23,85,100,29,50,96,39,40,2,38,41,1,2007-08
101130,Johan Petro,Johan,1610612760,SEA,22.0,72,18,54,0.25,1310.27,184,439,0.419,0,1,0.0,64,87,0.736,98,272,370,32,73,35,42,24,173,72,432,-287,1082.0,3,0,988.0,1097.0,38,71,114,104,49,45,39,91,23,45,23,51,54,29,48,39,43,58,39,31,45,71,77,62,47,111,51,46,2,51,51,1,2007-08
200767,Josh Boone,Josh,1610612751,NJN,23.0,70,29,41,0.414,1772.7383333333332,238,434,0.548,0,0,0.0,99,217,0.456,192,317,509,55,68,36,61,48,155,155,575,-152,1491.3,13,0,1333.0,1485.0,45,50,96,82,32,35,40,21,23,66,23,37,22,106,20,32,29,45,45,29,34,100,72,36,35,103,34,23,2,35,36,1,2007-08
2694,Josh Powell,Josh,1610612746,LAC,25.0,64,16,48,0.25,1227.4783333333332,145,315,0.46,0,3,0.0,63,87,0.724,115,216,331,47,65,14,23,27,130,80,353,-323,866.7,6,0,805.0,889.0,54,78,110,104,52,51,49,74,23,31,23,52,54,33,41,48,48,47,47,66,65,75,64,58,51,113,54,33,2,54,54,1,2007-08
200818,Justin Williams,Justin,1610612745,HOU,24.0,1,1,0,1.0,6.266666666666667,1,3,0.333,0,0,0.0,1,4,0.25,1,0,1,0,1,0,0,1,3,2,3,-8,3.2,0,0,4.0,4.0,118,114,1,1,117,114,115,107,23,66,23,112,107,115,112,118,116,111,110,107,114,9,5,111,115,54,118,71,2,116,116,1,2007-08
2570,Kendrick Perkins,Kendrick,1610612738,BOS,23.0,78,62,16,0.795,1911.9566666666667,214,348,0.615,0,1,0.0,114,183,0.623,145,329,474,84,125,31,114,44,242,136,542,499,1546.8,5,0,1390.0,1619.0,19,1,36,8,28,40,46,9,23,45,23,35,31,66,34,31,33,28,18,39,14,94,105,39,38,1,32,38,2,33,30,1,2007-08
200785,Kosta Perovic,Kosta,1610612744,GSW,23.0,7,4,3,0.571,37.95,3,10,0.3,0,0,0.0,4,6,0.667,6,7,13,1,1,0,2,2,6,4,10,4,32.1,0,0,28.0,31.0,108,105,9,41,109,109,110,113,23,66,23,102,103,53,105,108,108,106,110,107,108,14,8,109,109,41,109,71,2,110,110,1,2007-08
703,Kurt Thomas,Kurt,1610612759,SAS,35.0,70,32,38,0.457,1584.155,195,396,0.492,0,1,0.0,53,80,0.663,130,377,507,67,46,56,57,18,188,103,443,-72,1444.9,4,0,1243.0,1423.0,45,43,88,69,40,42,42,50,23,45,23,56,59,57,37,24,30,38,64,16,38,60,83,49,45,88,36,40,2,41,40,2,2007-08
2198,Kwame Brown,Kwame,1610612763,MEM,26.0,38,18,20,0.474,713.4166666666666,72,142,0.507,0,0,0.0,40,98,0.408,51,137,188,45,51,22,23,16,82,82,184,-67,561.1,2,0,507.0,597.0,80,71,46,63,67,67,70,41,23,66,23,63,52,112,70,61,66,49,58,52,65,55,43,57,67,85,66,50,2,65,65,2,2007-08
201178,Kyrylo Fesenko,Kyrylo,1610612762,UTA,21.0,9,4,5,0.444,70.11166666666666,6,16,0.375,0,0,0.0,2,4,0.5,14,11,25,2,8,0,3,2,19,5,14,-1,48.0,0,0,47.0,52.0,104,105,15,74,106,104,107,100,23,66,23,106,107,94,94,105,104,102,98,107,106,14,16,105,106,48,106,71,2,106,106,1,2007-08
200746,LaMarcus Aldridge,LaMarcus,1610612757,POR,22.0,76,35,41,0.461,2648.9133333333334,561,1160,0.484,1,7,0.143,227,298,0.762,220,358,578,122,126,55,94,46,240,252,1350,-14,2547.6,19,0,2349.0,2619.0,31,34,96,68,10,5,4,55,19,20,21,8,12,19,16,26,20,15,16,20,21,98,103,11,5,59,8,20,2,8,8,1,2007-08
200984,Lance Allred,Lance,1610612739,CLE,27.0,3,0,3,0.0,10.081666666666667,1,4,0.25,0,0,0.0,1,2,0.5,0,1,1,0,0,0,0,0,1,1,3,-13,4.2,0,0,4.0,4.0,115,117,9,117,116,114,113,116,23,66,23,112,111,94,115,115,116,111,114,107,114,1,2,113,115,57,116,71,2,116,116,1,2007-08
2254,Loren Woods,Loren,1610612745,HOU,30.0,7,4,3,0.571,16.911666666666665,3,5,0.6,0,0,0.0,0,0,0.0,0,1,1,2,0,0,0,0,2,0,6,9,10.2,0,0,9.0,11.0,108,105,9,41,114,109,112,11,23,66,23,117,117,117,115,115,116,102,114,107,114,1,3,117,112,37,114,71,2,114,114,1,2007-08
953,Lorenzen Wright,Lorenzen,1610612758,SAC,32.0,18,8,10,0.444,160.53333333333333,6,21,0.286,0,0,0.0,3,6,0.5,8,30,38,4,4,3,3,1,31,6,15,-13,80.6,0,0,69.0,79.0,98,93,24,74,97,104,103,114,23,66,23,103,103,94,102,94,94,94,104,96,106,9,24,102,105,57,102,71,2,102,102,2,2007-08
2449,Luis Scola,Luis,1610612745,HOU,28.0,82,55,27,0.671,2023.5783333333334,345,670,0.515,0,3,0.0,157,235,0.668,174,351,525,106,105,60,19,52,235,232,847,168,1768.0,10,0,1636.0,1821.0,1,3,62,22,27,15,18,37,23,31,23,20,19,52,22,27,27,21,25,14,71,103,101,14,20,14,27,26,2,25,26,1,2007-08
1766,Maceo Baston,Maceo,1610612761,TOR,32.0,15,7,8,0.467,103.21666666666667,17,25,0.68,0,0,0.0,7,10,0.7,9,17,26,3,4,2,4,2,20,12,41,-3,90.7,0,0,82.0,91.0,102,97,21,65,102,95,100,4,23,66,23,97,99,41,100,103,103,99,104,101,102,14,17,95,95,51,100,71,2,100,100,1,2007-08
101162,Marcin Gortat,Marcin,1610612753,ORL,24.0,6,6,0,1.0,40.67333333333333,8,17,0.471,0,0,0.0,2,3,0.667,8,8,16,2,2,1,1,1,4,5,18,0,44.2,1,0,40.0,44.0,110,99,1,1,108,103,105,64,23,66,23,106,110,53,102,107,106,102,108,103,113,9,6,105,104,46,107,58,2,107,107,1,2007-08
948,Marcus Camby,Marcus,1610612743,DEN,34.0,79,48,31,0.608,2757.725,286,635,0.45,6,20,0.3,143,202,0.708,230,807,1037,259,118,85,285,17,216,188,721,230,3345.9,30,2,2763.0,3386.0,15,14,71,36,4,29,24,80,13,15,13,25,25,36,15,2,2,3,20,3,1,57,91,20,30,9,4,10,1,5,5,1,2007-08
1548,Mark Blount,Mark,1610612748,MIA,32.0,69,11,58,0.159,1541.6383333333333,238,515,0.462,17,44,0.386,88,138,0.638,69,194,263,41,70,33,34,29,133,126,581,-326,1089.1,3,0,1036.0,1127.0,49,89,115,114,42,35,32,72,9,11,4,40,42,61,57,53,54,52,42,35,51,78,67,41,34,114,50,46,2,48,50,1,2007-08
2058,Mark Madsen,Mark,1610612750,MIN,32.0,20,6,14,0.3,151.335,3,19,0.158,0,0,0.0,3,12,0.25,18,20,38,4,9,3,2,3,25,11,9,1,66.6,0,0,61.0,70.0,95,99,31,97,98,109,104,117,23,66,23,103,96,115,91,100,94,94,95,96,108,19,20,98,110,45,104,71,2,103,103,1,2007-08
2588,Matt Bonner,Matt,1610612759,SAS,28.0,68,45,23,0.662,852.5566666666666,121,291,0.416,46,137,0.336,38,44,0.864,53,139,192,32,39,14,17,8,111,43,326,82,658.4,2,0,658.0,675.0,50,18,53,27,59,58,55,92,6,6,8,64,77,4,68,60,65,58,67,66,76,42,55,75,55,24,59,50,2,59,59,1,2007-08
2246,Mehmet Okur,Mehmet,1610612762,UTA,29.0,72,50,22,0.694,2389.7116666666666,374,841,0.445,114,294,0.388,185,230,0.804,132,424,556,145,104,55,29,42,236,159,1047,338,2079.7,23,0,2030.0,2145.0,38,13,49,13,13,14,13,81,2,3,3,17,20,11,36,18,22,8,26,20,57,93,102,34,11,7,19,17,2,17,18,1,2007-08
2408,Melvin Ely,Melvin,1610612740,NOH,30.0,52,35,17,0.673,620.6383333333333,85,180,0.472,0,0,0.0,32,58,0.552,28,117,145,22,42,7,18,14,79,59,202,84,442.0,1,0,419.0,466.0,67,34,37,20,71,66,64,63,23,66,23,72,70,87,84,67,71,70,65,83,74,50,42,68,66,22,73,58,2,71,72,1,2007-08
1720,Michael Doleac,Michael,1610612750,MIN,31.0,24,5,19,0.208,257.32166666666666,28,63,0.444,0,0,0.0,1,2,0.5,16,33,49,7,12,10,10,3,44,5,57,-31,174.3,0,0,153.0,180.0,88,103,41,110,90,86,86,82,23,66,23,112,111,94,92,91,91,89,89,74,85,19,31,105,90,73,90,71,2,90,90,1,2007-08
1913,Michael Ruffin,Michael,1610612749,MIL,31.0,46,12,34,0.261,631.645,33,62,0.532,0,0,0.0,25,63,0.397,90,96,186,24,19,31,19,4,93,51,91,-30,481.2,1,0,401.0,475.0,72,87,75,103,70,82,87,30,23,66,23,79,66,114,51,71,67,67,82,39,71,25,48,70,81,72,71,58,2,73,71,1,2007-08
1630,Mikki Moore,Mikki,1610612758,SAC,32.0,82,38,44,0.463,2385.201666666667,282,489,0.577,0,2,0.0,134,182,0.736,160,334,494,84,110,35,46,26,310,217,698,-106,1549.8,6,0,1438.0,1603.0,1,30,106,67,14,30,36,15,23,38,23,28,32,28,30,28,31,28,22,31,43,74,118,16,31,97,31,33,2,30,31,1,2007-08
200754,Mouhamed Sene,Mouhamed,1610612760,SEA,22.0,13,1,12,0.077,62.156666666666666,11,24,0.458,0,0,0.0,8,17,0.471,7,9,16,1,0,0,7,3,9,8,30,-9,71.7,0,0,61.0,69.0,103,114,27,116,107,101,101,76,23,66,23,96,93,103,104,106,106,106,114,107,92,19,13,100,101,55,103,71,2,103,104,1,2007-08
1737,Nazr Mohammed,Nazr,1610612766,CHA,30.0,82,39,43,0.476,1649.795,272,528,0.515,0,1,0.0,95,163,0.583,194,300,494,72,101,45,60,44,230,123,639,-217,1553.8,11,0,1415.0,1592.0,1,28,102,62,38,32,30,36,23,45,23,39,36,82,19,34,31,35,27,24,35,94,99,42,33,108,30,24,2,31,32,2,2007-08
2420,Nenad Krstic,Nenad,1610612751,NJN,24.0,45,17,28,0.378,811.5783333333334,123,300,0.41,0,2,0.0,52,69,0.754,35,165,200,27,41,9,17,17,111,56,298,-80,615.5,3,0,577.0,630.0,74,75,64,88,63,57,51,94,23,38,23,57,65,22,76,55,60,63,66,78,76,57,55,69,59,89,62,46,2,61,61,1,2007-08
2403,Nene,ene,1610612743,DEN,25.0,16,9,7,0.563,265.52666666666664,29,71,0.408,0,1,0.0,27,49,0.551,30,57,87,15,21,9,14,7,46,40,85,4,259.9,0,0,233.0,271.0,101,90,18,43,89,84,84,95,23,45,23,77,73,88,80,80,83,74,80,78,82,40,33,79,83,41,84,71,2,84,84,1,2007-08
2555,Nick Collison,Nick,1610612760,SEA,27.0,78,19,59,0.244,2222.675,322,641,0.502,0,2,0.0,123,167,0.737,254,476,730,113,118,47,60,66,250,172,767,-358,2015.5,23,0,1824.0,2044.0,19,68,116,106,19,22,23,45,23,38,23,31,35,27,10,14,11,18,20,23,35,112,109,26,27,116,21,17,2,22,22,1,2007-08
200762,Oleksiy Pecherov,Oleksiy,1610612764,WAS,22.0,35,18,17,0.514,319.5133333333333,44,125,0.352,17,60,0.283,20,31,0.645,21,45,66,7,17,6,5,6,30,20,125,-67,230.7,1,0,237.0,238.0,81,71,37,50,85,74,71,104,9,9,15,82,83,59,89,88,89,89,83,86,100,37,23,88,74,85,87,58,2,83,87,1,2007-08
970,Othella Harrington,Othella,1610612766,CHA,34.0,22,8,14,0.364,166.17666666666668,18,42,0.429,0,0,0.0,10,16,0.625,11,31,42,4,11,1,4,4,34,17,46,19,106.4,0,0,102.0,111.0,92,93,31,90,96,93,94,90,23,66,23,93,94,64,97,93,93,94,91,103,102,25,26,92,94,33,99,71,2,97,97,1,2007-08
136,P.J. Brown,P.J.,1610612738,BOS,38.0,18,16,2,0.889,209.12666666666667,14,41,0.341,0,1,0.0,11,16,0.688,29,39,68,10,10,5,8,5,29,13,39,-3,164.6,0,0,143.0,166.0,98,78,6,4,91,99,95,105,23,45,23,92,94,44,83,90,88,83,93,89,89,32,22,94,96,51,91,71,2,91,91,1,2007-08
200753,Patrick O'Bryant,Patrick,1610612744,GSW,22.0,24,12,12,0.5,99.31666666666666,16,29,0.552,0,0,0.0,3,5,0.6,10,19,29,4,7,4,9,5,27,7,35,-29,107.8,0,0,94.0,111.0,88,87,27,53,103,96,97,18,23,66,23,103,105,71,98,101,101,94,100,91,88,32,21,101,99,71,98,71,2,99,97,1,2007-08
2200,Pau Gasol,Pau,1610612747,LAL,27.0,66,32,34,0.485,2350.78,475,890,0.534,4,16,0.25,292,362,0.807,155,398,553,211,124,30,98,57,139,313,1246,217,2486.1,26,0,2270.0,2605.0,51,43,75,61,15,6,8,29,15,16,17,5,7,9,32,22,24,5,19,42,20,104,69,7,6,11,10,14,2,9,9,2,2007-08
200781,Paul Davis,Paul,1610612746,LAC,23.0,22,8,14,0.364,194.03,24,65,0.369,0,0,0.0,6,10,0.6,25,22,47,10,9,6,6,5,33,10,54,-80,152.4,0,0,135.0,157.0,92,93,31,90,93,90,85,101,23,66,23,98,99,71,87,99,92,83,95,86,94,32,25,99,93,89,92,71,2,92,92,1,2007-08
200794,Paul Millsap,Paul,1610612762,UTA,23.0,82,54,28,0.659,1701.7333333333333,253,502,0.504,0,4,0.0,155,229,0.677,167,293,460,81,87,72,73,57,269,179,661,218,1682.5,4,0,1492.0,1718.0,1,6,64,29,36,34,34,44,23,25,23,21,21,47,26,36,34,32,35,7,31,104,114,22,32,10,29,40,2,27,28,1,2007-08
2056,Primoz Brezec,Primoz,1610612761,TOR,28.0,50,28,22,0.56,474.52666666666664,44,94,0.468,0,0,0.0,24,40,0.6,30,51,81,11,24,3,7,9,83,42,112,-50,231.7,0,0,224.0,245.0,69,52,49,45,79,74,76,66,23,66,23,80,80,71,80,85,84,81,77,96,92,43,44,77,77,81,85,71,2,86,85,3,2007-08
201043,Randolph Morris,Randolph,1610612752,NYK,22.0,18,4,14,0.222,180.88333333333333,21,58,0.362,0,0,0.0,14,29,0.483,12,25,37,2,9,4,2,4,37,18,56,-118,112.4,0,0,107.0,115.0,98,105,31,108,94,92,89,102,23,66,23,89,84,101,96,97,97,102,95,91,108,25,28,90,91,99,96,71,2,95,96,1,2007-08
739,Rasheed Wallace,Rasheed,1610612765,DET,33.0,77,55,22,0.714,2346.3283333333334,376,870,0.432,112,315,0.356,115,150,0.767,84,427,511,137,86,91,129,15,213,127,979,450,2371.7,10,0,2179.0,2424.0,26,3,49,11,16,13,10,89,3,2,6,34,39,17,53,17,28,9,36,1,10,53,90,40,13,3,13,26,2,14,13,1,2007-08
1725,Rasho Nesterovic,Rasho,1610612761,TOR,32.0,71,35,36,0.493,1486.13,257,467,0.55,1,3,0.333,37,49,0.755,130,212,342,82,60,20,52,28,132,66,552,56,1241.4,5,0,1121.0,1274.0,43,34,82,58,45,33,37,19,19,31,9,67,73,20,37,49,47,31,49,57,40,77,66,65,37,28,44,38,2,45,44,1,2007-08
109,Robert Horry,Robert,1610612759,SAS,37.0,45,26,19,0.578,582.7283333333334,38,119,0.319,18,70,0.257,18,28,0.643,35,74,109,47,22,21,19,3,55,37,112,15,411.3,0,0,366.0,435.0,74,57,41,40,74,79,72,111,8,8,16,84,86,60,76,75,76,47,78,54,71,19,35,82,77,34,74,71,2,74,74,1,2007-08
2741,Robert Swift,Robert,1610612760,SEA,22.0,8,1,7,0.125,97.69666666666667,6,17,0.353,0,0,0.0,2,2,1.0,6,12,18,1,10,5,6,2,16,2,14,-42,60.1,0,0,55.0,67.0,107,114,18,115,104,104,105,103,23,66,23,106,111,1,105,104,105,106,93,89,94,14,14,111,106,77,105,71,2,105,105,1,2007-08
101142,Ronny Turiaf,Ronny,1610612747,LAL,25.0,78,53,25,0.679,1457.8183333333334,188,397,0.474,0,1,0.0,140,186,0.753,95,211,306,128,72,28,108,35,199,158,516,134,1411.2,0,0,1222.0,1486.0,19,9,57,19,46,44,41,62,23,45,23,27,30,23,50,50,50,13,40,44,17,85,86,35,40,18,40,71,2,42,35,1,2007-08
200797,Ryan Hollins,Ryan,1610612766,CHA,23.0,60,23,37,0.383,531.5816666666667,46,94,0.489,0,0,0.0,55,82,0.671,53,54,107,14,25,10,30,14,96,74,147,-37,391.4,0,0,348.0,402.0,60,63,86,86,76,73,76,52,23,66,23,55,57,50,68,84,77,76,75,74,56,50,50,61,72,75,75,71,2,75,75,1,2007-08
2223,Samuel Dalembert,Samuel,1610612755,PHI,28.0,82,40,42,0.488,2724.2883333333334,339,661,0.513,0,1,0.0,186,263,0.707,304,545,849,45,155,40,192,64,269,215,864,10,2491.3,26,0,2222.0,2499.0,1,25,99,59,5,17,20,38,23,45,23,16,16,37,3,7,7,49,11,26,2,111,114,17,18,36,9,14,2,11,11,1,2007-08
1513,Scot Pollard,Scot,1610612738,BOS,33.0,22,17,5,0.773,172.89333333333335,12,23,0.522,0,0,0.0,15,22,0.682,14,23,37,3,5,3,6,4,43,18,39,14,109.9,0,0,97.0,109.0,92,75,15,9,95,100,102,35,23,66,23,87,88,45,94,98,97,99,103,96,94,25,30,90,96,35,97,71,2,98,99,1,2007-08
1752,Sean Marks,Sean,1610612756,PHX,32.0,19,16,3,0.842,129.8,23,43,0.535,1,4,0.25,12,19,0.632,9,27,36,4,8,3,10,0,23,12,59,-65,139.2,1,0,126.0,142.0,96,78,9,5,99,91,93,27,19,25,17,91,91,62,100,96,99,94,98,96,85,1,19,95,89,84,94,58,2,93,94,1,2007-08
201157,Sean Williams,Sean,1610612751,NJN,21.0,73,28,45,0.384,1278.3083333333334,164,305,0.538,0,0,0.0,81,133,0.609,115,207,322,28,70,28,106,30,193,114,409,-185,1169.4,2,0,1027.0,1189.0,36,52,108,85,51,49,50,24,23,66,23,46,43,69,41,51,49,62,42,44,18,82,84,45,48,105,47,50,2,50,47,1,2007-08
406,Shaquille O'Neal,Shaquille,1610612756,PHX,36.0,61,25,36,0.41,1748.0666666666666,331,558,0.593,0,0,0.0,170,338,0.503,166,388,554,93,181,32,88,27,228,327,832,6,1815.3,21,0,1719.0,1932.0,58,61,82,83,34,21,27,13,23,66,23,19,8,93,28,23,23,25,3,37,24,75,98,5,21,38,24,19,2,24,25,2,2007-08
200749,Shelden Williams,Shelden,1610612758,SAC,24.0,64,29,35,0.453,775.99,92,212,0.434,0,2,0.0,71,105,0.676,68,137,205,19,35,22,21,23,110,90,255,-31,623.5,2,0,565.0,627.0,54,50,78,71,64,62,61,88,23,38,23,49,50,48,59,61,59,71,69,52,67,68,54,55,61,73,61,50,2,62,62,2,2007-08
201150,Spencer Hawes,Spencer,1610612758,SAC,20.0,71,33,38,0.465,931.2533333333333,146,318,0.459,4,21,0.19,38,58,0.655,68,162,230,44,56,14,40,20,128,49,334,-99,782.0,2,0,720.0,814.0,43,41,88,66,57,50,48,75,15,14,19,64,70,58,59,57,57,51,55,66,47,62,62,72,54,94,56,50,2,55,55,1,2007-08
2212,Steven Hunter,Steven,1610612743,DEN,26.0,19,13,6,0.684,119.695,15,28,0.536,0,0,0.0,9,20,0.45,10,19,29,0,7,0,6,3,20,17,39,-22,84.8,0,0,80.0,86.0,96,84,17,16,101,97,98,26,23,66,23,94,89,108,98,101,101,111,100,107,94,19,17,92,96,68,101,71,2,101,101,1,2007-08
2031,Stromile Swift,Stromile,1610612751,NJN,28.0,56,20,36,0.357,844.6416666666667,135,265,0.509,0,2,0.0,73,109,0.67,64,135,199,26,51,15,54,21,113,94,343,-81,776.8,1,0,706.0,801.0,62,66,82,92,60,55,57,40,23,38,23,47,48,51,65,64,62,65,58,63,39,63,58,53,53,92,57,58,2,56,56,2,2007-08
689,Theo Ratliff,Theo,1610612765,DET,35.0,26,13,13,0.5,436.9683333333333,41,85,0.482,0,1,0.0,29,43,0.674,32,57,89,14,21,7,37,5,59,31,111,3,349.8,0,0,302.0,360.0,86,84,29,53,81,77,79,57,23,45,23,74,79,49,79,80,81,76,80,83,49,32,39,83,79,43,77,71,2,78,77,2,2007-08
1495,Tim Duncan,Tim,1610612759,SAS,32.0,78,54,24,0.692,2650.786666666667,585,1178,0.497,0,4,0.0,338,463,0.73,237,644,881,218,178,56,152,105,185,396,1508,422,3338.2,53,0,3023.0,3449.0,19,6,55,14,9,3,3,49,23,25,23,4,3,32,13,3,5,4,4,16,6,117,80,3,4,5,5,3,2,4,4,1,2007-08
2211,Troy Murphy,Troy,1610612754,IND,28.0,75,33,42,0.44,2105.673333333333,315,693,0.455,94,236,0.398,192,241,0.797,108,435,543,165,96,49,32,44,217,172,916,-61,1962.1,10,0,1880.0,2032.0,33,41,99,78,23,24,17,78,4,5,2,13,18,13,44,16,25,7,29,22,53,94,93,26,16,83,23,26,2,21,24,1,2007-08
2199,Tyson Chandler,Tyson,1610612740,NOH,25.0,79,54,25,0.684,2782.721666666667,377,605,0.623,0,1,0.0,175,295,0.593,322,606,928,81,136,45,84,38,243,279,929,427,2415.1,38,0,2196.0,2406.0,15,6,57,17,3,12,25,8,23,45,23,18,13,76,1,5,3,32,14,24,27,88,106,10,15,4,12,5,2,13,14,1,2007-08
2397,Yao Ming,ao Ming,1610612745,HOU,27.0,55,36,19,0.655,2043.8683333333333,432,852,0.507,0,2,0.0,345,406,0.85,172,422,594,129,183,25,111,60,171,338,1209,190,2340.3,33,0,2204.0,2469.0,65,33,41,31,26,9,12,41,23,38,23,3,4,5,25,19,19,11,2,47,16,107,76,4,7,13,14,9,2,12,12,1,2007-08
2585,Zaza Pachulia,Zaza,1610612737,ATL,24.0,62,28,34,0.452,943.8733333333333,107,245,0.437,0,3,0.0,108,153,0.706,89,159,248,36,69,24,13,22,140,121,322,-49,715.6,2,0,680.0,753.0,57,52,75,73,56,59,59,86,23,31,23,36,38,38,52,58,55,57,44,48,84,64,70,43,57,80,58,50,2,57,58,1,2007-08
980,Zydrunas Ilgauskas,Zydrunas,1610612739,CLE,33.0,73,41,32,0.562,2221.846666666667,417,879,0.474,0,1,0.0,195,243,0.802,263,419,682,104,135,34,120,41,247,164,1029,57,2330.4,29,0,2123.0,2381.0,36,23,72,44,20,10,9,61,23,45,23,12,17,12,7,20,14,23,15,33,11,92,107,31,12,27,15,11,2,15,15,1,2007-08
201189,Aaron Gray,Aaron,1610612741,CHI,24.0,56,26,30,0.464,715.1083333333333,81,167,0.485,0,1,0.0,34,59,0.576,84,136,220,46,40,14,18,23,135,51,196,-52,585.0,1,0,526.0,604.0,62,54,72,60,73,71,72,69,32,51,32,68,69,89,63,67,70,50,67,74,77,66,59,73,71,75,72,60,3,72,72,1,2008-09
1502,Adonal Foyle,Adonal,1610612753,ORL,34.0,10,6,4,0.6,61.93333333333333,7,11,0.636,0,0,0.0,3,6,0.5,9,17,26,1,3,0,8,0,5,2,17,-10,70.7,0,0,60.0,69.0,107,102,8,33,108,105,108,5,32,68,32,109,109,100,103,105,105,106,109,111,97,1,5,111,107,54,107,74,3,107,107,2,2008-09
201143,Al Horford,Al,1610612737,ATL,23.0,67,41,26,0.612,2242.2116666666666,312,594,0.525,0,1,0.0,149,205,0.727,145,479,624,163,103,53,95,30,190,166,773,16,2107.3,20,0,1856.0,2167.0,43,21,55,31,19,23,26,42,32,51,32,22,23,43,33,11,15,7,24,13,17,81,79,25,25,35,17,15,3,20,16,1,2008-09
2744,Al Jefferson,Al,1610612750,MIN,24.0,50,17,33,0.34,1835.7866666666666,485,975,0.497,0,4,0.0,186,252,0.738,172,376,548,79,92,39,83,86,141,194,1156,-104,2206.1,30,0,2027.0,2228.0,71,73,78,88,33,6,4,59,32,26,32,15,15,38,22,26,26,36,26,32,25,112,63,18,8,90,14,7,3,15,14,1,2008-09
201582,Alexis Ajinca,Alexis,1610612766,CHA,21.0,31,11,20,0.355,182.25666666666666,25,69,0.362,0,2,0.0,20,28,0.714,9,21,30,3,12,7,6,5,34,19,70,6,137.5,0,0,129.0,145.0,88,90,38,86,98,94,92,111,32,36,32,84,88,49,103,101,104,101,93,83,100,18,20,93,93,39,100,74,3,99,99,1,2008-09
2405,Amar'e Stoudemire,Amar'e,1610612756,PHX,26.0,53,30,23,0.566,1947.8833333333334,404,749,0.539,3,7,0.429,323,387,0.835,116,314,430,104,150,49,57,60,163,291,1134,114,1974.0,16,0,1883.0,2090.0,67,42,48,38,26,14,16,30,16,22,8,4,5,10,46,31,36,23,9,20,35,106,71,7,9,18,21,20,3,18,21,1,2008-09
2760,Anderson Varejao,Anderson,1610612739,CLE,26.0,81,65,16,0.802,2305.795,270,504,0.536,0,2,0.0,154,250,0.616,166,415,581,81,80,75,66,36,239,247,694,440,1855.7,9,0,1638.0,1860.0,7,1,31,6,15,30,31,31,32,36,32,19,16,77,25,20,22,34,37,4,32,85,101,15,29,5,26,36,3,26,26,1,2008-09
101154,Andray Blatche,Andray,1610612764,WAS,22.0,71,17,54,0.239,1702.9383333333333,297,630,0.471,5,21,0.238,114,162,0.704,126,252,378,118,117,53,74,58,211,135,713,-198,1607.6,7,0,1468.0,1708.0,34,73,111,101,37,26,24,81,15,15,24,32,32,53,38,43,43,18,20,13,30,103,90,36,28,107,35,40,3,31,32,1,2008-09
200745,Andrea Bargnani,Andrea,1610612761,TOR,23.0,78,30,48,0.385,2453.3566666666666,431,958,0.45,119,291,0.409,221,266,0.831,70,346,416,94,135,34,97,41,242,249,1202,-248,2100.2,6,0,2093.0,2199.0,19,42,106,78,13,10,5,89,2,3,12,12,13,11,73,29,38,25,15,36,14,93,103,14,7,111,18,41,3,12,15,1,2008-09
101106,Andrew Bogut,Andrew,1610612749,MIL,24.0,36,19,17,0.528,1123.6633333333334,183,317,0.577,0,0,0.0,56,98,0.571,117,252,369,72,86,23,37,25,130,140,422,91,1066.8,16,0,983.0,1115.0,85,70,32,44,56,47,51,14,32,68,32,55,51,90,44,43,44,38,32,57,57,72,57,34,52,23,50,20,3,49,51,1,2008-09
101115,Andrew Bynum,Andrew,1610612747,LAL,21.0,50,40,10,0.8,1446.0816666666667,281,502,0.56,0,0,0.0,152,215,0.707,137,261,398,71,85,18,90,37,157,164,714,235,1537.1,16,0,1399.0,1578.0,71,25,18,7,42,28,32,24,32,68,32,20,22,51,34,41,40,39,33,66,21,86,69,27,27,11,36,20,3,35,36,1,2008-09
2740,Andris Biedrins,Andris,1610612744,GSW,23.0,62,20,42,0.323,1863.0433333333333,308,533,0.578,0,1,0.0,119,216,0.551,223,470,693,121,110,63,96,47,236,188,735,-185,2115.1,28,0,1867.0,2147.0,49,68,95,93,31,24,28,12,32,51,32,31,21,95,8,12,11,16,23,7,16,97,98,21,26,105,16,10,3,19,17,1,2008-09
201229,Anthony Tolliver,Anthony,1610612759,SAS,24.0,19,14,5,0.737,208.05,19,65,0.292,9,41,0.22,5,10,0.5,12,29,41,17,7,5,1,1,16,11,52,6,137.7,0,0,131.0,145.0,100,87,12,13,94,99,94,113,14,12,26,106,101,100,99,98,97,77,104,92,108,6,13,100,98,39,99,74,3,98,99,1,2008-09
686,Antonio McDyess,Antonio,1610612765,DET,34.0,62,28,34,0.452,1866.1616666666666,268,525,0.51,0,0,0.0,60,86,0.698,185,422,607,83,51,41,50,10,191,110,596,-69,1670.9,16,0,1468.0,1642.0,49,48,79,62,30,31,29,49,32,68,32,52,55,55,18,19,18,32,53,30,44,36,81,46,35,82,32,20,3,31,33,1,2008-09
1112,Ben Wallace,Ben,1610612739,CLE,34.0,56,45,11,0.804,1313.5383333333334,69,155,0.445,0,0,0.0,27,64,0.422,136,226,362,44,34,48,75,12,82,58,165,432,1000.4,0,0,817.0,984.0,62,16,23,5,47,77,75,92,32,68,32,75,65,107,35,48,46,52,72,23,28,40,39,67,76,6,53,74,3,55,53,1,2008-09
2564,Boris Diaw,Boris,1610612766,CHA,27.0,81,41,40,0.506,2753.79,448,884,0.507,75,181,0.414,101,147,0.687,118,314,432,333,215,61,53,44,202,164,1072,74,2216.9,8,0,2140.0,2512.0,7,21,88,52,4,7,8,52,6,6,10,36,36,58,43,31,35,1,3,10,39,96,85,27,12,26,11,38,3,11,9,2,2008-09
1802,Brad Miller,Brad,1610612741,CHI,33.0,70,25,45,0.357,2100.1516666666666,292,614,0.476,23,56,0.411,224,272,0.824,150,395,545,234,130,52,36,56,223,257,831,-128,1970.0,16,0,1809.0,2108.0,37,57,102,85,21,27,25,76,10,10,11,11,12,14,30,25,27,3,17,16,58,102,95,11,21,97,22,20,3,22,20,2,2008-09
2217,Brendan Haywood,Brendan,1610612764,WAS,29.0,6,2,4,0.333,175.4,24,50,0.48,0,0,0.0,10,21,0.476,13,31,44,8,9,4,15,6,14,12,58,-28,170.8,2,0,148.0,175.0,110,109,8,90,100,95,98,74,32,68,32,97,93,104,97,94,96,91,98,95,85,24,12,98,96,62,94,53,3,95,94,1,2008-09
2243,Brian Scalabrine,Brian,1610612738,BOS,31.0,39,31,8,0.795,504.45166666666665,48,114,0.421,24,61,0.393,16,18,0.889,7,43,50,18,12,7,10,5,73,22,136,106,262.0,0,0,262.0,273.0,80,39,16,8,82,82,80,97,9,9,14,89,96,3,106,87,93,74,93,83,94,18,35,89,82,20,85,74,3,83,84,1,2008-09
1730,Brian Skinner,Brian,1610612746,LAC,33.0,51,8,43,0.157,843.0216666666666,92,205,0.449,0,2,0.0,30,47,0.638,72,131,203,27,43,17,52,18,94,42,214,-281,662.1,3,0,582.0,678.0,69,97,99,111,69,68,65,90,32,36,32,71,72,72,70,68,71,66,62,68,42,56,41,79,69,113,71,50,3,71,71,1,2008-09
201572,Brook Lopez,Brook,1610612751,NJN,21.0,82,34,48,0.415,2501.4016666666666,448,844,0.531,0,2,0.0,172,217,0.793,225,440,665,86,147,44,151,74,257,192,1068,-103,2433.0,18,0,2209.0,2490.0,1,35,106,71,10,7,9,37,32,36,32,17,20,21,7,16,13,29,11,27,4,109,110,19,13,89,9,18,3,9,10,1,2008-09
1916,Calvin Booth,Calvin,1610612758,SAC,33.0,8,2,6,0.25,55.45,5,10,0.5,0,0,0.0,6,8,0.75,5,6,11,0,1,1,2,1,10,6,16,-22,37.2,0,0,33.0,36.0,109,109,14,99,109,109,109,56,32,68,32,103,104,35,110,110,111,108,113,105,107,6,10,105,108,60,110,74,3,110,110,2,2008-09
200798,Cheikh Samb,Cheikh,1610612752,NYK,24.0,18,8,10,0.444,83.12833333333333,6,32,0.188,0,3,0.0,3,7,0.429,10,14,24,1,3,3,10,3,7,5,15,0,81.3,0,0,66.0,80.0,103,97,18,64,107,107,103,116,32,31,32,109,107,106,101,108,107,106,109,98,94,14,8,107,110,48,105,74,3,106,106,3,2008-09
2365,Chris Andersen,Chris,1610612743,DEN,30.0,71,45,26,0.634,1459.6316666666667,160,292,0.548,2,10,0.2,130,181,0.718,163,279,442,31,69,41,175,26,174,172,452,99,1607.9,5,0,1359.0,1604.0,34,16,55,28,41,52,54,29,18,18,27,27,27,48,26,37,32,59,47,30,2,75,75,23,47,21,34,43,3,38,35,1,2008-09
2549,Chris Kaman,Chris,1610612746,LAC,27.0,31,6,25,0.194,920.6316666666667,161,305,0.528,0,0,0.0,51,75,0.68,75,172,247,46,84,17,45,23,93,79,373,-164,840.4,9,0,790.0,898.0,88,102,52,108,68,51,52,41,32,68,32,58,60,60,68,57,62,50,34,68,51,66,40,59,55,100,60,36,3,57,57,1,2008-09
2036,Chris Mihm,Chris,1610612747,LAL,29.0,18,17,1,0.944,104.81333333333333,15,40,0.375,0,0,0.0,6,7,0.857,15,19,34,10,10,1,6,6,23,8,36,-44,102.8,0,0,94.0,111.0,103,73,1,1,104,101,100,108,32,68,32,103,107,7,95,103,101,87,96,105,100,24,17,103,102,68,102,74,3,102,102,1,2008-09
2404,Chris Wilcox,Chris,1610612752,NYK,26.0,62,15,47,0.242,1049.6266666666668,184,370,0.497,0,4,0.0,79,140,0.564,96,181,277,47,75,26,16,24,137,113,447,-181,900.9,3,0,855.0,944.0,49,83,104,100,59,46,44,60,32,26,32,46,40,92,53,53,54,49,41,51,83,71,60,45,50,102,55,50,3,54,55,2,2008-09
201235,Courtney Sims,Courtney,1610612752,NYK,25.0,2,0,2,0.0,13.283333333333333,3,6,0.5,0,0,0.0,0,0,0.0,2,2,4,0,1,0,0,1,1,0,6,1,9.8,0,0,10.0,10.0,114,114,4,114,113,112,114,56,32,68,32,114,114,114,113,114,113,108,113,111,114,6,2,114,112,46,114,74,3,114,114,2,2008-09
2788,DJ Mbenga,DJ,1610612747,LAL,28.0,23,17,6,0.739,181.31333333333333,27,57,0.474,0,1,0.0,7,8,0.875,9,22,31,9,13,10,24,4,33,8,61,1,200.7,0,0,169.0,212.0,96,73,14,12,99,93,96,79,32,51,32,101,104,5,103,100,103,88,91,79,71,17,19,103,95,46,93,74,3,93,93,1,2008-09
2429,Dan Gadzuric,Dan,1610612749,MIL,31.0,67,25,42,0.373,941.235,117,244,0.48,0,2,0.0,37,68,0.544,95,160,255,39,41,32,43,15,162,79,271,-54,819.5,4,0,715.0,829.0,43,57,95,80,67,61,61,75,32,36,32,65,62,98,55,61,60,54,64,42,53,50,70,59,62,77,61,46,3,61,61,1,2008-09
2443,Darius Songaila,Darius,1610612764,WAS,31.0,77,18,59,0.234,1521.2633333333333,243,457,0.532,0,1,0.0,80,90,0.889,75,152,227,94,74,64,20,28,200,99,566,-125,1157.4,0,0,1055.0,1233.0,20,71,115,102,39,35,36,35,32,51,32,45,53,3,68,64,68,25,42,6,74,77,84,52,37,95,47,74,3,46,43,1,2008-09
2545,Darko Milicic,Darko,1610612763,MEM,24.0,61,22,39,0.361,1034.3816666666667,137,266,0.515,0,0,0.0,59,105,0.562,83,181,264,34,48,22,51,26,134,91,333,-80,871.8,5,0,777.0,884.0,54,64,87,84,62,59,59,46,32,68,32,53,49,93,64,53,56,55,56,58,43,75,58,54,59,84,57,43,3,59,59,1,2008-09
101135,David Lee,David,1610612752,NYK,26.0,81,32,49,0.395,2824.06,522,951,0.549,0,3,0.0,249,330,0.755,256,695,951,174,150,80,22,102,260,236,1293,-197,2851.2,65,0,2622.0,2898.0,7,36,108,76,2,4,6,27,32,31,32,10,11,33,5,3,2,4,9,2,73,116,112,16,5,106,4,1,3,4,4,1,2008-09
201599,DeAndre Jordan,DeAndre,1610612746,LAC,20.0,53,11,42,0.208,771.3916666666667,93,147,0.633,0,0,0.0,42,109,0.385,72,165,237,11,41,11,59,13,96,86,228,-243,697.9,3,0,616.0,697.0,67,90,95,105,72,67,76,6,32,68,32,63,48,108,70,60,65,84,64,76,33,43,43,55,67,110,69,50,3,68,70,1,2008-09
2205,DeSagana Diop,DeSagana,1610612766,CHA,27.0,75,38,37,0.507,1036.295,74,171,0.433,0,0,0.0,22,66,0.333,114,159,273,32,39,29,56,14,128,58,170,-149,761.6,0,0,645.0,762.0,27,30,84,51,61,73,69,95,32,68,32,81,64,111,48,62,55,56,68,47,36,46,55,67,75,99,64,74,3,67,65,2,2008-09
87,Dikembe Mutombo,Dikembe,1610612745,HOU,43.0,9,6,3,0.667,96.29833333333333,5,13,0.385,0,0,0.0,6,9,0.667,12,21,33,0,6,0,11,1,11,10,16,0,82.6,1,0,71.0,82.0,108,102,6,19,105,109,107,106,32,68,32,103,103,62,99,101,102,108,106,111,91,6,11,102,108,48,104,60,3,104,104,1,2008-09
2400,Drew Gooden,Drew,1610612759,SAS,27.0,51,26,25,0.51,1264.0883333333334,237,506,0.468,0,4,0.0,131,156,0.84,113,249,362,48,76,30,18,28,144,136,605,-127,1179.4,12,0,1111.0,1207.0,69,54,52,49,49,37,30,85,32,26,32,26,35,9,49,46,46,48,40,43,77,77,64,35,34,96,45,31,3,43,46,3,2008-09
101204,Dwayne Jones,Dwayne,1610612766,CHA,26.0,6,2,4,0.333,52.46333333333333,4,7,0.571,0,0,0.0,4,6,0.667,6,6,12,0,4,0,1,2,6,5,12,2,25.4,0,0,26.0,27.0,110,109,8,90,110,111,112,16,32,68,32,107,109,62,108,110,110,108,107,111,108,10,7,107,111,45,112,74,3,111,112,1,2008-09
2730,Dwight Howard,Dwight,1610612753,ORL,23.0,79,57,22,0.722,2821.235,560,979,0.572,0,2,0.0,504,849,0.594,336,757,1093,112,240,77,231,86,270,697,1624,550,3787.6,63,1,3445.0,3865.0,15,3,45,15,3,3,3,15,32,36,32,1,1,85,1,1,1,19,1,3,1,112,115,1,1,2,1,2,1,1,1,1,2008-09
2201,Eddy Curry,Eddy,1610612752,NYK,26.0,3,0,3,0.0,11.76,2,2,1.0,0,0,0.0,1,3,0.333,0,4,4,0,2,0,0,0,5,3,5,-14,7.8,0,0,9.0,9.0,113,114,6,114,114,114,115,1,32,68,32,113,112,111,116,113,113,108,111,111,114,1,5,110,115,57,115,74,3,115,115,1,2008-09
2731,Emeka Okafor,Emeka,1610612766,CHA,26.0,82,35,47,0.427,2691.338333333333,433,772,0.561,0,0,0.0,219,369,0.593,275,552,827,53,144,48,136,91,247,279,1085,22,2564.9,39,0,2333.0,2570.0,1,34,104,67,5,9,13,23,32,68,32,13,7,86,2,5,4,45,13,23,8,115,105,8,11,33,6,4,3,7,6,1,2008-09
956,Erick Dampier,Erick,1610612742,DAL,33.0,80,49,31,0.613,1835.9033333333334,182,280,0.65,0,0,0.0,90,141,0.638,216,349,565,77,74,24,95,23,191,127,454,61,1530.5,6,0,1334.0,1530.0,13,13,74,30,32,48,56,4,32,68,32,43,39,72,9,28,23,37,42,55,17,66,81,40,46,28,37,41,3,40,37,1,2008-09
2041,Etan Thomas,Etan,1610612764,WAS,31.0,26,4,22,0.154,305.655,32,66,0.485,0,0,0.0,16,23,0.696,25,41,66,6,18,3,18,6,35,26,80,-101,213.2,0,0,194.0,221.0,93,107,45,112,90,90,93,70,32,68,32,89,91,56,89,89,89,98,86,98,77,24,22,86,90,88,90,74,3,91,91,1,2008-09
101177,Fabricio Oberto,Fabricio,1610612759,SAS,34.0,54,37,17,0.685,676.615,61,104,0.587,0,1,0.0,20,35,0.571,65,77,142,59,38,7,11,13,95,58,142,-51,416.9,0,0,379.0,456.0,66,31,32,18,76,79,81,10,32,51,32,84,80,90,74,80,78,43,69,83,91,43,42,67,81,74,81,74,3,80,79,1,2008-09
1922,Francisco Elson,Francisco,1610612749,MIL,33.0,59,22,37,0.373,977.2633333333333,83,169,0.491,1,4,0.25,33,39,0.846,100,129,229,32,48,36,36,14,144,55,200,-64,690.8,1,0,606.0,709.0,59,64,84,81,66,70,70,65,24,26,21,69,78,8,51,69,67,56,56,33,58,46,64,70,70,80,70,60,3,69,69,1,2008-09
201141,Greg Oden,Greg,1610612757,POR,21.0,61,40,21,0.656,1313.8933333333334,198,351,0.564,0,0,0.0,144,226,0.637,169,255,424,31,87,25,69,37,238,200,540,170,1290.3,16,0,1183.0,1308.0,54,25,42,25,46,41,47,21,32,68,32,23,18,74,23,42,37,59,31,54,31,86,99,17,38,14,42,20,3,42,42,1,2008-09
201632,Hamed Haddadi,Hamed,1610612763,MEM,24.0,19,8,11,0.421,119.67666666666666,15,31,0.484,0,0,0.0,18,30,0.6,16,31,47,8,9,1,12,2,20,20,48,50,146.4,0,0,129.0,150.0,100,97,23,69,103,101,104,72,32,68,32,87,85,80,93,94,94,91,98,105,90,10,16,91,100,30,96,74,3,99,97,1,2008-09
200756,Hilton Armstrong,Hilton,1610612740,NOH,24.0,70,40,30,0.571,1092.0066666666667,138,246,0.561,0,2,0.0,62,98,0.633,81,114,195,29,80,26,45,22,181,108,338,-75,748.5,1,0,704.0,804.0,37,25,72,37,58,58,60,22,32,36,32,51,51,75,66,73,73,64,37,51,51,63,76,49,58,83,65,60,3,62,62,1,2008-09
201580,JaVale McGee,JaVale,1610612764,WAS,21.0,75,17,58,0.227,1142.5916666666667,191,387,0.494,0,0,0.0,107,162,0.66,120,174,294,23,61,33,75,37,155,131,489,-292,1139.3,4,0,1022.0,1153.0,27,73,113,104,54,43,42,64,32,68,32,34,32,67,42,55,49,70,50,40,28,86,68,39,42,114,48,46,3,47,48,1,2008-09
2063,Jake Voskuhl,Jake,1610612761,TOR,31.0,38,17,21,0.447,239.79833333333335,12,45,0.267,0,0,0.0,11,14,0.786,21,38,59,8,17,3,4,2,60,12,35,-3,121.8,0,0,116.0,131.0,84,73,42,63,93,103,99,115,32,68,32,95,98,26,90,92,92,91,87,98,103,10,29,98,103,51,101,74,3,101,101,1,2008-09
2048,Jamaal Magloire,Jamaal,1610612748,MIA,31.0,55,28,27,0.509,708.925,65,131,0.496,0,0,0.0,29,60,0.483,82,140,222,22,32,11,25,14,121,86,159,32,534.4,1,0,475.0,533.0,65,48,59,50,74,78,78,63,32,68,32,74,68,103,65,66,69,71,74,76,68,46,52,55,78,32,73,60,3,74,74,1,2008-09
2407,Jared Jeffries,Jared,1610612752,NYK,27.0,56,22,34,0.393,1309.6966666666667,120,273,0.44,1,12,0.083,55,90,0.611,128,103,231,80,65,47,33,29,153,102,296,-94,868.2,1,0,768.0,927.0,62,64,79,77,48,60,57,94,24,17,31,56,53,79,37,77,66,35,48,25,61,79,67,51,60,87,58,60,3,60,56,1,2008-09
2260,Jarron Collins,Jarron,1610612762,UTA,30.0,26,16,10,0.615,201.335,16,35,0.457,0,0,0.0,8,11,0.727,20,17,37,7,9,2,1,8,35,14,40,-23,94.9,0,0,90.0,100.0,93,80,18,29,96,100,102,88,32,68,32,98,100,42,92,105,99,96,98,102,108,31,22,95,101,61,103,74,3,103,103,1,2008-09
2215,Jason Collins,Jason,1610612750,MIN,30.0,31,6,25,0.194,422.17,22,70,0.314,0,0,0.0,13,28,0.464,28,42,70,11,12,9,13,9,73,40,57,-184,211.5,0,0,182.0,215.0,88,102,52,108,84,97,91,112,32,68,32,92,88,105,87,88,87,84,93,81,88,34,35,81,97,104,91,74,3,92,92,1,2008-09
1902,Jeff Foster,Jeff,1610612754,IND,32.0,74,31,43,0.419,1827.8133333333333,177,353,0.501,2,7,0.286,96,146,0.658,215,293,508,130,88,53,49,22,229,169,452,93,1474.6,5,0,1296.0,1526.0,31,39,99,70,35,49,46,55,18,22,20,40,38,69,10,35,28,11,30,13,47,63,97,24,47,22,39,43,3,41,38,1,2008-09
979,Jermaine O'Neal,Jermaine,1610612748,MIA,30.0,68,28,40,0.412,2027.575,365,770,0.474,0,1,0.0,175,222,0.788,126,307,433,122,144,29,136,80,211,251,905,-118,1958.6,8,0,1790.0,2077.0,42,48,88,73,24,16,14,78,32,51,32,16,19,24,38,34,34,15,13,47,8,111,90,12,17,93,23,38,3,23,22,2,2008-09
1744,Jerome James,Jerome,1610612752,NYK,33.0,2,1,1,0.5,9.833333333333334,3,8,0.375,0,0,0.0,0,0,0.0,1,2,3,0,1,1,1,0,2,0,6,0,14.6,0,0,13.0,15.0,114,112,1,53,115,112,111,108,32,68,32,114,114,114,115,114,115,108,113,105,108,1,3,114,112,48,113,74,3,113,113,1,2008-09
201149,Joakim Noah,Joakim,1610612741,CHI,24.0,80,39,41,0.488,1938.27,207,372,0.556,0,1,0.0,123,182,0.676,244,362,606,106,82,49,110,51,238,174,537,66,1818.2,10,0,1567.0,1832.0,13,29,91,57,27,40,43,25,32,51,32,30,25,61,6,27,19,22,35,20,11,101,99,22,39,27,27,35,3,30,27,1,2008-09
693,Joe Smith,Joe,1610612739,CLE,33.0,57,25,32,0.439,1101.7833333333333,156,333,0.468,3,7,0.429,59,82,0.72,89,174,263,41,25,17,40,23,122,86,374,-31,897.1,1,0,795.0,890.0,61,57,76,65,57,56,48,84,16,22,8,53,57,47,59,55,57,53,79,68,55,66,54,55,54,64,56,60,3,56,58,2,2008-09
201202,Joel Anthony,Joel,1610612748,MIA,26.0,65,36,29,0.554,1048.3016666666667,57,118,0.483,0,0,0.0,30,46,0.652,89,108,197,27,41,20,93,18,139,51,144,-84,718.9,1,0,594.0,734.0,46,32,66,41,60,80,79,73,32,68,32,71,73,70,59,74,72,66,64,63,19,56,62,73,79,86,68,60,3,70,68,1,2008-09
2038,Joel Przybilla,Joel,1610612757,POR,29.0,82,54,28,0.659,1952.01,168,269,0.625,0,1,0.0,112,169,0.663,204,513,717,27,78,34,97,25,215,165,448,297,1663.9,11,0,1454.0,1612.0,1,7,63,23,25,50,58,7,32,51,32,33,31,65,12,9,9,66,39,36,14,72,92,26,49,10,33,33,3,33,34,1,2008-09
101130,Johan Petro,Johan,1610612743,DEN,23.0,49,20,29,0.408,558.7116666666667,73,176,0.415,0,2,0.0,16,29,0.552,42,116,158,16,28,19,15,5,107,26,162,-181,449.6,0,0,404.0,454.0,73,68,66,74,80,74,68,100,32,36,32,89,86,94,82,72,76,78,76,65,85,18,48,86,77,102,79,74,3,79,80,2,2008-09
200767,Josh Boone,Josh,1610612751,NJN,24.0,62,21,41,0.339,994.675,113,214,0.528,0,0,0.0,32,85,0.376,104,154,258,31,31,22,48,17,106,66,258,-43,793.1,2,0,687.0,788.0,49,67,91,89,65,63,63,40,32,68,32,70,56,109,50,63,58,59,75,58,49,54,47,64,63,67,62,53,3,63,63,1,2008-09
2694,Josh Powell,Josh,1610612747,LAL,26.0,60,49,11,0.817,703.12,106,239,0.444,0,0,0.0,38,50,0.76,71,105,176,27,51,9,17,25,98,47,250,-170,528.7,0,0,505.0,558.0,56,13,23,4,75,64,62,93,32,68,32,64,71,31,72,75,75,66,53,81,81,72,45,76,64,101,74,74,3,73,73,1,2008-09
2570,Kendrick Perkins,Kendrick,1610612738,BOS,24.0,76,57,19,0.75,2253.28,276,478,0.577,0,2,0.0,96,160,0.6,204,415,619,96,165,22,150,49,253,154,648,337,1885.8,12,0,1707.0,1975.0,26,3,37,11,17,29,35,13,32,36,32,40,34,80,12,20,16,24,5,58,5,99,108,32,31,8,25,31,3,25,24,1,2008-09
201567,Kevin Love,Kevin,1610612750,MIN,20.0,81,24,57,0.296,2047.7016666666666,316,688,0.459,2,19,0.105,265,336,0.789,274,460,734,84,118,35,50,78,205,268,899,-271,2042.8,29,0,1889.0,2056.0,7,61,112,94,22,22,20,87,18,16,30,9,9,23,3,13,7,31,19,34,44,110,87,9,18,112,19,9,3,16,23,1,2008-09
201585,Kosta Koufos,Kosta,1610612762,UTA,20.0,48,27,21,0.563,565.1883333333334,94,185,0.508,0,0,0.0,36,51,0.706,50,88,138,20,26,12,31,10,70,39,224,-12,522.6,0,0,468.0,531.0,74,52,42,39,79,66,67,51,32,68,32,67,70,52,78,78,79,73,78,75,64,36,33,82,68,56,75,74,3,76,75,1,2008-09
703,Kurt Thomas,Kurt,1610612759,SAS,36.0,79,52,27,0.658,1403.695,153,304,0.503,0,2,0.0,37,45,0.822,134,271,405,66,42,34,58,15,170,69,343,112,1162.0,2,0,998.0,1156.0,15,10,59,24,44,57,53,53,32,36,32,65,74,15,36,39,39,40,63,36,34,50,72,62,57,19,46,53,3,48,47,1,2008-09
2198,Kwame Brown,Kwame,1610612765,DET,27.0,58,29,29,0.5,998.6933333333334,90,169,0.533,0,0,0.0,63,122,0.516,91,199,290,32,50,24,24,16,138,110,243,-8,733.0,2,0,661.0,741.0,60,46,66,53,64,69,70,33,32,68,32,49,47,99,58,49,51,56,55,55,71,52,61,46,65,52,66,53,3,65,67,1,2008-09
201178,Kyrylo Fesenko,Kyrylo,1610612762,UTA,22.0,21,11,10,0.524,156.005,21,36,0.583,0,0,0.0,7,21,0.333,14,23,37,4,9,7,15,5,35,14,49,5,156.4,1,0,134.0,160.0,98,90,18,46,101,98,101,11,32,68,32,101,93,111,96,99,99,99,98,83,85,18,22,95,99,41,95,60,3,97,95,1,2008-09
953,Lorenzen Wright,Lorenzen,1610612739,CLE,33.0,17,13,4,0.765,124.91,10,27,0.37,0,0,0.0,3,8,0.375,7,18,25,3,9,4,5,5,17,5,23,4,75.5,0,0,69.0,81.0,105,88,8,10,102,104,105,110,32,68,32,109,104,110,106,104,106,101,98,95,102,18,14,107,104,44,106,74,3,105,105,1,2008-09
2449,Luis Scola,Luis,1610612745,HOU,29.0,82,53,29,0.646,2487.94,424,799,0.531,0,3,0.0,196,258,0.76,200,520,720,123,123,68,11,60,261,250,1044,212,2206.5,28,0,2045.0,2247.0,1,9,66,27,11,13,12,38,32,31,32,14,14,32,16,7,8,14,18,5,91,106,113,13,14,12,13,10,3,13,13,1,2008-09
201188,Marc Gasol,Marc,1610612763,MEM,24.0,82,24,58,0.293,2520.98,350,661,0.53,0,1,0.0,275,375,0.733,201,404,605,143,164,63,90,48,265,393,975,-339,2210.5,17,0,2029.0,2325.0,1,61,113,95,8,18,22,39,32,51,32,6,6,40,15,23,20,9,6,7,21,98,114,3,16,115,12,19,3,14,12,1,2008-09
101162,Marcin Gortat,Marcin,1610612753,ORL,25.0,63,46,17,0.73,794.0683333333334,106,187,0.567,1,1,1.0,26,45,0.578,96,190,286,14,25,18,53,16,111,59,239,-53,791.2,4,0,682.0,766.0,48,15,32,14,71,64,66,18,24,51,1,77,74,88,53,50,52,79,79,66,39,52,49,66,66,76,63,46,3,64,64,1,2008-09
948,Marcus Camby,Marcus,1610612746,LAC,35.0,62,16,46,0.258,1925.365,254,496,0.512,1,4,0.25,132,182,0.725,161,529,690,127,93,51,132,20,129,141,641,-205,2115.5,25,0,1825.0,2134.0,49,80,103,97,29,33,34,48,24,26,21,25,25,44,28,6,12,12,25,18,10,60,56,33,32,108,15,12,3,21,18,1,2008-09
1548,Mark Blount,Mark,1610612748,MIA,33.0,20,8,12,0.4,207.14666666666668,30,78,0.385,11,27,0.407,8,13,0.615,10,31,41,4,14,1,7,3,17,11,79,8,144.2,0,0,151.0,152.0,99,97,26,75,95,91,88,106,13,14,13,98,99,78,101,94,97,99,89,105,99,14,14,100,92,37,97,74,3,94,96,1,2008-09
201578,Marreese Speights,Marreese,1610612755,PHI,21.0,79,41,38,0.519,1262.4233333333334,252,502,0.502,2,8,0.25,102,132,0.773,123,170,293,30,46,27,56,32,181,110,608,-82,1207.6,1,0,1099.0,1210.0,15,21,86,47,50,34,32,54,18,21,21,35,44,29,41,58,50,63,59,50,36,82,76,46,33,85,43,60,3,44,45,1,2008-09
2588,Matt Bonner,Matt,1610612759,SAS,29.0,81,54,27,0.667,1927.7266666666667,266,536,0.496,118,268,0.44,17,23,0.739,97,289,386,82,37,47,26,12,190,53,667,341,1435.2,1,0,1399.0,1436.0,7,7,59,19,28,32,27,62,3,4,7,88,91,37,52,36,42,33,70,25,66,40,79,71,30,7,40,60,3,35,41,1,2008-09
2246,Mehmet Okur,Mehmet,1610612762,UTA,30.0,72,44,28,0.611,2409.08,431,888,0.485,90,202,0.446,273,334,0.817,124,433,557,120,132,54,53,42,219,267,1225,163,2262.4,23,0,2206.0,2343.0,33,19,63,32,14,10,7,68,5,5,6,7,10,16,40,18,24,17,16,12,39,94,94,10,6,15,10,13,3,10,11,1,2008-09
2408,Melvin Ely,Melvin,1610612740,NOH,31.0,31,16,15,0.516,373.06333333333333,37,95,0.389,0,0,0.0,23,36,0.639,30,34,64,18,23,2,9,12,58,45,97,-28,210.8,0,0,201.0,230.0,88,80,29,48,85,87,85,104,32,68,32,80,79,71,86,93,91,74,82,102,96,40,28,78,87,62,92,74,3,90,89,1,2008-09
1913,Michael Ruffin,Michael,1610612757,POR,32.0,11,9,2,0.818,35.27166666666667,2,7,0.286,0,0,0.0,2,2,1.0,6,5,11,0,2,3,1,2,7,2,6,-10,29.2,0,0,25.0,29.0,106,95,4,3,111,114,112,114,32,68,32,112,113,1,108,112,111,108,111,98,108,10,8,111,112,54,111,74,3,112,111,1,2008-09
1630,Mikki Moore,Mikki,1610612738,BOS,33.0,70,26,44,0.371,1201.635,114,206,0.553,0,0,0.0,48,61,0.787,76,182,258,53,48,17,19,18,208,99,276,-118,725.1,1,0,659.0,748.0,37,54,101,82,53,62,64,26,32,68,32,59,67,25,67,52,58,45,56,68,75,56,88,52,61,93,67,60,3,66,66,2,2008-09
200754,Mouhamed Sene,Mouhamed,1610612752,NYK,23.0,6,1,5,0.167,28.116666666666667,6,9,0.667,0,0,0.0,8,10,0.8,5,9,14,0,4,1,3,0,2,6,20,5,44.8,0,0,42.0,46.0,110,112,12,110,112,107,110,3,32,68,32,98,101,17,110,109,109,108,107,105,104,1,3,105,105,41,109,74,3,109,109,2,2008-09
1737,Nazr Mohammed,Nazr,1610612766,CHA,31.0,39,15,24,0.385,341.12833333333333,41,101,0.406,0,0,0.0,22,40,0.55,35,44,79,8,23,5,16,9,63,27,104,-45,250.8,0,0,233.0,262.0,80,83,50,78,88,84,82,103,32,68,32,81,77,96,83,86,84,91,82,92,83,34,31,85,85,69,86,74,3,85,86,1,2008-09
2420,Nenad Krstic,Nenad,1610612760,OKC,25.0,46,17,29,0.37,1141.265,191,407,0.469,0,0,0.0,63,79,0.797,85,168,253,29,45,21,49,17,114,71,445,-132,957.1,1,0,867.0,966.0,75,73,66,83,55,43,41,83,32,68,32,49,59,19,62,59,61,64,61,62,47,54,51,61,51,98,54,60,3,53,54,1,2008-09
2403,Nene,ene,1610612743,DEN,26.0,77,51,26,0.662,2510.43,428,709,0.604,1,5,0.2,266,368,0.723,183,415,598,108,147,95,101,59,278,353,1123,301,2443.6,20,0,2222.0,2525.0,20,11,55,22,9,12,19,9,24,25,27,8,8,45,19,20,21,21,11,1,13,104,116,6,10,9,8,15,3,8,7,1,2008-09
2555,Nick Collison,Nick,1610612760,OKC,28.0,71,18,53,0.254,1831.2933333333333,243,428,0.568,0,2,0.0,98,136,0.721,181,308,489,66,73,51,50,37,239,122,584,-212,1499.8,11,0,1341.0,1508.0,34,71,110,98,34,35,39,17,32,36,32,37,41,46,20,33,31,40,44,18,44,86,101,43,36,109,38,33,3,39,39,1,2008-09
200762,Oleksiy Pecherov,Oleksiy,1610612764,WAS,23.0,32,3,29,0.094,277.3016666666667,39,101,0.386,14,43,0.326,24,29,0.828,35,41,76,2,10,6,3,6,34,20,116,-63,227.2,0,0,226.0,223.0,87,108,66,113,91,86,82,105,12,11,19,79,86,12,83,89,86,104,96,90,104,24,20,91,83,79,89,74,3,88,90,1,2008-09
200753,Patrick O'Bryant,Patrick,1610612761,TOR,23.0,39,27,12,0.692,254.975,45,84,0.536,0,2,0.0,11,20,0.55,13,53,66,11,22,6,19,8,61,14,101,8,249.7,0,0,228.0,264.0,80,52,26,17,92,83,87,31,32,36,32,95,95,96,97,83,89,84,84,90,75,31,30,95,86,37,87,74,3,86,85,2,2008-09
2200,Pau Gasol,Pau,1610612747,LAL,28.0,81,64,17,0.79,2999.3516666666665,592,1045,0.567,1,2,0.5,343,439,0.781,262,518,780,284,157,52,81,66,172,370,1528,570,3132.0,37,1,2859.0,3275.0,7,2,32,9,1,1,1,19,24,36,4,3,4,27,4,8,5,2,8,16,26,108,74,5,2,1,2,6,1,2,2,1,2008-09
200781,Paul Davis,Paul,1610612746,LAC,24.0,27,7,20,0.259,319.62,40,98,0.408,0,1,0.0,27,34,0.794,28,39,67,12,13,10,3,10,44,26,107,-36,231.4,0,0,212.0,237.0,92,101,38,96,89,85,84,102,32,51,32,75,82,20,87,91,88,82,91,79,104,36,26,86,84,66,88,74,3,89,88,1,2008-09
201043,Randolph Morris,Randolph,1610612737,ATL,23.0,23,11,12,0.478,88.51166666666667,7,17,0.412,0,0,0.0,4,4,1.0,4,16,20,2,7,2,1,3,25,2,18,13,47.0,0,0,46.0,51.0,96,90,26,59,106,105,106,101,32,68,32,107,111,1,112,107,108,104,104,102,108,14,18,111,106,36,108,74,3,108,108,1,2008-09
739,Rasheed Wallace,Rasheed,1610612765,DET,34.0,66,32,34,0.485,2122.505,302,720,0.419,113,319,0.354,78,101,0.772,56,434,490,91,59,62,86,11,197,84,795,83,1904.5,15,0,1785.0,1911.0,45,36,79,58,20,25,18,98,4,2,16,47,50,30,76,17,29,27,51,9,23,39,83,58,23,25,24,26,3,24,25,1,2008-09
1725,Rasho Nesterovic,Rasho,1610612754,IND,33.0,70,30,40,0.429,1214.2666666666667,224,437,0.513,0,1,0.0,25,32,0.781,93,147,240,109,63,30,38,21,171,50,473,-108,1065.5,2,0,958.0,1135.0,37,42,88,66,51,38,37,47,32,51,32,78,83,28,56,65,64,20,49,43,56,62,73,75,44,91,51,53,3,51,49,1,2008-09
2741,Robert Swift,Robert,1610612760,OKC,23.0,26,6,20,0.231,342.605,37,71,0.521,0,0,0.0,12,16,0.75,21,68,89,9,8,5,17,6,50,15,86,-49,264.3,0,0,228.0,259.0,93,102,38,103,87,87,90,43,32,68,32,94,97,35,90,81,83,88,103,92,81,24,27,94,89,72,84,74,3,86,87,1,2008-09
201577,Robin Lopez,Robin,1610612756,PHX,21.0,60,32,28,0.533,614.3333333333334,71,137,0.518,0,1,0.0,47,68,0.691,52,66,118,8,28,11,41,14,97,47,189,-57,470.6,0,0,419.0,479.0,56,36,63,42,77,75,77,44,32,51,32,60,62,57,77,82,81,91,76,76,54,46,44,76,73,78,78,74,3,78,78,1,2008-09
101142,Ronny Turiaf,Ronny,1610612744,GSW,26.0,79,28,51,0.354,1695.6833333333334,186,366,0.508,0,3,0.0,98,124,0.79,88,272,360,166,70,34,168,23,243,134,470,-47,1687.0,2,0,1400.0,1768.0,15,48,109,87,38,45,45,50,32,31,32,37,45,22,61,38,48,6,45,36,3,66,104,37,45,71,31,53,3,34,31,1,2008-09
201579,Roy Hibbert,Roy,1610612754,IND,22.0,70,29,41,0.414,1009.1016666666667,198,420,0.471,0,0,0.0,98,147,0.667,115,128,243,49,55,20,76,50,215,134,494,-64,1092.1,0,0,978.0,1123.0,37,46,91,72,63,41,40,81,32,68,32,37,36,62,47,70,63,47,52,63,27,100,92,37,41,80,49,74,3,50,50,1,2008-09
200797,Ryan Hollins,Ryan,1610612742,DAL,24.0,45,25,20,0.556,444.37166666666667,50,94,0.532,0,0,0.0,43,72,0.597,46,51,97,7,24,7,32,20,78,60,143,22,362.9,0,0,325.0,371.0,77,57,38,40,83,81,86,34,32,68,32,62,61,83,80,84,82,96,81,83,63,60,38,65,80,33,82,74,3,82,82,2,2008-09
2223,Samuel Dalembert,Samuel,1610612755,PHI,29.0,82,41,41,0.5,2036.0983333333334,216,434,0.498,0,2,0.0,91,124,0.734,214,487,701,18,117,33,146,29,248,107,523,51,1811.2,13,0,1600.0,1797.0,1,21,91,53,23,39,38,58,32,36,32,42,45,39,11,10,10,74,20,40,7,79,106,50,40,29,28,30,3,29,28,1,2008-09
1752,Sean Marks,Sean,1610612740,NOH,33.0,60,36,24,0.6,837.87,80,165,0.485,2,10,0.2,30,44,0.682,62,125,187,14,35,7,33,18,121,39,192,-49,522.4,0,0,475.0,527.0,56,32,50,33,70,72,73,70,18,18,27,71,76,59,75,71,74,79,71,83,61,56,52,82,72,72,76,74,3,74,76,1,2008-09
201157,Sean Williams,Sean,1610612751,NJN,22.0,33,15,18,0.455,366.38666666666666,30,72,0.417,0,0,0.0,20,32,0.625,34,45,79,13,20,7,29,8,72,41,80,-21,282.3,0,0,244.0,293.0,86,83,36,61,86,91,89,99,32,68,32,84,83,76,85,85,84,81,85,83,65,31,34,80,90,59,83,74,3,84,83,1,2008-09
406,Shaquille O'Neal,Shaquille,1610612756,PHX,37.0,75,44,31,0.587,2252.115,512,841,0.609,0,1,0.0,309,519,0.595,187,446,633,126,168,49,108,40,253,419,1333,136,2584.6,30,0,2406.0,2689.0,27,19,74,35,18,5,10,8,32,51,32,5,2,84,17,15,14,13,4,20,12,92,108,2,4,16,5,7,3,6,5,1,2008-09
200749,Shelden Williams,Shelden,1610612750,MIN,25.0,45,9,36,0.2,512.625,70,157,0.446,0,2,0.0,46,63,0.73,49,104,153,12,34,22,18,22,64,53,186,-14,473.6,2,0,431.0,483.0,77,95,83,106,81,76,74,91,32,36,32,61,66,41,79,76,77,82,72,58,77,63,32,71,74,57,77,53,3,77,77,2,2008-09
201150,Spencer Hawes,Spencer,1610612758,SAC,21.0,77,15,62,0.195,2258.8966666666665,373,800,0.466,40,115,0.348,90,136,0.662,148,401,549,149,160,44,93,59,249,123,876,-535,2009.3,14,0,1888.0,2134.0,20,83,116,107,16,15,11,86,7,7,17,43,41,66,31,24,25,8,7,27,19,104,107,42,19,116,20,28,3,17,18,1,2008-09
201631,Steven Hill,Steven,1610612760,OKC,23.0,1,0,1,0.0,2.433333333333333,1,1,1.0,0,0,0.0,0,0,0.0,2,1,3,0,0,0,0,0,0,0,2,5,5.6,0,0,5.0,5.0,116,114,1,114,116,116,116,1,32,68,32,114,114,114,113,116,115,108,116,111,114,1,1,114,116,41,116,74,3,116,116,1,2008-09
2031,Stromile Swift,Stromile,1610612756,PHX,29.0,19,10,9,0.526,184.41833333333332,24,56,0.429,1,1,1.0,13,26,0.5,16,30,46,3,16,4,8,5,40,21,62,-9,141.7,1,0,136.0,150.0,100,94,17,45,97,95,97,96,24,51,1,92,90,100,93,97,95,101,88,95,97,18,25,90,94,53,98,60,3,96,97,2,2008-09
689,Theo Ratliff,Theo,1610612755,PHI,36.0,46,23,23,0.5,578.47,34,64,0.531,0,0,0.0,21,35,0.6,46,82,128,9,14,17,47,6,77,33,89,-32,434.1,0,0,354.0,427.0,75,63,48,53,78,89,95,36,32,68,32,83,80,80,80,79,80,88,89,68,50,24,37,84,88,65,80,74,3,81,81,1,2008-09
1499,Tony Battie,Tony,1610612753,ORL,33.0,77,55,22,0.714,1202.4133333333334,158,323,0.489,2,9,0.222,54,82,0.659,92,186,278,31,46,26,25,7,112,69,372,90,859.1,0,0,785.0,865.0,20,5,45,16,52,55,49,66,18,20,25,57,57,68,57,51,53,59,59,51,68,30,50,62,56,24,59,74,3,58,60,1,2008-09
2211,Troy Murphy,Troy,1610612754,IND,29.0,73,31,42,0.425,2482.385,364,767,0.475,161,358,0.45,152,184,0.826,146,715,861,172,114,58,34,43,226,164,1041,-46,2494.2,49,0,2419.0,2522.0,32,39,95,68,12,17,15,77,1,1,5,20,24,13,32,2,3,5,22,11,60,95,96,27,15,70,7,3,3,5,8,1,2008-09
2199,Tyson Chandler,Tyson,1610612740,NOH,26.0,45,30,15,0.667,1444.7333333333333,160,283,0.565,0,0,0.0,77,133,0.579,163,230,393,22,70,15,56,13,144,125,397,195,1044.6,15,0,954.0,1047.0,77,42,29,19,43,52,55,20,32,68,32,48,43,87,26,47,41,71,45,73,36,43,64,41,53,13,52,26,3,52,52,1,2008-09
2617,Udonis Haslem,Udonis,1610612748,MIA,29.0,75,40,35,0.533,2560.36,333,643,0.518,0,0,0.0,128,170,0.753,169,449,618,85,82,43,25,32,204,160,794,37,1785.1,20,0,1633.0,1786.0,27,25,82,42,7,20,23,45,32,68,32,28,30,34,23,14,17,30,35,29,68,82,86,30,24,31,29,15,3,27,30,1,2008-09
2397,Yao Ming,ao Ming,1610612745,HOU,28.0,77,50,27,0.649,2588.9066666666668,566,1032,0.548,1,1,1.0,381,440,0.866,204,557,761,137,234,30,150,90,257,384,1514,450,2938.7,38,0,2773.0,3089.0,20,12,59,26,6,2,2,28,24,51,1,2,3,6,12,4,6,10,2,43,5,114,110,4,3,4,3,5,3,3,3,1,2008-09
2216,Zach Randolph,Zach,1610612746,LAC,27.0,39,13,26,0.333,1368.5933333333332,333,684,0.487,25,73,0.342,124,177,0.701,117,250,367,88,91,30,13,38,105,157,815,-114,1425.4,21,0,1381.0,1487.0,80,88,55,90,45,20,21,67,8,8,18,29,28,54,44,45,45,28,27,43,88,90,46,31,22,92,41,14,3,37,40,1,2008-09
2585,Zaza Pachulia,Zaza,1610612737,ATL,25.0,77,45,32,0.584,1472.9,159,320,0.497,0,3,0.0,163,230,0.709,173,263,436,57,91,35,26,39,208,191,481,121,1181.7,4,0,1096.0,1214.0,20,16,76,36,40,54,50,61,32,31,32,18,17,50,21,40,33,44,27,34,66,91,88,20,43,17,44,46,3,45,44,1,2008-09
980,Zydrunas Ilgauskas,Zydrunas,1610612739,CLE,34.0,65,55,10,0.846,1765.3916666666667,342,724,0.472,15,39,0.385,139,174,0.799,157,333,490,64,90,28,84,33,183,122,838,489,1768.0,14,0,1631.0,1792.0,46,5,18,2,36,19,17,80,11,13,15,24,29,18,29,30,29,42,29,49,24,84,78,43,20,3,30,28,3,28,29,1,2008-09
201189,Aaron Gray,Aaron,1610612740,NOH,25.0,32,11,21,0.344,310.92833333333334,42,82,0.512,0,0,0.0,20,28,0.714,45,61,106,22,18,9,11,8,54,20,104,-13,306.2,0,0,272.0,314.0,82,86,42,81,86,80,80,47,28,68,28,75,78,42,71,77,75,62,81,75,83,32,26,87,79,55,78,64,2,77,77,2,2009-10
201143,Al Horford,Al,1610612737,ATL,24.0,81,52,29,0.642,2844.9416666666666,467,847,0.551,1,1,1.0,213,270,0.789,236,563,799,189,122,59,91,53,225,245,1148,458,2718.3,39,0,2437.0,2775.0,11,7,61,22,3,10,9,27,16,49,1,9,12,14,8,4,3,4,19,15,21,89,97,10,9,3,4,4,2,7,5,1,2009-10
2744,Al Jefferson,Al,1610612750,MIN,25.0,76,15,61,0.197,2463.16,560,1125,0.498,0,4,0.0,181,266,0.68,180,523,703,137,136,63,98,59,205,223,1301,-516,2697.1,35,0,2463.0,2761.0,24,74,108,101,10,4,5,59,28,29,28,17,14,53,20,7,13,15,11,13,17,92,83,15,7,108,6,8,2,5,6,1,2009-10
201582,Alexis Ajinca,Alexis,1610612766,CHA,22.0,6,1,5,0.167,29.516666666666666,5,10,0.5,0,0,0.0,0,1,0.0,1,3,4,0,2,1,1,1,5,5,10,4,18.8,0,0,18.0,20.0,107,107,6,104,107,105,106,53,28,68,28,106,107,106,107,107,107,105,104,101,104,5,3,101,106,39,107,64,2,107,107,1,2009-10
2760,Anderson Varejao,Anderson,1610612739,CLE,27.0,76,57,19,0.75,2165.6233333333334,267,467,0.572,1,5,0.2,116,175,0.663,189,389,578,87,67,71,67,36,223,176,651,512,1822.1,11,0,1593.0,1817.0,24,3,38,5,20,31,34,18,16,23,20,29,30,57,17,20,21,28,39,9,33,80,94,29,32,2,28,26,2,28,29,1,2009-10
101154,Andray Blatche,Andray,1610612764,WAS,23.0,81,26,55,0.321,2255.951666666667,478,999,0.478,13,44,0.295,174,234,0.744,158,351,509,170,182,85,71,87,218,221,1143,-281,2294.8,16,0,2147.0,2460.0,11,50,105,88,17,8,7,67,12,12,14,19,21,30,25,28,27,6,5,3,30,108,88,16,10,104,14,20,2,14,13,1,2009-10
200745,Andrea Bargnani,Andrea,1610612761,TOR,24.0,80,39,41,0.488,2799.285,537,1143,0.47,121,325,0.372,181,234,0.774,105,388,493,93,120,25,111,43,215,218,1376,-150,2395.1,10,0,2355.0,2463.0,17,29,89,59,5,6,3,74,3,3,8,17,21,17,45,21,28,25,20,44,11,84,87,17,5,93,12,27,2,10,12,1,2009-10
101106,Andrew Bogut,Andrew,1610612749,MIL,25.0,69,40,29,0.58,2229.37,473,910,0.52,0,2,0.0,149,237,0.629,208,493,701,127,131,39,175,64,222,294,1095,225,2637.7,37,0,2351.0,2692.0,39,26,61,41,18,9,8,44,28,41,28,28,19,66,13,9,14,19,13,26,2,101,92,6,12,12,8,6,2,11,9,1,2009-10
101115,Andrew Bynum,Andrew,1610612747,LAL,22.0,65,47,18,0.723,1976.9466666666667,392,688,0.57,0,1,0.0,193,261,0.739,177,364,541,68,115,35,94,51,193,201,977,276,2000.2,21,0,1844.0,2041.0,43,14,35,7,26,14,20,19,28,49,28,13,16,32,21,24,24,33,24,32,19,87,78,23,16,10,23,17,2,22,23,1,2009-10
2740,Andris Biedrins,Andris,1610612744,GSW,24.0,33,10,23,0.303,762.945,81,137,0.591,0,0,0.0,4,25,0.16,63,196,259,57,32,20,44,6,117,38,166,-126,722.3,1,0,610.0,731.0,79,90,47,94,61,61,68,10,28,68,28,98,81,105,60,47,50,38,68,49,47,24,52,74,69,89,60,53,2,60,60,1,2009-10
201576,Anthony Randolph,Anthony,1610612744,GSW,20.0,33,11,22,0.333,749.0666666666667,137,309,0.443,1,5,0.2,109,136,0.801,73,142,215,42,49,28,51,28,92,100,384,-74,893.0,5,0,800.0,920.0,79,86,44,82,62,51,44,86,16,23,20,32,37,11,55,58,57,48,51,40,41,75,42,47,47,83,51,36,2,54,51,1,2009-10
686,Antonio McDyess,Antonio,1610612759,SAS,35.0,77,46,31,0.597,1617.1216666666667,205,428,0.479,0,2,0.0,36,57,0.632,149,306,455,83,79,43,32,10,147,75,446,217,1262.5,3,0,1134.0,1292.0,22,16,73,38,38,37,38,66,28,41,28,63,65,65,29,34,33,29,34,20,59,40,63,56,42,14,39,45,2,39,39,1,2009-10
1112,Ben Wallace,Ben,1610612765,DET,35.0,69,25,44,0.362,1975.38,158,292,0.541,0,2,0.0,65,160,0.406,245,352,597,105,64,86,84,18,131,155,381,-45,1700.9,4,0,1423.0,1698.0,39,51,94,75,27,46,48,32,28,41,28,49,32,93,5,27,19,24,40,2,23,57,58,32,48,74,29,39,2,33,30,1,2009-10
1802,Brad Miller,Brad,1610612741,CHI,34.0,82,41,41,0.5,1949.6933333333334,250,581,0.43,37,132,0.28,182,220,0.827,83,316,399,154,107,44,29,32,189,205,719,-19,1540.8,7,0,1455.0,1645.0,1,25,89,54,28,35,27,93,7,7,16,16,26,4,53,32,37,11,28,19,61,77,76,22,27,62,34,32,2,32,32,1,2009-10
2217,Brendan Haywood,Brendan,1610612742,DAL,30.0,77,37,40,0.481,2354.83,276,491,0.562,0,1,0.0,152,245,0.62,278,437,715,43,99,26,158,59,209,213,704,47,2079.5,19,0,1830.0,2057.0,22,30,86,60,14,29,33,22,28,49,28,27,17,67,2,16,8,47,31,42,3,92,84,21,29,27,19,18,2,23,21,2,2009-10
1730,Brian Skinner,Brian,1610612746,LAC,34.0,16,5,11,0.313,123.32166666666667,10,25,0.4,0,0,0.0,6,8,0.75,9,18,27,0,7,3,4,1,20,9,26,-42,72.4,0,0,67.0,74.0,97,97,18,92,98,98,99,97,28,68,28,95,99,26,100,99,98,105,98,92,92,5,12,97,98,73,99,64,2,99,99,1,2009-10
201572,Brook Lopez,Brook,1610612751,NJN,22.0,82,12,70,0.146,3026.7066666666665,563,1129,0.499,0,2,0.0,416,509,0.817,270,439,709,187,204,55,139,78,251,397,1542,-594,3051.3,33,0,2826.0,3207.0,1,83,109,105,1,3,4,58,28,41,28,2,2,6,3,15,9,5,3,16,6,107,100,2,2,109,3,9,2,3,3,1,2009-10
201957,Byron Mullens,Byron,1610612760,OKC,21.0,13,10,3,0.769,54.295,7,19,0.368,0,0,0.0,0,0,0.0,3,7,10,1,4,2,0,1,13,0,14,-32,29.5,0,0,29.0,32.0,102,90,3,3,105,104,103,103,28,68,28,106,108,106,105,106,106,98,102,97,107,5,7,108,104,68,106,64,2,106,106,1,2009-10
101112,Channing Frye,Channing,1610612756,PHX,27.0,81,54,27,0.667,2190.0816666666665,317,703,0.451,172,392,0.439,98,121,0.81,66,361,427,113,73,64,74,14,263,116,904,359,1926.9,4,0,1892.0,1971.0,11,4,55,15,19,22,19,82,1,1,4,35,43,10,57,26,35,23,37,11,28,50,104,39,21,4,25,39,2,21,26,1,2009-10
2365,Chris Andersen,Chris,1610612743,DEN,31.0,76,49,27,0.645,1694.965,142,251,0.566,0,3,0.0,164,236,0.695,147,336,483,33,59,42,143,17,171,182,448,335,1573.1,4,0,1334.0,1552.0,24,10,55,21,36,50,50,21,28,35,28,21,20,46,30,29,30,54,45,22,5,54,71,26,40,5,33,39,2,35,35,1,2009-10
201805,Chris Hunter,Chris,1610612744,GSW,25.0,60,19,41,0.317,782.9366666666666,109,217,0.502,0,4,0.0,52,69,0.754,56,111,167,37,30,13,35,22,132,65,270,1,639.9,1,0,570.0,655.0,52,64,89,90,60,56,55,51,28,29,28,53,58,25,62,64,65,51,70,66,55,65,59,61,56,41,61,53,2,61,61,1,2009-10
2549,Chris Kaman,Chris,1610612746,LAC,28.0,76,29,47,0.382,2608.4016666666666,589,1202,0.49,0,6,0.0,230,307,0.749,184,520,704,120,223,37,94,66,213,250,1408,-294,2602.8,33,0,2494.0,2745.0,24,44,96,72,8,2,2,62,28,21,28,7,7,27,19,8,11,21,2,28,19,103,86,9,4,106,9,9,2,4,8,1,2009-10
101236,Chuck Hayes,Chuck,1610612745,HOU,27.0,82,42,40,0.512,1772.815,161,329,0.489,0,0,0.0,36,66,0.545,151,314,465,139,74,73,43,54,219,92,358,3,1398.5,4,0,1194.0,1449.0,1,22,86,51,32,45,43,63,28,68,28,63,60,81,28,33,31,14,36,7,48,90,90,48,50,40,36,39,2,38,36,1,2009-10
2788,DJ Mbenga,DJ,1610612747,LAL,29.0,49,33,16,0.673,355.095,48,103,0.466,0,0,0.0,9,19,0.474,32,55,87,8,15,5,29,4,54,22,105,-35,308.4,1,0,268.0,310.0,65,36,29,14,80,77,73,77,28,68,28,90,87,89,80,79,81,83,86,85,61,20,26,85,78,72,77,53,2,78,78,1,2009-10
2429,Dan Gadzuric,Dan,1610612749,MIL,32.0,32,16,16,0.5,313.92833333333334,39,89,0.438,0,0,0.0,10,25,0.4,38,54,92,12,15,9,13,10,63,31,88,35,267.4,0,0,236.0,270.0,82,71,29,54,84,81,78,90,28,68,28,86,81,94,74,80,78,78,86,75,77,40,34,76,82,30,82,64,2,83,83,1,2009-10
2545,Darko Milicic,Darko,1610612750,MIN,25.0,32,3,29,0.094,684.9516666666667,100,204,0.49,0,1,0.0,15,28,0.536,47,104,151,47,35,22,34,8,82,29,215,-106,599.7,2,0,525.0,628.0,82,101,61,108,63,58,57,61,28,49,28,80,78,82,69,66,68,44,66,47,56,32,38,80,60,87,63,48,2,63,62,2,2009-10
2431,David Andersen,David,1610612745,HOU,30.0,63,33,30,0.524,890.8033333333333,147,340,0.432,27,78,0.346,46,67,0.687,54,154,208,44,37,15,12,20,119,76,367,31,726.6,0,0,700.0,744.0,49,36,70,48,56,48,42,91,9,10,9,58,59,52,63,56,60,46,63,56,80,61,54,55,49,32,59,64,2,57,59,1,2009-10
101135,David Lee,David,1610612752,NYK,27.0,81,28,53,0.346,3018.98,686,1258,0.545,0,8,0.0,268,330,0.812,228,721,949,295,189,85,40,105,257,257,1640,-259,3407.3,53,1,3134.0,3554.0,11,46,102,80,2,1,1,29,28,17,28,5,6,9,9,2,2,1,4,3,51,109,103,8,1,102,2,2,1,2,2,1,2009-10
201599,DeAndre Jordan,DeAndre,1610612746,LAC,21.0,70,23,47,0.329,1137.335,144,238,0.605,0,2,0.0,48,128,0.375,122,230,352,21,75,16,62,22,152,112,336,-246,948.9,8,0,865.0,964.0,36,56,96,87,48,49,52,7,28,41,28,57,39,98,39,44,41,65,35,54,34,65,64,40,51,101,47,30,2,48,48,1,2009-10
201971,DeJuan Blair,DeJuan,1610612759,SAS,21.0,82,50,32,0.61,1494.3166666666666,275,495,0.556,0,2,0.0,88,161,0.547,200,326,526,65,112,50,39,60,224,124,638,99,1521.7,8,0,1407.0,1561.0,1,8,74,35,40,30,32,25,28,41,28,39,31,80,16,31,25,35,25,18,52,94,96,35,34,21,35,30,2,34,34,1,2009-10
2205,DeSagana Diop,DeSagana,1610612766,CHA,28.0,27,14,13,0.519,261.805,15,29,0.517,0,0,0.0,2,9,0.222,24,41,65,5,12,5,14,1,31,9,32,8,162.5,0,0,140.0,164.0,87,78,22,50,87,95,97,45,28,68,28,100,97,102,88,90,89,89,92,85,74,5,17,97,97,37,92,64,2,92,92,1,2009-10
2400,Drew Gooden,Drew,1610612746,LAC,28.0,70,33,37,0.471,1755.3666666666666,288,602,0.478,1,8,0.125,186,216,0.861,207,335,542,47,108,41,58,44,194,175,763,-281,1672.9,19,0,1551.0,1696.0,36,36,81,61,33,26,26,68,16,17,25,14,28,3,15,30,23,44,27,24,37,85,79,30,25,104,31,18,2,30,31,2,2009-10
101204,Dwayne Jones,Dwayne,1610612756,PHX,27.0,2,2,0,1.0,6.933333333333334,0,0,0.0,0,0,0.0,0,0,0.0,0,2,2,0,0,0,0,0,1,0,0,-3,2.4,0,0,2.0,2.0,108,106,1,1,109,109,109,109,28,68,28,106,108,106,108,108,108,105,108,106,107,1,2,108,109,45,109,64,2,109,109,1,2009-10
2730,Dwight Howard,Dwight,1610612753,ORL,24.0,82,59,23,0.72,2842.8016666666667,510,834,0.612,0,7,0.0,483,816,0.592,284,798,1082,144,274,75,228,63,287,669,1503,620,3652.4,64,0,3335.0,3782.0,1,1,47,8,4,7,11,5,28,19,28,1,1,72,1,1,1,13,1,6,1,100,109,1,3,1,1,1,2,1,1,1,2009-10
2853,Earl Barron,Earl,1610612752,NYK,28.0,7,3,4,0.429,231.94666666666666,30,68,0.441,0,0,0.0,22,29,0.759,31,46,77,8,11,4,4,7,24,25,82,5,199.4,2,0,183.0,199.0,105,101,4,67,91,85,82,89,28,68,28,72,77,23,83,87,85,83,95,89,92,27,15,81,84,38,86,48,2,85,88,1,2009-10
2201,Eddy Curry,Eddy,1610612752,NYK,27.0,7,3,4,0.429,62.016666666666666,8,21,0.381,0,0,0.0,10,17,0.588,4,9,13,0,13,0,1,2,13,16,26,-21,31.6,0,0,41.0,42.0,105,101,4,67,104,101,101,102,28,68,28,86,90,74,103,101,104,105,91,106,104,12,7,92,98,64,105,64,2,103,104,1,2009-10
2731,Emeka Okafor,Emeka,1610612740,NOH,27.0,82,37,45,0.451,2370.065,348,656,0.53,0,0,0.0,154,274,0.562,251,491,742,55,111,54,127,60,218,237,850,-133,2254.9,27,0,2009.0,2245.0,1,30,95,66,12,21,22,39,28,68,28,25,11,78,4,10,5,39,26,17,9,94,88,13,22,91,15,14,2,15,16,1,2009-10
956,Erick Dampier,Erick,1610612742,DAL,34.0,55,32,23,0.582,1280.145,133,213,0.624,1,3,0.333,61,101,0.604,128,272,400,31,61,15,77,25,153,91,328,158,1069.5,7,0,944.0,1066.0,58,39,47,40,43,52,56,4,16,35,11,50,48,68,35,38,36,57,44,56,27,69,67,49,54,18,42,32,2,43,42,1,2009-10
2041,Etan Thomas,Etan,1610612760,OKC,32.0,23,13,10,0.565,320.74,31,68,0.456,0,0,0.0,13,22,0.591,18,46,64,1,18,4,16,10,39,23,75,-28,195.3,0,0,180.0,201.0,91,79,14,44,83,84,82,81,28,68,28,84,84,73,92,87,90,98,81,89,72,40,20,83,86,67,87,64,2,87,87,1,2009-10
101177,Fabricio Oberto,Fabricio,1610612764,WAS,35.0,57,18,39,0.316,649.93,35,56,0.625,0,0,0.0,13,17,0.765,34,71,105,51,36,11,9,2,121,41,83,-47,309.5,0,0,279.0,350.0,56,66,85,91,69,82,86,3,28,68,28,84,90,21,77,76,76,41,65,70,88,12,55,71,83,75,75,64,2,76,74,1,2009-10
1922,Francisco Elson,Francisco,1610612755,PHI,34.0,12,4,8,0.333,65.715,5,15,0.333,0,0,0.0,2,5,0.4,6,8,14,2,1,1,0,1,7,5,12,-1,33.8,0,0,30.0,33.0,103,99,10,82,103,105,104,108,28,68,28,100,102,94,101,105,102,93,107,101,107,5,4,101,105,44,104,64,2,105,105,2,2009-10
201141,Greg Oden,Greg,1610612757,POR,22.0,21,13,8,0.619,501.7633333333333,92,152,0.605,0,0,0.0,49,64,0.766,64,114,178,19,39,8,48,11,84,63,233,78,604.1,5,0,542.0,617.0,93,79,10,28,72,59,64,6,28,68,28,56,61,19,59,63,63,70,60,79,43,44,39,62,58,25,62,36,2,62,63,1,2009-10
201632,Hamed Haddadi,Hamed,1610612763,MEM,25.0,36,18,18,0.5,240.14833333333334,24,62,0.387,0,3,0.0,14,19,0.737,26,49,75,10,20,1,14,9,57,18,62,-62,192.0,0,0,177.0,202.0,74,66,35,54,90,88,85,100,28,35,28,82,87,33,85,85,86,82,78,101,74,37,30,90,88,81,88,64,2,88,86,1,2009-10
201934,Hasheem Thabeet,Hasheem,1610612763,MEM,23.0,68,32,36,0.471,883.2966666666666,77,131,0.588,0,0,0.0,54,93,0.581,85,158,243,11,43,15,89,16,162,85,208,-77,785.1,0,0,670.0,785.0,42,39,80,62,57,64,69,12,28,68,28,52,52,77,51,54,54,80,55,56,22,53,69,51,61,84,57,64,2,58,58,1,2009-10
200756,Hilton Armstrong,Hilton,1610612745,HOU,25.0,33,11,22,0.333,335.3183333333333,28,79,0.354,0,1,0.0,15,32,0.469,27,54,81,21,22,15,12,11,59,37,71,-34,258.7,0,0,227.0,275.0,79,86,44,82,81,86,81,104,28,49,28,80,74,90,84,80,83,65,75,56,80,44,31,75,87,71,84,64,2,84,81,3,2009-10
101133,Ian Mahinmi,Ian,1610612759,SAS,23.0,26,16,10,0.615,164.64333333333335,35,55,0.636,0,0,0.0,31,47,0.66,13,39,52,2,15,3,8,7,32,31,101,-17,184.4,0,0,177.0,190.0,88,71,14,30,94,82,88,2,28,68,28,68,71,58,97,92,92,93,86,92,89,27,18,76,81,59,90,64,2,88,90,1,2009-10
201580,JaVale McGee,JaVale,1610612764,WAS,22.0,60,17,43,0.283,967.905,156,307,0.508,0,1,0.0,74,116,0.638,88,155,243,14,51,16,101,19,122,102,386,-173,998.6,6,0,877.0,1008.0,52,69,93,97,55,47,46,49,28,49,28,45,44,63,50,55,54,76,49,54,14,59,56,43,46,94,44,35,2,47,44,1,2009-10
2048,Jamaal Magloire,Jamaal,1610612748,MIA,32.0,36,22,14,0.611,359.4033333333333,28,56,0.5,0,0,0.0,21,59,0.356,41,80,121,1,17,9,11,7,59,47,77,-11,266.7,0,0,239.0,260.0,74,60,27,34,79,86,86,53,28,68,28,73,63,99,73,74,74,98,83,75,83,27,31,67,85,53,83,64,2,82,84,1,2009-10
2260,Jarron Collins,Jarron,1610612756,PHX,31.0,34,24,10,0.706,260.46,12,31,0.387,0,0,0.0,10,25,0.4,22,40,62,6,10,2,3,5,42,40,34,-9,122.4,0,0,112.0,123.0,78,54,14,12,88,97,96,100,28,68,28,86,81,94,89,91,91,87,96,97,97,23,22,72,96,51,95,64,2,96,96,1,2009-10
2215,Jason Collins,Jason,1610612737,ATL,31.0,24,17,7,0.708,114.72666666666667,8,23,0.348,0,1,0.0,0,2,0.0,5,9,14,4,5,3,2,3,21,5,16,-10,48.8,0,0,44.0,53.0,90,69,8,10,99,101,100,106,28,49,28,106,105,106,102,101,102,90,100,92,101,16,13,101,103,52,101,64,2,101,101,1,2009-10
201160,Jason Smith,Jason,1610612755,PHI,24.0,56,15,41,0.268,658.3433333333334,75,174,0.431,10,29,0.345,29,42,0.69,54,81,135,33,35,21,28,20,110,43,189,-52,512.5,0,0,465.0,537.0,57,74,89,98,67,68,62,92,14,13,10,69,72,49,63,73,71,54,66,48,63,61,49,70,67,76,67,64,2,67,66,1,2009-10
201574,Jason Thompson,Jason,1610612758,SAC,23.0,75,22,53,0.293,2357.3516666666665,370,784,0.472,1,10,0.1,198,277,0.715,224,413,637,124,139,41,73,68,279,239,939,-226,2092.4,24,0,1929.0,2166.0,29,60,102,95,13,19,13,73,16,15,27,11,9,41,11,19,17,20,10,24,29,105,105,11,20,98,18,15,2,18,18,1,2009-10
201965,Jeff Ayres,Jeff,1610612757,POR,23.0,39,23,16,0.59,405.0233333333333,43,65,0.662,0,0,0.0,18,20,0.9,25,73,98,1,12,7,16,6,76,25,104,-59,280.1,0,0,249.0,273.0,72,56,29,39,78,79,84,1,28,68,28,78,86,2,87,75,77,98,92,82,72,24,35,81,79,79,80,64,2,80,82,1,2009-10
1902,Jeff Foster,Jeff,1610612754,IND,33.0,16,3,13,0.188,254.79666666666665,22,46,0.478,0,1,0.0,5,9,0.556,34,47,81,21,14,3,4,3,45,16,49,-8,184.7,0,0,165.0,193.0,97,101,22,102,89,90,91,69,28,49,28,96,97,79,77,86,83,65,90,92,92,16,24,92,93,49,89,64,2,90,89,1,2009-10
979,Jermaine O'Neal,Jermaine,1610612748,MIA,31.0,70,37,33,0.529,1991.3366666666666,394,745,0.529,0,2,0.0,162,225,0.72,124,362,486,92,125,25,95,62,212,215,950,188,1906.2,14,0,1768.0,1980.0,36,30,77,47,25,13,16,40,28,41,28,24,24,37,36,25,29,26,16,44,18,99,85,20,18,16,27,21,2,27,25,1,2009-10
201149,Joakim Noah,Joakim,1610612741,CHI,25.0,64,35,29,0.547,1924.69,262,520,0.504,0,0,0.0,163,219,0.744,220,484,704,132,117,32,100,46,198,189,687,-95,2008.8,28,0,1787.0,2051.0,46,34,61,46,29,33,31,50,28,68,28,22,27,29,12,12,11,17,21,33,15,86,80,25,30,85,22,12,2,25,22,1,2009-10
693,Joe Smith,Joe,1610612737,ATL,34.0,64,42,22,0.656,591.9383333333334,77,193,0.399,1,7,0.143,39,48,0.813,66,91,157,21,22,6,19,10,95,45,194,-17,466.9,1,0,423.0,468.0,46,22,44,17,71,64,58,98,16,19,24,59,69,8,57,72,66,65,75,83,68,40,44,68,66,59,70,53,2,69,69,1,2009-10
201202,Joel Anthony,Joel,1610612748,MIA,27.0,80,46,34,0.575,1322.3783333333333,76,159,0.478,0,0,0.0,66,92,0.717,123,126,249,12,45,20,109,22,158,74,218,-4,876.8,0,0,737.0,878.0,17,16,78,42,42,67,63,70,28,68,28,48,53,39,38,61,52,78,54,49,12,65,68,58,59,46,53,64,2,56,55,1,2009-10
2038,Joel Przybilla,Joel,1610612757,POR,30.0,30,18,12,0.6,681.2983333333333,45,86,0.523,0,0,0.0,33,51,0.647,72,166,238,8,39,8,43,12,95,63,123,41,534.6,1,0,471.0,530.0,85,66,20,37,64,78,79,42,28,68,28,66,67,62,56,52,56,83,60,79,48,47,44,62,74,28,66,53,2,66,67,1,2009-10
201595,Joey Dorsey,Joey,1610612758,SAC,26.0,15,7,8,0.467,106.75166666666667,9,20,0.45,0,0,0.0,5,12,0.417,16,27,43,2,6,3,2,8,21,8,23,23,86.6,0,0,78.0,85.0,99,94,10,63,100,99,102,84,28,68,28,96,93,92,94,95,95,93,99,92,101,32,13,99,100,33,97,64,2,97,97,2,2009-10
101130,Johan Petro,Johan,1610612743,DEN,24.0,36,23,13,0.639,435.49,54,101,0.535,0,1,0.0,14,21,0.667,32,97,129,14,23,10,13,4,80,19,122,11,343.8,2,0,311.0,348.0,74,56,22,24,74,73,75,35,28,49,28,82,85,56,80,69,72,76,73,71,77,20,37,89,76,34,74,48,2,74,75,1,2009-10
201972,Jon Brockman,Jon,1610612758,SAC,23.0,52,15,37,0.288,653.6566666666666,55,103,0.534,0,0,0.0,37,62,0.597,105,108,213,22,23,15,5,8,115,69,147,-32,472.6,1,0,422.0,464.0,61,74,81,96,68,72,73,36,28,68,28,61,62,70,45,65,59,62,73,56,91,32,51,60,72,68,69,53,2,70,70,1,2009-10
200767,Josh Boone,Josh,1610612751,NJN,25.0,63,9,54,0.143,1045.4633333333334,117,223,0.525,0,0,0.0,19,58,0.328,124,191,315,29,37,30,48,17,111,44,253,-238,871.5,1,0,753.0,860.0,49,92,104,106,51,55,54,41,28,68,28,76,64,101,36,48,47,58,63,36,43,54,50,69,57,100,54,53,2,55,56,1,2009-10
436,Juwan Howard,Juwan,1610612757,POR,37.0,73,44,29,0.603,1631.5233333333333,191,375,0.509,0,1,0.0,55,70,0.786,108,227,335,61,72,27,10,27,191,73,437,-71,969.5,2,0,907.0,1005.0,31,21,61,36,37,39,39,48,28,49,28,51,57,15,44,45,44,37,38,41,85,73,77,59,44,82,46,48,2,45,45,1,2009-10
2570,Kendrick Perkins,Kendrick,1610612738,BOS,25.0,78,48,30,0.615,2153.52,314,522,0.602,0,3,0.0,163,280,0.582,155,440,595,80,165,26,132,66,219,228,791,282,1934.0,14,0,1782.0,2020.0,20,12,70,30,21,23,30,8,28,35,28,22,8,76,26,14,20,30,6,42,7,103,90,14,24,9,24,21,2,26,24,1,2009-10
1903,Kenny Thomas,Kenny,1610612758,SAC,32.0,26,12,14,0.462,313.18333333333334,17,35,0.486,0,0,0.0,7,12,0.583,35,51,86,15,17,10,10,2,42,10,41,-5,209.7,0,0,182.0,217.0,88,83,27,64,85,93,95,65,28,68,28,92,93,75,76,83,82,74,83,71,85,12,22,96,94,47,85,64,2,86,85,1,2009-10
201567,Kevin Love,Kevin,1610612750,MIN,21.0,60,12,48,0.2,1713.9383333333333,291,646,0.45,35,106,0.33,225,276,0.815,227,431,658,136,117,43,23,60,136,239,842,-225,1916.6,36,0,1803.0,1970.0,52,83,99,99,35,25,25,83,8,8,12,8,10,7,10,18,15,16,21,20,66,94,60,11,23,97,26,7,2,24,27,1,2009-10
201585,Kosta Koufos,Kosta,1610612762,UTA,21.0,36,25,11,0.694,172.42333333333335,22,47,0.468,0,0,0.0,9,15,0.6,16,29,45,6,15,2,4,7,26,12,53,-61,119.0,0,0,116.0,128.0,74,51,18,13,93,90,90,76,28,68,28,90,92,69,94,93,94,87,86,97,92,27,16,94,90,80,96,64,2,95,93,1,2009-10
2198,Kwame Brown,Kwame,1610612765,DET,28.0,48,16,32,0.333,659.6266666666667,62,124,0.5,0,1,0.0,33,98,0.337,53,124,177,22,43,15,12,13,93,101,157,-105,440.4,0,0,410.0,459.0,68,71,74,82,66,71,70,53,28,49,28,66,50,100,66,62,64,62,55,56,80,49,43,45,71,86,71,64,2,71,71,1,2009-10
201178,Kyrylo Fesenko,Kyrylo,1610612762,UTA,23.0,49,28,21,0.571,407.725,52,95,0.547,0,1,0.0,24,57,0.421,33,57,90,15,24,6,19,9,78,40,128,99,309.5,0,0,283.0,323.0,65,46,42,43,76,75,76,28,28,49,28,71,65,91,79,78,79,74,72,83,68,37,36,72,73,21,75,64,2,75,76,1,2009-10
2449,Luis Scola,Luis,1610612745,HOU,30.0,82,42,40,0.512,2671.2933333333335,560,1090,0.514,1,5,0.2,208,267,0.779,175,530,705,169,163,63,26,75,246,272,1329,-58,2532.5,32,0,2382.0,2639.0,1,22,86,51,7,4,6,46,16,23,20,10,13,16,23,6,10,7,7,13,64,106,99,7,6,78,10,11,2,8,10,1,2009-10
201188,Marc Gasol,Marc,1610612763,MEM,25.0,69,35,34,0.507,2468.92,378,651,0.581,0,1,0.0,252,376,0.67,208,432,640,165,135,69,109,40,254,393,1008,110,2422.5,28,0,2169.0,2512.0,39,34,78,53,9,18,23,16,28,49,28,6,4,55,13,17,16,8,12,10,12,81,102,3,14,20,11,12,2,13,11,1,2009-10
101162,Marcin Gortat,Marcin,1610612753,ORL,26.0,81,58,23,0.716,1087.95,121,227,0.533,0,3,0.0,51,75,0.68,104,237,341,17,46,17,70,15,138,75,293,37,942.7,0,0,825.0,929.0,11,2,47,9,50,53,53,38,28,35,28,54,55,54,47,41,43,71,53,52,31,51,61,56,55,29,48,64,2,49,49,1,2009-10
201578,Marreese Speights,Marreese,1610612755,PHI,22.0,62,24,38,0.387,1015.8416666666667,212,444,0.477,0,5,0.0,108,145,0.745,85,167,252,36,51,29,34,21,152,122,532,-193,1026.4,3,0,946.0,1045.0,51,54,83,69,52,36,36,71,28,23,28,34,35,28,51,51,51,52,49,39,56,63,64,36,36,95,43,45,2,42,43,1,2009-10
2588,Matt Bonner,Matt,1610612759,SAS,30.0,65,40,25,0.615,1160.8116666666667,166,372,0.446,90,231,0.39,35,48,0.729,52,162,214,68,39,30,24,8,109,57,457,209,938.8,1,0,937.0,969.0,43,26,54,30,47,44,40,85,4,5,5,65,69,36,67,53,58,33,60,36,65,32,48,65,39,15,49,53,2,44,47,1,2009-10
2246,Mehmet Okur,Mehmet,1610612762,UTA,31.0,73,45,28,0.616,2148.925,355,775,0.458,82,213,0.385,196,239,0.82,132,383,515,119,127,38,81,40,223,180,988,182,2014.5,13,0,1942.0,2098.0,31,20,58,29,22,20,15,80,5,6,6,12,18,5,33,22,26,22,15,27,26,81,94,27,15,17,21,24,2,17,20,1,2009-10
1630,Mikki Moore,Mikki,1610612744,GSW,34.0,23,7,16,0.304,405.735,54,90,0.6,0,0,0.0,7,11,0.636,26,43,69,36,21,5,13,4,60,22,115,-130,284.8,0,0,256.0,310.0,91,94,29,93,77,73,77,9,28,68,28,92,95,64,85,89,88,52,77,85,77,20,33,85,77,90,79,64,2,79,78,1,2009-10
1737,Nazr Mohammed,Nazr,1610612766,CHA,32.0,58,29,29,0.5,984.21,189,342,0.553,0,0,0.0,81,125,0.648,114,190,304,28,53,15,43,34,105,88,459,-11,986.8,4,0,907.0,993.0,55,44,61,54,54,40,41,26,28,68,28,41,40,61,41,49,48,59,48,56,48,79,47,50,38,53,45,39,2,45,46,1,2009-10
2420,Nenad Krstic,Nenad,1610612760,OKC,26.0,76,48,28,0.632,1740.5283333333334,281,560,0.502,1,5,0.2,76,106,0.717,134,249,383,52,58,32,45,25,177,102,639,116,1349.6,3,0,1229.0,1357.0,24,12,58,25,34,28,28,52,16,23,20,42,46,40,32,40,39,40,46,33,46,69,73,43,33,19,37,45,2,36,38,1,2009-10
2403,Nene,ene,1610612743,DEN,27.0,82,53,29,0.646,2754.5866666666666,421,717,0.587,0,2,0.0,293,416,0.704,166,461,627,203,125,115,82,58,281,372,1135,319,2657.9,14,0,2359.0,2759.0,1,5,61,19,6,12,17,14,28,41,28,3,3,43,24,13,18,3,16,1,25,91,106,4,11,7,7,21,2,9,7,1,2009-10
2555,Nick Collison,Nick,1610612760,OKC,29.0,75,46,29,0.613,1557.1516666666666,182,309,0.589,1,4,0.25,74,107,0.692,152,232,384,38,63,37,48,27,230,141,439,267,1148.8,2,0,1032.0,1154.0,29,16,61,33,39,41,44,11,16,29,18,45,45,48,27,42,38,50,41,28,43,73,98,33,43,11,40,48,2,40,40,1,2009-10
200762,Oleksiy Pecherov,Oleksiy,1610612750,MIN,24.0,44,6,38,0.136,447.2133333333333,77,188,0.41,14,52,0.269,29,32,0.906,32,92,124,11,32,9,14,15,55,30,197,-19,399.3,1,0,392.0,412.0,69,96,83,107,73,64,60,95,11,11,17,69,74,1,80,71,73,80,68,75,74,51,29,78,65,62,72,53,2,72,72,1,2009-10
200753,Patrick O'Bryant,Patrick,1610612761,TOR,24.0,11,4,7,0.364,50.735,8,15,0.533,0,1,0.0,3,6,0.5,2,9,11,1,5,2,4,2,12,4,19,-21,46.7,0,0,43.0,50.0,104,99,8,74,106,101,104,37,28,49,28,99,100,85,106,101,105,98,100,97,92,12,6,104,101,64,103,64,2,102,102,1,2009-10
2200,Pau Gasol,Pau,1610612747,LAL,29.0,65,46,19,0.708,2403.3133333333335,452,844,0.536,0,5,0.0,286,362,0.79,243,491,734,218,143,37,113,60,152,325,1190,309,2704.8,40,0,2442.0,2810.0,43,16,38,11,11,11,10,34,28,23,28,4,5,13,6,10,7,2,9,28,10,94,64,5,8,8,5,3,2,6,4,1,2009-10
200781,Paul Davis,Paul,1610612764,WAS,25.0,2,1,1,0.5,7.983333333333333,2,4,0.5,0,0,0.0,1,2,0.5,0,0,0,3,0,0,1,0,0,2,5,1,12.5,0,0,10.0,14.0,108,107,2,54,108,108,108,53,28,68,28,103,105,85,108,109,109,91,108,106,104,1,1,107,108,41,108,64,2,108,108,1,2009-10
200794,Paul Millsap,Paul,1610612762,UTA,25.0,82,53,29,0.646,2276.965,385,716,0.538,1,9,0.111,183,264,0.693,186,373,559,131,116,64,99,61,285,216,954,325,2194.3,12,0,1971.0,2264.0,1,5,61,19,16,16,18,33,16,16,26,15,15,47,18,23,22,18,23,11,16,98,107,18,17,6,16,25,2,16,15,1,2009-10
2056,Primoz Brezec,Primoz,1610612749,MIL,30.0,21,11,10,0.524,95.41666666666667,9,26,0.346,0,0,0.0,1,6,0.167,12,13,25,1,2,1,3,1,19,3,19,1,60.5,0,0,53.0,58.0,93,86,14,48,101,99,98,107,28,68,28,103,100,104,98,100,99,98,104,101,97,5,10,106,101,41,100,64,2,100,100,2,2009-10
201043,Randolph Morris,Randolph,1610612737,ATL,24.0,28,22,6,0.786,124.415,23,41,0.561,0,0,0.0,16,27,0.593,10,28,38,2,12,5,3,3,34,20,62,-15,122.6,0,0,118.0,128.0,86,60,7,2,97,89,93,23,28,68,28,79,80,71,99,94,97,93,92,85,97,16,19,87,88,56,94,64,2,93,93,1,2009-10
739,Rasheed Wallace,Rasheed,1610612738,BOS,35.0,79,49,30,0.62,1780.3816666666667,266,650,0.409,82,290,0.283,96,125,0.768,42,283,325,80,63,80,70,19,222,118,710,54,1607.0,0,0,1497.0,1645.0,19,10,70,27,31,32,24,96,5,4,15,37,40,18,72,37,45,30,41,5,31,59,92,38,28,26,32,64,2,31,32,1,2009-10
1725,Rasho Nesterovic,Rasho,1610612761,TOR,34.0,42,19,23,0.452,413.37166666666667,81,149,0.544,0,0,0.0,1,5,0.2,37,52,89,25,16,10,17,6,54,12,163,-107,372.3,0,0,331.0,383.0,70,64,47,65,75,61,66,31,28,68,28,103,102,103,75,82,80,60,85,71,71,24,26,94,70,88,73,64,2,73,73,1,2009-10
201577,Robin Lopez,Robin,1610612756,PHX,22.0,51,32,19,0.627,986.0416666666666,171,291,0.588,0,0,0.0,88,125,0.704,104,144,248,7,41,10,53,17,117,101,430,97,886.1,4,0,811.0,881.0,63,39,38,26,53,42,49,13,28,68,28,39,40,44,47,57,53,86,57,71,40,54,52,45,45,23,52,39,2,52,54,1,2009-10
101142,Ronny Turiaf,Ronny,1610612744,GSW,27.0,42,15,27,0.357,871.8183333333334,85,146,0.582,0,1,0.0,37,78,0.474,54,137,191,90,49,23,54,7,98,85,207,-7,753.2,0,0,642.0,809.0,70,74,55,76,58,60,67,15,28,49,28,61,54,88,63,59,62,27,51,46,39,27,46,51,62,48,58,64,2,59,57,1,2009-10
201579,Roy Hibbert,Roy,1610612754,IND,23.0,81,31,50,0.383,2034.735,387,782,0.495,3,6,0.5,169,224,0.754,177,287,464,158,145,30,131,65,285,216,946,11,2077.8,10,0,1893.0,2209.0,11,43,101,71,24,15,14,60,15,21,2,20,25,24,21,36,32,9,8,36,8,102,107,18,19,34,20,27,2,20,17,1,2009-10
200797,Ryan Hollins,Ryan,1610612750,MIN,25.0,73,13,60,0.178,1223.24,169,303,0.558,0,1,0.0,109,158,0.69,79,128,207,51,95,19,38,33,199,178,447,-421,847.9,0,0,819.0,927.0,31,79,107,103,45,43,47,24,28,49,28,32,33,50,54,60,61,41,32,51,53,78,81,28,41,107,56,64,2,50,50,1,2009-10
2223,Samuel Dalembert,Samuel,1610612755,PHI,30.0,82,27,55,0.329,2123.7083333333335,285,523,0.545,0,0,0.0,97,133,0.729,239,545,784,64,123,42,151,25,252,120,667,-217,2159.8,22,0,1901.0,2158.0,1,49,105,86,23,27,29,30,28,68,28,36,38,35,7,5,4,36,18,22,4,69,101,37,31,96,17,16,2,19,19,1,2009-10
1752,Sean Marks,Sean,1610612740,NOH,34.0,14,5,9,0.357,74.605,4,8,0.5,0,0,0.0,2,5,0.4,14,9,23,2,2,0,3,0,17,4,10,-8,47.6,0,0,41.0,46.0,101,97,13,76,102,107,107,53,28,68,28,100,102,94,96,101,100,93,104,106,97,1,9,104,106,49,102,64,2,103,103,1,2009-10
101118,Sean May,Sean,1610612758,SAC,26.0,37,13,24,0.351,331.18666666666667,51,111,0.459,0,4,0.0,21,32,0.656,20,50,70,17,19,12,7,9,46,30,123,11,270.5,0,0,248.0,284.0,73,79,53,78,82,76,72,79,28,29,28,73,74,59,91,84,87,71,80,68,90,37,25,78,74,34,81,64,2,81,80,1,2009-10
201157,Sean Williams,Sean,1610612751,NJN,23.0,20,0,20,0.0,227.39833333333334,21,49,0.429,0,1,0.0,10,19,0.526,21,25,46,1,20,8,19,0,41,17,52,-26,169.7,0,0,153.0,181.0,96,109,41,109,92,92,89,94,28,49,28,86,87,84,90,96,93,98,78,79,68,1,21,91,92,66,91,64,2,91,91,1,2009-10
406,Shaquille O'Neal,Shaquille,1610612739,CLE,38.0,53,40,13,0.755,1240.3866666666668,262,463,0.566,0,1,0.0,112,226,0.496,93,262,355,80,105,15,62,25,169,192,636,95,1308.0,7,0,1225.0,1382.0,60,26,22,4,44,33,35,20,28,49,28,31,23,87,49,39,40,30,29,56,34,69,70,24,35,24,38,32,2,37,37,1,2009-10
200749,Shelden Williams,Shelden,1610612738,BOS,26.0,54,36,18,0.667,597.305,63,121,0.521,0,1,0.0,75,98,0.765,47,99,146,21,30,13,21,11,85,81,201,32,479.7,1,0,436.0,491.0,59,33,35,15,70,70,71,43,28,49,28,43,50,20,69,67,69,65,70,66,67,44,40,53,64,31,68,53,2,68,68,1,2009-10
200780,Solomon Jones,Solomon,1610612754,IND,25.0,52,20,32,0.385,674.975,78,176,0.443,0,3,0.0,51,71,0.718,51,93,144,32,40,14,37,18,125,61,207,-136,540.8,0,0,485.0,568.0,61,63,74,70,65,63,61,87,28,35,28,54,56,38,68,70,70,56,59,64,54,57,57,64,62,92,65,64,2,65,65,1,2009-10
201150,Spencer Hawes,Spencer,1610612758,SAC,22.0,72,23,49,0.319,1904.0816666666667,312,666,0.468,26,87,0.299,73,106,0.689,145,291,436,158,131,32,83,51,200,105,723,-226,1697.2,9,0,1573.0,1820.0,34,56,100,89,30,24,21,75,10,9,13,47,46,51,31,35,34,9,13,33,24,87,82,42,26,98,30,29,2,29,28,1,2009-10
2212,Steven Hunter,Steven,1610612763,MEM,28.0,21,8,13,0.381,157.975,17,43,0.395,0,0,0.0,19,36,0.528,18,24,42,0,9,1,10,3,10,23,53,-32,127.4,0,0,117.0,128.0,93,93,22,73,95,93,92,99,28,68,28,76,73,83,92,97,96,105,97,101,85,16,5,83,90,68,93,64,2,94,93,1,2009-10
689,Theo Ratliff,Theo,1610612766,CHA,37.0,49,32,17,0.653,806.1766666666666,70,152,0.461,0,0,0.0,38,50,0.76,59,98,157,25,41,12,61,12,87,51,178,-17,581.9,0,0,506.0,604.0,65,39,33,18,59,69,64,78,28,68,28,60,68,22,61,68,66,60,57,68,36,47,41,66,68,59,64,64,2,64,64,2,2009-10
1499,Tony Battie,Tony,1610612751,NJN,34.0,15,3,12,0.2,133.745,14,40,0.35,1,4,0.25,7,10,0.7,4,19,23,3,3,4,2,1,19,7,36,-53,83.1,0,0,75.0,83.0,99,101,20,99,96,96,94,105,16,29,18,92,96,45,103,98,100,91,103,89,101,5,10,100,95,77,98,64,2,98,98,1,2009-10
2211,Troy Murphy,Troy,1610612754,IND,30.0,72,25,47,0.347,2344.2883333333334,384,813,0.472,128,333,0.384,154,193,0.798,129,608,737,150,100,72,34,41,175,175,1050,-264,2377.4,39,0,2277.0,2405.0,34,51,96,79,15,17,12,72,2,2,7,25,29,12,34,3,6,12,30,8,56,83,72,30,13,103,13,4,2,12,14,1,2009-10
2199,Tyson Chandler,Tyson,1610612766,CHA,27.0,51,28,23,0.549,1163.07,109,190,0.574,0,0,0.0,115,157,0.732,114,206,320,16,91,17,55,24,138,128,333,-15,866.0,5,0,813.0,901.0,63,46,47,45,46,56,59,17,28,68,28,30,34,34,41,46,46,73,33,52,38,68,61,34,52,56,55,36,2,51,53,1,2009-10
2585,Zaza Pachulia,Zaza,1610612737,ATL,26.0,78,50,28,0.641,1088.8166666666666,120,246,0.488,0,4,0.0,93,143,0.65,117,176,293,42,58,37,31,29,186,112,333,-16,893.6,1,0,804.0,914.0,20,8,58,23,49,54,51,64,28,29,28,38,36,60,40,50,49,48,46,28,60,76,75,40,52,58,50,53,2,53,52,1,2009-10
980,Zydrunas Ilgauskas,Zydrunas,1610612739,CLE,35.0,64,47,17,0.734,1338.5166666666667,194,438,0.443,11,23,0.478,75,101,0.743,114,231,345,48,63,14,50,21,183,78,474,225,1089.0,0,0,1006.0,1107.0,46,14,33,6,41,38,37,88,13,14,3,43,48,31,41,43,42,43,41,64,42,63,74,54,37,12,41,64,2,41,41,1,2009-10
201189,Aaron Gray,Aaron,1610612740,NOH,26.0,41,21,20,0.512,530.825,56,99,0.566,0,0,0.0,17,34,0.5,59,112,171,16,32,11,12,12,96,30,129,30,395.2,2,0,362.0,401.0,69,61,37,54,67,66,72,19,26,59,26,72,69,83,60,63,64,68,62,69,80,41,43,76,70,34,68,43,4,67,69,1,2010-11
201143,Al Horford,Al,1610612737,ATL,25.0,77,41,36,0.532,2703.7066666666665,513,921,0.557,2,4,0.5,150,188,0.798,182,536,718,266,119,59,80,36,193,174,1178,44,2736.6,36,0,2442.0,2845.0,21,21,79,51,6,7,11,23,14,18,5,16,24,11,20,5,6,2,16,11,19,75,74,23,9,30,7,6,4,7,7,1,2010-11
2744,Al Jefferson,Al,1610612762,UTA,26.0,82,39,43,0.476,2940.4133333333334,654,1319,0.496,0,0,0.0,220,289,0.761,235,559,794,149,105,46,153,91,238,254,1528,-168,3196.3,37,0,2869.0,3217.0,1,25,89,66,2,2,2,50,26,59,26,10,12,19,5,4,4,10,19,20,5,99,92,13,5,90,4,4,4,5,4,1,2010-11
201582,Alexis Ajinca,Alexis,1610612761,TOR,23.0,34,6,28,0.176,339.84,59,133,0.444,12,34,0.353,13,18,0.722,17,61,78,10,18,11,19,5,73,20,143,7,323.6,0,0,303.0,331.0,77,93,60,102,81,65,62,81,6,7,14,82,85,35,83,79,80,79,79,69,70,21,29,80,67,44,72,63,4,72,73,2,2010-11
2405,Amar'e Stoudemire,Amar'e,1610612752,NYK,28.0,78,39,39,0.5,2870.0116666666668,744,1482,0.502,10,23,0.435,473,597,0.792,198,438,636,202,250,71,150,120,274,473,1971,61,3450.2,26,0,3261.0,3674.0,18,25,86,57,5,1,1,47,7,9,9,2,2,12,18,15,13,5,3,10,6,103,102,2,1,27,2,8,4,2,2,1,2010-11
2760,Anderson Varejao,Anderson,1610612739,CLE,28.0,31,8,23,0.258,993.895,114,216,0.528,0,2,0.0,54,81,0.667,98,203,301,45,40,27,38,21,87,86,282,-171,865.7,7,0,758.0,868.0,79,91,48,94,52,53,53,34,26,29,26,48,48,46,45,42,45,39,57,43,49,60,39,46,51,91,49,30,4,50,49,1,2010-11
200745,Andrea Bargnani,Andrea,1610612761,TOR,25.0,66,19,47,0.288,2353.048333333333,525,1173,0.448,77,223,0.345,287,350,0.82,74,269,343,119,152,34,46,49,160,295,1414,-316,2092.1,2,0,2113.0,2235.0,42,65,91,89,11,6,4,78,4,3,16,6,9,9,52,34,39,17,9,33,40,85,62,9,7,102,17,43,4,13,15,1,2010-11
101106,Andrew Bogut,Andrew,1610612749,MIL,26.0,65,28,37,0.431,2297.3733333333334,367,742,0.495,0,4,0.0,96,217,0.442,199,521,720,131,125,47,168,36,217,243,830,10,2410.5,24,0,2111.0,2457.0,45,46,81,72,14,14,15,51,26,18,26,30,20,92,17,6,5,13,15,18,4,75,86,14,17,41,11,10,4,14,12,1,2010-11
101115,Andrew Bynum,Andrew,1610612747,LAL,23.0,54,36,18,0.667,1500.005,237,413,0.574,0,0,0.0,138,209,0.66,170,338,508,73,74,19,106,31,140,152,612,199,1632.1,17,0,1443.0,1641.0,56,32,32,28,35,29,30,15,26,59,26,21,22,49,24,26,26,28,30,55,15,69,52,26,26,10,28,18,4,29,29,1,2010-11
2740,Andris Biedrins,Andris,1610612744,GSW,25.0,59,26,33,0.441,1397.09,142,266,0.534,0,0,0.0,10,31,0.323,145,281,426,60,57,52,52,14,198,54,294,-234,1150.2,3,0,988.0,1152.0,51,52,69,71,38,42,47,31,26,59,26,87,72,98,29,32,31,33,42,14,35,48,77,58,50,96,35,37,4,37,36,1,2010-11
686,Antonio McDyess,Antonio,1610612759,SAS,36.0,73,54,19,0.74,1386.4616666666666,169,344,0.491,0,1,0.0,52,77,0.675,122,273,395,84,72,36,39,9,163,76,390,134,1143.0,5,0,1019.0,1178.0,30,6,36,14,39,40,38,54,26,39,26,49,49,43,38,33,33,26,32,28,47,35,64,51,40,19,36,33,4,36,35,1,2010-11
1112,Ben Wallace,Ben,1610612765,DET,36.0,54,20,34,0.37,1238.1833333333334,67,149,0.45,1,2,0.5,19,57,0.333,129,221,350,72,44,54,54,14,81,81,154,-171,962.0,1,0,793.0,972.0,56,63,73,82,43,61,59,76,19,29,5,69,56,97,33,39,37,29,53,12,33,48,34,48,65,91,41,50,4,47,43,1,2010-11
1802,Brad Miller,Brad,1610612745,HOU,35.0,60,32,28,0.533,1015.4266666666666,132,296,0.446,40,107,0.374,78,94,0.83,44,178,222,145,54,28,21,21,98,95,382,43,958.9,1,0,887.0,1041.0,49,38,60,49,50,47,43,79,5,5,13,36,43,7,67,48,54,12,47,42,67,60,45,43,41,31,42,50,4,40,38,1,2010-11
2217,Brendan Haywood,Brendan,1610612742,DAL,31.0,72,50,22,0.694,1331.365,128,223,0.574,0,1,0.0,64,177,0.362,129,247,376,19,51,16,74,26,146,145,320,-12,1018.7,2,0,895.0,1004.0,33,11,45,24,40,50,51,14,26,39,26,41,28,96,33,35,34,65,50,59,22,66,56,29,49,53,38,43,4,39,39,1,2010-11
1730,Brian Skinner,Brian,1610612749,MIL,35.0,2,2,0,1.0,5.883333333333334,0,0,0.0,0,0,0.0,0,0,0.0,0,0,0,0,0,0,0,0,0,0,0,-11,0.0,0,0,0.0,0.0,101,99,1,1,102,102,102,102,26,59,26,99,101,99,102,102,102,98,102,98,100,1,1,101,102,51,102,63,4,102,102,1,2010-11
201572,Brook Lopez,Brook,1610612751,NJN,23.0,82,24,58,0.293,2888.755,644,1309,0.492,0,1,0.0,385,489,0.787,197,291,488,129,176,47,120,82,240,366,1673,-315,2777.1,9,0,2624.0,2920.0,1,54,100,87,4,3,3,52,26,39,26,4,4,13,19,31,28,14,5,18,13,97,94,5,3,101,6,25,4,6,6,1,2010-11
201957,Byron Mullens,Byron,1610612760,OKC,22.0,13,8,5,0.615,85.09333333333333,9,28,0.321,0,0,0.0,7,14,0.5,6,18,24,0,8,2,3,2,11,10,25,-18,60.8,0,0,59.0,64.0,94,91,10,32,94,91,89,97,26,59,26,91,90,83,95,92,93,98,89,90,95,11,7,91,92,56,94,63,4,94,94,1,2010-11
101112,Channing Frye,Channing,1610612756,PHX,28.0,77,39,38,0.506,2541.1266666666666,358,829,0.432,171,439,0.39,89,107,0.832,65,448,513,96,73,46,79,14,272,123,976,102,2037.6,8,0,2006.0,2056.0,21,25,83,55,10,17,13,85,1,1,12,33,40,6,55,13,25,22,31,20,21,48,101,32,14,22,18,26,4,16,18,1,2010-11
2365,Chris Andersen,Chris,1610612743,DEN,32.0,45,29,16,0.644,732.32,82,137,0.599,0,1,0.0,86,135,0.637,75,144,219,20,25,23,58,16,79,114,250,90,760.8,2,0,651.0,752.0,66,44,29,30,63,57,61,8,26,39,26,35,35,55,50,56,55,63,73,49,29,54,32,37,56,24,56,43,4,59,59,1,2010-11
202419,Chris Johnson,Chris,1610612757,POR,25.0,14,10,4,0.714,138.88333333333333,9,21,0.429,0,0,0.0,15,20,0.75,12,20,32,3,10,3,9,2,21,14,33,-56,101.9,0,0,92.0,107.0,93,87,7,19,91,91,92,88,26,59,26,74,83,23,90,90,89,91,87,88,82,11,14,87,90,74,90,63,4,90,90,2,2010-11
2549,Chris Kaman,Chris,1610612746,LAC,29.0,32,11,21,0.344,837.54,177,376,0.471,0,0,0.0,43,57,0.754,51,174,225,46,58,16,48,21,75,40,397,-46,870.0,6,0,796.0,906.0,78,84,41,84,59,37,33,63,26,59,26,53,56,20,64,51,53,37,41,59,38,60,30,67,39,70,48,32,4,46,48,1,2010-11
2404,Chris Wilcox,Chris,1610612765,DET,28.0,57,22,35,0.386,994.6933333333334,187,322,0.581,0,1,0.0,50,89,0.562,95,176,271,43,43,29,17,17,145,75,424,-8,908.7,3,0,830.0,919.0,53,58,76,77,51,35,40,13,26,39,26,50,44,71,46,50,48,41,54,40,71,58,55,52,37,49,47,37,4,45,47,1,2010-11
101236,Chuck Hayes,Chuck,1610612745,HOU,28.0,74,41,33,0.554,2079.16,244,463,0.527,0,2,0.0,94,142,0.662,219,380,599,202,86,79,49,72,200,131,582,209,1901.8,11,1,1639.0,1969.0,28,21,69,41,22,28,27,35,26,29,26,31,33,48,8,22,20,5,26,6,37,94,79,30,29,9,22,24,1,25,21,1,2010-11
202332,Cole Aldrich,Cole,1610612760,OKC,22.0,18,11,7,0.611,141.47666666666666,8,15,0.533,0,0,0.0,2,4,0.5,13,22,35,4,8,5,7,2,30,5,18,7,94.0,0,0,81.0,97.0,88,84,11,34,90,93,96,32,26,59,26,96,96,83,89,88,88,86,89,78,86,11,19,97,95,44,91,63,4,92,91,1,2010-11
2788,DJ Mbenga,DJ,1610612740,NOH,30.0,41,20,21,0.488,329.8333333333333,23,49,0.469,0,0,0.0,13,18,0.722,35,51,86,6,21,6,27,3,52,17,59,-36,249.2,0,0,217.0,256.0,69,63,41,62,82,83,83,65,26,59,26,82,85,35,72,80,78,84,77,77,60,15,25,83,84,67,80,63,4,80,80,1,2010-11
2429,Dan Gadzuric,Dan,1610612751,NJN,33.0,42,13,29,0.31,462.695,54,129,0.419,0,1,0.0,10,27,0.37,71,64,135,14,29,13,29,9,91,35,118,-63,398.0,0,0,351.0,407.0,68,81,63,86,73,69,65,90,26,39,26,87,76,94,53,76,66,71,66,68,58,35,41,73,73,76,67,63,4,70,68,2,2010-11
2545,Darko Milicic,Darko,1610612750,MIN,26.0,69,15,54,0.217,1686.2733333333333,271,578,0.469,0,0,0.0,64,115,0.557,133,227,360,104,151,54,140,41,229,102,606,-239,1625.0,5,0,1458.0,1756.0,40,74,96,99,30,24,22,66,26,59,26,41,37,75,32,37,36,21,10,12,9,78,88,39,27,97,29,33,4,28,28,1,2010-11
2431,David Andersen,David,1610612740,NOH,31.0,40,17,23,0.425,372.52166666666665,56,121,0.463,8,23,0.348,14,22,0.636,20,64,84,13,22,5,9,11,40,22,134,20,274.3,0,0,267.0,286.0,72,70,48,73,79,66,66,70,9,9,15,80,80,56,82,76,79,74,76,78,82,40,20,78,68,37,79,63,4,76,78,2,2010-11
101135,David Lee,David,1610612744,GSW,28.0,73,35,38,0.479,2634.285,496,978,0.507,1,3,0.333,210,267,0.787,217,497,714,233,170,74,31,66,211,211,1203,-119,2554.3,37,0,2361.0,2698.0,30,35,83,63,7,8,9,46,19,24,17,13,14,14,9,7,7,3,7,8,53,91,83,18,8,81,8,4,4,8,9,1,2010-11
201599,DeAndre Jordan,DeAndre,1610612746,LAC,22.0,80,31,49,0.388,2046.765,234,341,0.686,0,1,0.0,98,217,0.452,207,368,575,42,101,41,142,28,255,187,566,-100,1767.0,8,0,1549.0,1774.0,11,41,92,76,24,30,39,2,26,39,26,29,20,91,15,23,21,43,21,24,7,68,96,20,31,79,26,26,4,27,27,1,2010-11
201971,DeJuan Blair,DeJuan,1610612759,SAS,22.0,81,60,21,0.741,1733.5233333333333,292,583,0.501,0,2,0.0,90,137,0.657,215,350,565,77,113,95,42,61,213,119,674,135,1765.5,17,0,1590.0,1804.0,6,2,41,13,27,23,21,49,26,29,26,32,34,51,12,25,24,27,18,2,43,89,84,33,24,18,27,18,4,26,26,1,2010-11
202326,DeMarcus Cousins,DeMarcus,1610612758,SAC,20.0,81,23,58,0.284,2309.4266666666667,432,1004,0.43,3,18,0.167,276,402,0.687,217,482,699,204,268,85,68,113,332,373,1143,-268,2478.8,26,0,2355.0,2709.0,6,55,100,91,12,10,8,87,12,11,23,8,6,41,9,10,8,4,2,4,28,102,103,4,10,99,9,8,4,9,8,1,2010-11
2205,DeSagana Diop,DeSagana,1610612766,CHA,29.0,16,6,10,0.375,181.08833333333334,8,24,0.333,0,0,0.0,4,11,0.364,12,28,40,7,11,4,15,1,26,7,20,-40,124.5,0,0,105.0,131.0,90,93,16,79,86,93,90,94,26,59,26,95,93,95,90,86,86,82,84,82,74,6,15,94,93,68,87,63,4,88,86,1,2010-11
202354,Dexter Pittman,Dexter,1610612748,MIA,23.0,2,2,0,1.0,11.233333333333333,1,3,0.333,0,0,0.0,0,0,0.0,1,2,3,0,2,0,0,0,2,0,2,8,3.6,0,0,5.0,5.0,101,99,1,1,101,100,101,94,26,59,26,99,101,99,101,101,101,98,101,98,100,1,2,101,100,43,101,63,4,101,101,1,2010-11
2730,Dwight Howard,Dwight,1610612753,ORL,25.0,78,51,27,0.654,2934.9166666666665,619,1044,0.593,0,7,0.0,546,916,0.596,309,789,1098,107,279,107,186,79,258,765,1784,497,3862.1,66,0,3575.0,3975.0,18,9,56,29,3,4,6,10,26,14,26,1,1,65,2,1,2,18,1,1,3,96,98,1,2,2,1,1,4,1,1,1,2010-11
2853,Earl Barron,Earl,1610612757,POR,29.0,21,10,11,0.476,305.5083333333333,32,99,0.323,0,0,0.0,15,24,0.625,32,44,76,11,16,8,6,9,46,20,79,-34,212.7,0,0,194.0,219.0,86,87,18,64,83,79,72,96,26,59,26,74,78,57,75,83,81,78,81,76,87,35,22,80,79,66,81,63,4,81,81,3,2010-11
2731,Emeka Okafor,Emeka,1610612740,NOH,28.0,72,43,29,0.597,2286.7533333333336,300,524,0.573,0,1,0.0,145,258,0.562,230,454,684,42,119,40,127,68,230,212,745,144,2010.8,23,0,1805.0,2014.0,33,18,63,37,16,22,26,16,26,39,26,17,16,70,6,12,11,43,16,26,12,92,89,17,23,14,19,12,4,19,19,1,2010-11
956,Erick Dampier,Erick,1610612748,MIA,35.0,51,36,15,0.706,814.8016666666666,52,89,0.584,0,1,0.0,24,44,0.545,53,124,177,22,32,14,47,10,82,45,128,111,524.4,1,0,449.0,532.0,61,32,28,21,60,72,77,12,26,39,26,65,63,77,63,60,63,60,62,65,39,39,35,63,72,21,63,50,4,63,63,1,2010-11
2041,Etan Thomas,Etan,1610612737,ATL,33.0,13,6,7,0.462,82.07333333333334,10,21,0.476,0,0,0.0,12,15,0.8,6,17,23,2,5,1,4,3,11,9,32,-26,72.6,0,0,67.0,74.0,94,93,11,68,95,90,92,60,26,59,26,85,89,10,95,94,95,95,94,96,91,15,7,92,91,58,93,63,4,93,93,1,2010-11
101177,Fabricio Oberto,Fabricio,1610612757,POR,36.0,5,4,1,0.8,44.695,3,5,0.6,0,0,0.0,1,2,0.5,3,4,7,0,3,0,0,0,10,2,7,-20,12.4,0,0,14.0,14.0,99,97,5,6,100,97,99,7,26,59,26,98,97,83,98,100,99,98,97,98,100,1,6,99,98,57,100,63,4,100,100,1,2010-11
1922,Francisco Elson,Francisco,1610612762,UTA,35.0,62,34,28,0.548,609.935,54,113,0.478,0,0,0.0,26,31,0.839,35,80,115,33,32,21,14,5,84,38,134,-59,394.5,0,0,352.0,420.0,48,36,60,43,64,69,68,59,26,59,26,64,72,5,72,70,72,47,62,53,78,21,36,70,68,75,69,63,4,69,66,1,2010-11
202081,Garret Siler,Garret,1610612756,PHX,24.0,21,10,11,0.476,101.29333333333334,17,31,0.548,0,0,0.0,11,22,0.5,16,12,28,3,10,1,4,6,20,13,45,-16,88.1,0,0,86.0,94.0,86,87,18,64,92,87,88,28,26,59,26,86,80,83,86,95,91,91,87,96,91,25,13,89,87,55,92,63,4,91,92,1,2010-11
201175,Glen Davis,Glen,1610612738,BOS,25.0,78,54,24,0.692,2297.7766666666666,359,801,0.448,2,15,0.133,195,265,0.736,101,324,425,92,85,78,30,64,231,235,915,141,1802.0,5,0,1650.0,1848.0,18,6,51,25,13,16,14,77,14,13,25,15,15,31,44,28,32,23,27,7,56,90,90,15,16,15,25,33,4,24,25,1,2010-11
202328,Greg Monroe,Greg,1610612765,DET,21.0,80,30,50,0.375,2221.8633333333332,303,550,0.551,0,1,0.0,145,233,0.622,248,353,601,105,81,93,45,68,196,186,751,-135,1962.7,21,0,1733.0,1976.0,11,43,93,79,19,21,25,25,26,39,26,17,17,61,4,24,19,20,28,3,41,92,76,21,21,86,21,13,4,21,20,1,2010-11
202380,Hamady Ndiaye,Hamady,1610612764,WAS,24.0,16,3,13,0.188,80.17666666666666,4,5,0.8,0,0,0.0,6,12,0.5,2,5,7,0,3,2,5,0,18,9,14,-33,40.4,0,0,35.0,42.0,90,98,24,101,96,96,99,1,26,59,26,93,92,83,100,99,99,98,97,90,88,1,11,92,96,63,97,63,4,97,97,1,2010-11
201632,Hamed Haddadi,Hamed,1610612763,MEM,26.0,31,18,13,0.581,168.38666666666666,30,58,0.517,0,1,0.0,15,23,0.652,24,44,68,5,11,2,13,8,29,16,75,48,198.1,1,0,178.0,198.0,79,67,24,38,88,80,81,40,26,39,26,74,79,52,79,83,84,85,84,90,79,31,17,85,80,29,84,50,4,84,84,1,2010-11
201934,Hasheem Thabeet,Hasheem,1610612745,HOU,24.0,47,23,24,0.489,373.31333333333333,17,40,0.425,0,0,0.0,19,35,0.543,24,51,75,4,17,9,16,8,76,35,53,-123,207.0,0,0,182.0,211.0,65,55,51,61,78,87,86,89,26,59,26,69,68,78,79,80,82,86,80,73,72,31,31,73,85,82,83,63,4,83,83,2,2010-11
202355,Hassan Whiteside,Hassan,1610612758,SAC,22.0,1,1,0,1.0,1.7433333333333334,0,0,0.0,0,0,0.0,0,0,0.0,0,0,0,0,0,0,0,0,2,0,0,-4,0.0,0,0,0.0,0.0,103,101,1,1,103,102,102,102,26,59,26,99,101,99,102,102,102,98,102,98,100,1,2,101,102,47,102,63,4,102,102,1,2010-11
200756,Hilton Armstrong,Hilton,1610612737,ATL,26.0,53,15,38,0.283,488.785,37,76,0.487,2,4,0.5,16,33,0.485,42,89,131,14,28,18,21,12,84,46,92,-101,359.2,0,0,317.0,368.0,58,74,83,92,70,77,78,55,14,18,5,73,70,90,69,67,67,71,68,56,67,41,36,61,78,80,71,63,4,71,71,2,2010-11
101133,Ian Mahinmi,Ian,1610612742,DAL,24.0,56,39,17,0.696,487.87833333333333,55,98,0.561,0,2,0.0,63,82,0.768,43,77,120,8,25,14,15,7,105,66,173,67,391.0,1,0,359.0,396.0,54,25,30,22,71,68,75,20,26,29,26,43,47,17,68,71,70,80,73,65,74,27,47,55,61,26,70,50,4,68,70,1,2010-11
201581,JJ Hickson,JJ,1610612739,CLE,22.0,80,19,61,0.238,2256.32,429,936,0.458,0,5,0.0,247,367,0.673,217,478,695,91,173,48,54,111,215,257,1105,-532,2208.5,28,0,2095.0,2288.0,11,65,103,96,17,11,10,74,26,16,26,9,8,45,9,11,9,25,6,15,33,101,85,12,11,103,15,7,4,15,14,1,2010-11
201580,JaVale McGee,JaVale,1610612764,WAS,23.0,79,23,56,0.291,2192.56,332,604,0.55,0,3,0.0,134,230,0.583,223,411,634,38,102,41,193,38,232,202,798,-230,2215.8,21,1,1938.0,2210.0,16,55,98,88,21,20,19,26,26,24,26,25,19,67,7,20,14,45,20,24,2,77,91,19,20,94,14,13,1,17,16,1,2010-11
2048,Jamaal Magloire,Jamaal,1610612748,MIA,33.0,18,14,4,0.778,157.59833333333333,13,22,0.591,0,0,0.0,9,18,0.5,17,44,61,3,5,4,2,2,26,14,35,13,125.7,0,0,111.0,120.0,88,78,7,7,89,89,91,11,26,59,26,89,85,83,83,83,85,91,94,82,97,11,15,87,89,39,86,63,4,86,87,1,2010-11
2260,Jarron Collins,Jarron,1610612757,POR,32.0,28,11,17,0.393,181.36333333333334,6,21,0.286,0,0,0.0,7,10,0.7,14,10,24,2,7,4,1,5,29,21,19,6,58.8,0,0,55.0,62.0,84,84,30,75,85,95,92,98,26,59,26,91,94,40,88,96,93,95,91,82,99,21,17,79,94,46,95,63,4,95,95,2,2010-11
2215,Jason Collins,Jason,1610612737,ATL,32.0,49,27,22,0.551,593.3433333333334,34,71,0.479,1,1,1.0,27,41,0.659,30,72,102,22,26,9,9,8,97,67,96,87,279.4,0,0,257.0,296.0,63,49,45,42,66,78,79,58,19,39,1,62,67,50,76,75,75,60,71,73,82,31,44,54,77,25,78,63,4,78,76,1,2010-11
201160,Jason Smith,Jason,1610612740,NOH,25.0,77,44,33,0.571,1101.825,136,307,0.443,0,2,0.0,59,70,0.843,89,152,241,36,53,26,32,16,150,62,331,-7,795.2,0,0,724.0,818.0,21,16,69,39,49,44,42,82,26,29,26,46,53,4,48,54,50,46,48,44,52,54,58,57,47,48,54,63,4,51,53,1,2010-11
1902,Jeff Foster,Jeff,1610612754,IND,34.0,56,25,31,0.446,939.8633333333333,80,167,0.479,0,3,0.0,27,48,0.563,160,190,350,46,26,24,31,14,127,73,187,50,815.0,0,0,693.0,794.0,54,53,66,70,55,58,56,57,26,24,26,62,60,69,25,45,37,37,71,48,53,48,51,53,59,28,52,63,4,55,55,1,2010-11
979,Jermaine O'Neal,Jermaine,1610612738,BOS,32.0,24,13,11,0.542,431.225,50,109,0.459,0,1,0.0,29,43,0.674,25,63,88,12,27,2,30,7,65,44,129,15,321.6,1,0,293.0,337.0,85,81,18,47,76,73,70,73,26,39,26,60,64,44,78,78,77,76,69,90,56,27,28,64,70,38,73,50,4,73,72,1,2010-11
201149,Joakim Noah,Joakim,1610612741,CHI,26.0,48,36,12,0.75,1575.5283333333334,211,402,0.525,0,1,0.0,139,188,0.739,182,316,498,107,90,48,72,48,156,148,561,178,1589.1,21,0,1406.0,1633.0,64,32,22,11,31,33,32,37,26,39,26,20,24,30,20,29,27,18,24,15,25,83,60,27,32,12,30,13,4,30,30,1,2010-11
693,Joe Smith,Joe,1610612747,LAL,35.0,16,14,2,0.875,69.34833333333333,3,16,0.188,0,0,0.0,2,2,1.0,3,18,21,4,5,0,4,1,13,5,8,-9,46.2,0,0,41.0,49.0,90,78,6,5,98,97,95,100,26,59,26,96,97,1,98,92,96,86,94,98,91,6,9,97,97,50,96,63,4,96,96,2,2010-11
201202,Joel Anthony,Joel,1610612748,MIA,28.0,75,55,20,0.733,1463.0566666666666,53,99,0.535,0,0,0.0,47,73,0.644,104,162,266,24,36,10,93,13,194,65,153,123,781.2,0,0,649.0,776.0,25,4,37,15,36,71,72,30,26,59,26,51,50,54,43,53,49,57,59,71,16,44,75,56,66,20,55,63,4,60,57,1,2010-11
2038,Joel Przybilla,Joel,1610612766,CHA,31.0,36,18,18,0.5,519.7633333333333,25,44,0.568,0,0,0.0,14,27,0.519,37,108,145,13,29,5,15,7,79,37,64,-74,288.5,0,0,262.0,295.0,75,67,32,57,69,82,84,17,26,59,26,80,76,81,70,64,65,74,66,78,74,27,32,71,82,78,76,63,4,77,77,2,2010-11
101130,Johan Petro,Johan,1610612751,NJN,25.0,77,22,55,0.286,893.4133333333333,129,290,0.445,0,4,0.0,15,28,0.536,62,150,212,44,46,34,34,3,178,37,273,-156,751.4,0,0,665.0,777.0,21,58,97,90,56,49,45,80,26,18,26,74,75,79,57,55,57,40,52,33,51,15,67,71,53,89,58,63,4,57,56,1,2010-11
201941,Jordan Hill,Jordan,1610612745,HOU,23.0,72,38,34,0.528,1124.4966666666667,173,352,0.491,0,2,0.0,60,85,0.706,128,178,306,29,62,14,52,25,157,78,406,-153,952.7,2,0,873.0,968.0,33,30,73,52,48,38,37,53,26,29,26,45,46,39,36,48,43,50,39,65,35,63,61,49,38,88,43,43,4,41,44,1,2010-11
2570,Kendrick Perkins,Kendrick,1610612760,OKC,26.0,29,21,8,0.724,742.0133333333333,67,130,0.515,0,0,0.0,40,72,0.556,62,170,232,26,56,9,26,19,91,53,174,96,540.4,1,0,502.0,563.0,82,61,13,18,62,61,64,42,26,59,26,55,52,76,57,52,52,53,43,73,61,59,41,59,60,23,62,50,4,62,62,2,2010-11
201567,Kevin Love,Kevin,1610612750,MIN,22.0,73,17,56,0.233,2610.5433333333335,482,1026,0.47,88,211,0.417,424,499,0.85,330,782,1112,184,155,45,28,96,148,421,1476,-272,3150.4,64,0,3006.0,3175.0,30,70,98,97,8,9,7,64,3,4,11,3,3,3,1,2,1,8,8,22,59,100,57,3,6,100,5,2,4,4,5,1,2010-11
201585,Kosta Koufos,Kosta,1610612743,DEN,22.0,50,17,33,0.34,433.6,68,150,0.453,0,2,0.0,24,43,0.558,57,73,130,7,31,10,25,15,59,31,160,-51,400.5,0,0,367.0,409.0,62,70,69,85,75,60,58,75,26,29,26,65,64,73,62,74,68,82,65,71,62,52,26,75,64,72,66,63,4,66,67,2,2010-11
703,Kurt Thomas,Kurt,1610612741,CHI,38.0,52,39,13,0.75,1178.1533333333334,95,186,0.511,1,1,1.0,20,32,0.625,75,226,301,60,42,32,42,5,164,77,211,158,842.2,0,0,721.0,854.0,60,25,24,11,45,56,55,44,19,39,1,67,71,57,50,38,45,33,55,37,43,21,65,50,58,13,51,63,4,52,50,1,2010-11
2198,Kwame Brown,Kwame,1610612766,CHA,29.0,66,27,39,0.409,1714.165,194,375,0.517,0,0,0.0,136,231,0.589,147,303,450,43,69,26,39,42,174,231,524,-233,1254.5,8,0,1147.0,1255.0,42,49,86,74,29,34,34,39,26,59,26,23,18,66,28,30,30,41,35,44,47,80,66,16,34,95,33,26,4,33,33,1,2010-11
201178,Kyrylo Fesenko,Kyrylo,1610612762,UTA,24.0,53,29,24,0.547,455.94,44,100,0.44,0,1,0.0,18,46,0.391,34,74,108,18,25,4,16,9,90,39,106,38,297.6,0,0,272.0,310.0,58,44,51,44,74,75,71,83,26,39,26,71,61,93,74,73,74,67,73,82,72,35,40,68,75,32,75,63,4,75,75,1,2010-11
202336,Larry Sanders,Larry,1610612749,MIL,22.0,60,28,32,0.467,872.1616666666666,116,268,0.433,0,0,0.0,28,50,0.56,59,119,178,16,38,22,72,13,117,39,260,-145,741.6,1,0,642.0,752.0,49,46,67,67,58,52,46,84,26,59,26,61,59,72,60,61,61,68,58,51,25,44,49,68,55,87,59,50,4,61,59,1,2010-11
201188,Marc Gasol,Marc,1610612763,MEM,26.0,81,46,35,0.568,2586.4566666666665,364,691,0.527,3,7,0.429,220,294,0.748,154,415,569,200,146,74,136,56,265,338,951,138,2417.8,14,0,2143.0,2550.0,6,14,76,40,9,15,16,36,12,14,10,10,11,26,26,19,23,7,11,8,10,86,99,7,15,16,10,21,4,11,10,1,2010-11
101162,Marcin Gortat,Marcin,1610612756,PHX,27.0,80,43,37,0.538,2032.8916666666667,338,603,0.561,1,4,0.25,140,193,0.725,148,483,631,70,81,36,91,57,188,182,817,23,1979.2,24,0,1773.0,1969.0,11,18,81,48,25,18,20,21,19,18,20,19,23,34,27,9,15,30,28,28,18,88,73,22,18,36,20,10,4,20,21,2,2010-11
948,Marcus Camby,Marcus,1610612757,POR,37.0,59,32,27,0.542,1540.375,117,294,0.398,0,1,0.0,43,70,0.614,182,424,606,121,62,40,92,8,140,86,277,29,1519.7,8,0,1268.0,1521.0,51,38,56,46,33,51,44,91,26,39,26,53,53,63,20,18,18,15,39,26,17,31,52,46,52,35,32,26,4,32,32,1,2010-11
2588,Matt Bonner,Matt,1610612759,SAS,31.0,66,48,18,0.727,1431.7116666666666,172,371,0.464,105,230,0.457,32,43,0.744,60,179,239,60,27,26,21,7,110,41,481,256,971.8,1,0,979.0,981.0,42,12,32,17,37,39,35,69,2,2,8,59,64,28,59,46,51,33,69,44,67,27,48,66,35,6,40,50,4,38,42,1,2010-11
2246,Mehmet Okur,Mehmet,1610612762,UTA,32.0,13,5,8,0.385,168.43,22,62,0.355,5,16,0.313,15,20,0.75,9,21,30,19,7,4,4,3,18,12,64,-33,145.5,0,0,134.0,156.0,94,96,13,78,87,84,80,93,10,12,19,74,83,23,92,89,90,65,91,82,91,15,11,90,82,63,85,63,4,85,85,1,2010-11
2408,Melvin Ely,Melvin,1610612743,DEN,33.0,30,18,12,0.6,366.475,28,51,0.549,0,0,0.0,13,21,0.619,27,47,74,14,14,4,11,6,50,20,69,9,209.8,0,0,187.0,216.0,81,67,22,35,80,81,82,27,26,59,26,82,82,62,77,82,83,71,82,82,81,25,24,80,81,42,82,63,4,82,82,1,2010-11
1737,Nazr Mohammed,Nazr,1610612760,OKC,33.0,75,40,35,0.533,1279.6,234,448,0.522,0,1,0.0,67,112,0.598,140,228,368,23,70,30,56,48,184,100,535,12,1199.1,3,0,1098.0,1207.0,25,24,76,49,41,30,29,38,26,39,26,40,39,64,31,36,35,58,34,39,31,83,69,41,33,40,34,37,4,34,34,2,2010-11
2420,Nenad Krstic,Nenad,1610612738,BOS,27.0,71,44,27,0.62,1571.0666666666666,231,452,0.511,0,0,0.0,113,146,0.774,124,211,335,27,56,26,25,35,184,119,575,38,1114.5,3,0,1039.0,1117.0,37,16,56,31,32,32,28,43,26,59,26,26,31,16,37,41,40,51,43,44,62,74,69,33,30,32,37,37,4,35,37,2,2010-11
2403,Nene,ene,1610612743,DEN,28.0,75,46,29,0.613,2290.7966666666666,402,654,0.615,1,5,0.2,286,402,0.711,145,426,571,149,134,84,73,56,238,330,1091,320,2336.7,14,0,2126.0,2431.0,25,14,63,33,15,13,17,6,19,16,22,7,6,38,29,17,22,10,13,5,23,86,92,8,12,3,13,21,4,12,13,1,2010-11
2555,Nick Collison,Nick,1610612760,OKC,30.0,71,48,23,0.676,1523.73,137,242,0.566,0,0,0.0,55,73,0.753,119,197,316,69,55,42,31,25,210,118,329,309,975.7,1,0,860.0,1002.0,37,12,48,26,34,43,49,18,26,59,26,47,50,22,39,43,42,31,46,23,53,63,82,35,48,4,39,50,4,42,40,1,2010-11
201593,Nikola Pekovic,Nikola,1610612750,MIN,25.0,65,15,50,0.231,887.4083333333333,136,263,0.517,0,0,0.0,87,114,0.763,90,103,193,27,91,18,35,34,181,107,359,-215,699.1,1,0,685.0,765.0,45,74,93,98,57,44,48,41,26,59,26,34,38,18,47,65,59,51,23,56,50,71,68,38,44,93,61,50,4,56,58,1,2010-11
201600,Omer Asik,Omer,1610612741,CHI,24.0,82,62,20,0.756,989.4483333333334,78,141,0.553,0,0,0.0,73,145,0.503,112,194,306,32,64,20,56,26,153,116,229,234,808.2,1,0,719.0,827.0,1,1,37,9,54,59,60,24,26,59,26,38,32,82,41,44,43,48,38,54,31,66,59,36,57,7,53,50,4,53,52,1,2010-11
2200,Pau Gasol,Pau,1610612747,LAL,30.0,82,57,25,0.695,3037.0833333333335,593,1120,0.529,1,3,0.333,354,430,0.823,268,568,836,273,142,48,130,85,203,363,1541,534,3345.7,43,1,3007.0,3457.0,1,3,55,23,1,5,5,33,19,24,17,5,5,8,3,3,3,1,12,15,11,98,81,6,4,1,3,3,1,3,3,1,2010-11
201577,Robin Lopez,Robin,1610612756,PHX,23.0,67,33,34,0.493,991.125,179,357,0.501,0,0,0.0,74,100,0.74,82,134,216,8,48,18,45,42,143,96,432,-46,844.2,2,0,782.0,853.0,41,37,73,60,53,36,36,48,26,59,26,37,41,29,49,58,56,80,51,56,41,80,54,42,36,70,50,43,4,48,51,1,2010-11
101142,Ronny Turiaf,Ronny,1610612752,NYK,28.0,64,32,32,0.5,1140.6933333333334,103,163,0.632,0,0,0.0,61,98,0.622,64,143,207,92,41,35,73,16,160,87,267,-11,936.4,2,0,782.0,982.0,47,38,67,57,47,55,57,5,26,59,26,44,42,60,56,57,58,23,56,32,23,54,62,45,54,51,44,43,4,48,41,1,2010-11
201579,Roy Hibbert,Roy,1610612754,IND,24.0,81,37,44,0.457,2244.0216666666665,410,890,0.461,0,4,0.0,205,275,0.745,182,428,610,166,185,33,142,75,256,285,1025,-29,2346.0,21,0,2151.0,2492.0,6,31,90,69,18,12,12,72,26,18,26,14,13,27,20,16,17,9,4,36,7,95,97,10,13,61,12,13,4,10,11,1,2010-11
200797,Ryan Hollins,Ryan,1610612739,CLE,26.0,70,17,53,0.243,1181.5816666666667,131,219,0.598,0,0,0.0,111,163,0.681,70,116,186,26,67,22,42,31,199,162,373,-129,760.2,0,0,713.0,803.0,39,70,95,95,44,48,52,9,26,59,26,27,29,42,54,62,60,53,37,51,43,69,78,25,42,84,57,63,4,54,54,1,2010-11
2223,Samuel Dalembert,Samuel,1610612758,SAC,31.0,80,22,58,0.275,1937.4616666666666,268,567,0.473,0,2,0.0,108,148,0.73,212,445,657,67,132,36,116,34,225,130,644,-252,1856.9,16,0,1672.0,1891.0,11,58,100,93,26,25,24,62,26,29,26,28,30,33,14,14,12,32,14,28,14,71,87,31,25,98,24,20,4,23,23,1,2010-11
1752,Sean Marks,Sean,1610612757,POR,35.0,29,15,14,0.517,208.45833333333334,19,44,0.432,2,2,1.0,5,8,0.625,16,24,40,4,11,3,5,1,44,6,45,-73,112.0,0,0,107.0,117.0,82,74,27,53,84,85,84,86,14,29,1,94,95,57,86,87,86,86,84,88,88,6,21,95,87,77,88,63,4,87,88,1,2010-11
201623,Semih Erden,Semih,1610612739,CLE,24.0,41,31,10,0.756,594.8816666666667,62,111,0.559,0,0,0.0,39,60,0.65,37,81,118,20,34,15,24,16,104,52,163,-33,417.6,0,0,379.0,438.0,69,41,16,9,65,64,69,22,26,59,26,56,55,53,70,69,71,63,61,62,65,54,46,60,62,63,64,63,4,64,64,2,2010-11
201586,Serge Ibaka,Serge,1610612760,OKC,21.0,82,55,27,0.671,2215.7083333333335,335,617,0.543,0,1,0.0,138,184,0.75,214,408,622,22,71,31,198,34,267,148,808,137,2203.4,12,0,1910.0,2161.0,1,4,56,27,20,19,18,29,26,39,26,21,26,23,13,21,16,60,33,38,1,71,100,27,19,17,16,23,4,18,17,1,2010-11
406,Shaquille O'Neal,Shaquille,1610612738,BOS,39.0,37,28,9,0.757,751.575,134,201,0.667,0,0,0.0,73,131,0.557,48,130,178,26,56,16,42,13,120,101,341,193,711.6,3,0,661.0,745.0,74,46,15,8,61,46,54,3,26,59,26,38,36,74,65,59,61,53,43,59,43,44,50,40,46,11,60,37,4,58,61,1,2010-11
202374,Solomon Alabi,Solomon,1610612761,TOR,23.0,12,1,11,0.083,59.01,3,15,0.2,0,0,0.0,0,2,0.0,7,7,14,2,3,2,2,3,5,1,6,-13,34.8,0,0,30.0,36.0,97,101,18,103,99,97,96,99,26,59,26,99,97,99,93,97,97,95,97,90,97,15,4,100,99,54,99,63,4,99,99,1,2010-11
201150,Spencer Hawes,Spencer,1610612755,PHI,23.0,81,41,40,0.506,1718.2883333333334,264,568,0.465,9,37,0.243,47,88,0.534,129,336,465,121,97,29,71,41,201,90,584,-54,1526.5,7,0,1379.0,1591.0,6,21,88,56,28,27,23,68,8,6,21,51,45,80,33,27,29,15,22,40,27,78,80,44,28,73,31,30,4,31,31,1,2010-11
689,Theo Ratliff,Theo,1610612747,LAL,38.0,10,10,0,1.0,70.50166666666667,1,6,0.167,0,0,0.0,0,2,0.0,6,7,13,3,3,2,5,1,7,6,2,-27,40.1,0,0,32.0,42.0,98,87,1,1,97,100,98,101,26,59,26,99,97,99,95,97,98,91,97,90,88,6,5,95,100,59,98,63,4,98,97,1,2010-11
202389,Timofey Mozgov,Timofey,1610612743,DEN,24.0,45,27,18,0.6,524.095,63,133,0.474,0,0,0.0,37,52,0.712,46,75,121,15,35,15,25,15,84,46,163,-42,415.7,1,0,379.0,434.0,66,49,32,35,68,63,62,61,26,59,26,57,58,37,66,72,69,70,60,62,62,52,36,61,62,69,65,50,4,64,65,2,2010-11
1499,Tony Battie,Tony,1610612755,PHI,35.0,38,14,24,0.368,376.9916666666667,45,96,0.469,2,3,0.667,8,14,0.571,17,82,99,12,12,5,15,1,59,15,100,-32,284.8,0,0,253.0,283.0,73,78,51,83,77,74,76,67,14,24,4,90,90,68,83,68,76,76,83,78,74,6,26,86,76,62,77,63,4,79,79,1,2010-11
2211,Troy Murphy,Troy,1610612738,BOS,31.0,35,13,22,0.371,465.9066666666667,42,114,0.368,5,33,0.152,20,30,0.667,22,91,113,23,20,15,3,13,47,26,109,-125,313.1,0,0,286.0,322.0,76,81,45,81,72,76,67,92,10,8,24,67,74,46,81,66,73,58,78,62,95,44,23,77,74,83,74,63,4,74,74,2,2010-11
2199,Tyson Chandler,Tyson,1610612742,DAL,28.0,74,54,20,0.73,2058.5116666666668,266,407,0.654,0,0,0.0,216,295,0.732,206,486,692,32,88,36,80,25,240,258,748,295,1886.4,18,0,1704.0,1852.0,28,6,37,16,23,26,31,4,26,59,26,12,10,32,16,8,10,48,25,28,19,63,94,11,22,5,23,17,4,22,24,1,2010-11
2397,Yao Ming,ao Ming,1610612745,HOU,30.0,5,1,4,0.2,90.51833333333333,18,37,0.486,0,0,0.0,15,16,0.938,7,20,27,4,7,0,8,3,13,17,51,-27,106.4,0,0,98.0,110.0,99,101,7,100,93,86,87,56,26,59,26,74,88,2,93,90,92,86,91,98,85,15,9,83,86,59,89,63,4,89,89,1,2010-11
2585,Zaza Pachulia,Zaza,1610612737,ATL,27.0,79,43,36,0.544,1243.7816666666668,107,232,0.461,0,0,0.0,135,179,0.754,119,214,333,58,69,34,22,44,184,163,349,-132,934.6,4,0,852.0,966.0,16,18,79,45,42,54,50,71,26,59,26,24,27,21,39,40,41,36,35,33,66,82,69,24,45,85,45,36,4,43,45,1,2010-11
980,Zydrunas Ilgauskas,Zydrunas,1610612748,MIA,36.0,72,51,21,0.708,1145.3533333333332,162,319,0.508,0,1,0.0,36,46,0.783,108,179,287,26,52,23,58,12,185,43,360,212,934.4,3,0,835.0,942.0,33,9,41,20,46,41,41,45,26,39,26,58,61,15,42,46,47,53,49,49,29,41,72,65,43,8,46,37,4,44,46,1,2010-11
201189,Aaron Gray,Aaron,1610612761,TOR,27.0,49,17,32,0.347,812.6583333333333,83,161,0.516,0,0,0.0,25,47,0.532,83,198,281,27,51,22,17,15,127,39,191,-153,634.7,2,0,577.0,643.0,57,66,101,92,59,62,66,39,31,64,31,66,61,87,49,38,44,58,48,52,74,61,83,69,64,110,63,45,6,63,63,1,2011-12
201143,Al Horford,Al,1610612737,ATL,26.0,11,7,4,0.636,347.98333333333335,57,103,0.553,0,1,0.0,22,30,0.733,26,51,77,24,16,10,14,7,21,27,136,52,320.4,2,0,285.0,333.0,105,93,14,20,85,77,80,19,31,42,31,68,77,33,84,88,86,62,86,80,85,39,22,78,75,30,81,45,6,82,81,1,2011-12
2744,Al Jefferson,Al,1610612762,UTA,27.0,61,32,29,0.525,2074.96,516,1048,0.492,1,4,0.25,137,177,0.774,133,452,585,134,62,47,101,61,155,143,1170,159,2455.0,31,0,2186.0,2467.0,29,32,89,52,8,1,2,58,23,28,19,19,21,23,25,7,10,9,41,14,10,113,101,22,2,13,5,6,6,6,6,1,2011-12
2405,Amar'e Stoudemire,Amar'e,1610612752,NYK,29.0,47,22,25,0.468,1543.22,316,654,0.483,5,21,0.238,186,243,0.765,106,261,367,52,112,38,45,59,138,194,823,-44,1478.4,16,0,1413.0,1543.0,59,48,75,68,21,13,14,61,14,13,22,11,12,25,39,25,28,34,12,23,38,111,91,13,13,85,20,15,6,19,20,1,2011-12
101161,Amir Johnson,Amir,1610612761,TOR,25.0,64,22,42,0.344,1552.8933333333334,196,340,0.576,2,5,0.4,58,84,0.69,149,259,408,79,94,33,69,26,209,89,452,16,1272.1,8,0,1145.0,1324.0,16,48,115,94,20,34,38,10,18,24,6,42,43,48,22,26,23,21,19,34,24,84,119,40,37,47,26,27,6,29,26,1,2011-12
2760,Anderson Varejao,Anderson,1610612739,CLE,29.0,25,10,15,0.4,784.6033333333334,114,222,0.514,0,4,0.0,43,64,0.672,109,178,287,43,45,35,17,22,62,70,271,-17,790.9,14,0,705.0,800.0,89,86,38,79,63,53,53,41,31,28,31,49,51,55,35,46,42,40,54,31,74,71,45,47,53,70,53,19,6,53,53,1,2011-12
200745,Andrea Bargnani,Andrea,1610612761,TOR,26.0,31,13,18,0.419,1031.6916666666666,209,484,0.432,34,115,0.296,151,173,0.873,24,148,172,61,69,18,15,22,52,149,603,-44,930.9,2,0,936.0,996.0,78,79,50,76,49,30,25,91,4,4,16,17,22,7,86,60,68,28,35,65,82,71,38,21,24,85,44,45,6,41,43,1,2011-12
101106,Andrew Bogut,Andrew,1610612749,MIL,27.0,12,7,5,0.583,363.7183333333333,61,136,0.449,0,1,0.0,14,23,0.609,22,78,100,31,24,12,24,4,36,45,136,19,386.5,3,0,339.0,406.0,104,93,15,40,84,74,73,79,31,42,31,82,83,79,87,80,81,50,74,78,63,26,31,63,75,43,78,41,6,78,78,1,2011-12
101115,Andrew Bynum,Andrew,1610612747,LAL,24.0,60,38,22,0.633,2111.54,444,796,0.558,1,5,0.2,234,338,0.692,192,517,709,85,152,27,116,60,104,281,1123,112,2378.3,37,0,2204.0,2431.0,33,16,65,22,6,6,6,16,23,24,24,5,4,45,10,2,3,18,4,42,6,112,66,5,6,18,7,4,6,5,7,1,2011-12
2740,Andris Biedrins,Andris,1610612744,GSW,26.0,47,17,30,0.362,738.62,39,64,0.609,0,0,0.0,1,9,0.111,45,131,176,16,14,23,45,1,125,14,79,-118,504.2,0,0,407.0,491.0,59,66,90,85,66,83,87,6,31,64,31,109,100,110,71,62,67,72,88,50,38,8,79,95,87,104,71,66,6,75,72,1,2011-12
1112,Ben Wallace,Ben,1610612765,DET,37.0,62,24,38,0.387,980.26,34,86,0.395,1,4,0.25,16,47,0.34,81,188,269,43,34,47,51,5,60,63,85,-104,732.3,0,0,594.0,734.0,27,41,109,82,50,86,83,105,23,28,19,77,61,107,50,41,50,40,63,14,32,33,42,53,85,100,57,66,6,60,58,1,2011-12
202687,Bismack Biyombo,Bismack,1610612766,CHA,19.0,63,7,56,0.111,1455.22,129,278,0.464,0,0,0.0,69,143,0.483,113,255,368,27,71,20,115,33,145,123,327,-462,1143.1,5,0,992.0,1154.0,24,93,119,116,26,45,44,68,31,64,31,41,28,96,32,27,27,58,34,59,8,93,95,29,45,120,33,36,6,38,36,1,2011-12
2564,Boris Diaw,Boris,1610612759,SAS,30.0,57,23,34,0.404,1424.7416666666666,156,351,0.444,31,99,0.313,22,35,0.629,70,210,280,205,112,34,25,15,125,44,365,-197,1073.5,3,0,999.0,1232.0,43,44,105,78,30,39,34,84,5,5,15,68,72,71,55,35,45,2,12,33,61,61,79,65,40,114,38,41,6,37,30,2,2011-12
1802,Brad Miller,Brad,1610612750,MIN,36.0,15,3,12,0.2,145.83333333333334,9,27,0.333,7,15,0.467,10,12,0.833,4,15,19,24,12,4,2,2,10,17,35,-13,99.8,0,0,97.0,120.0,99,106,31,113,98,106,103,111,12,14,3,92,95,12,110,104,109,62,92,94,108,16,12,93,100,67,104,66,6,102,100,1,2011-12
2217,Brendan Haywood,Brendan,1610612742,DAL,32.0,54,31,23,0.574,1145.8816666666667,118,228,0.518,0,0,0.0,45,96,0.469,139,185,324,19,46,24,54,15,121,78,281,24,886.3,2,0,780.0,877.0,49,34,68,43,43,50,52,38,31,64,31,47,42,98,24,42,37,69,52,47,30,61,75,45,52,41,46,45,6,48,47,1,2011-12
2567,Brian Cook,Brian,1610612764,WAS,31.0,32,17,15,0.531,275.87,31,98,0.316,10,50,0.2,9,10,0.9,10,53,63,10,11,6,5,2,48,14,81,-8,193.6,0,0,186.0,197.0,76,66,38,51,92,87,81,114,11,11,24,93,98,4,103,85,92,82,93,90,98,16,36,95,86,65,92,66,6,90,91,2,2011-12
1730,Brian Skinner,Brian,1610612763,MEM,36.0,1,0,1,0.0,4.366666666666666,0,1,0.0,0,0,0.0,0,0,0.0,0,0,0,0,0,0,0,0,1,1,0,-7,0.0,0,0,0.0,0.0,120,119,3,119,119,117,118,117,31,64,31,111,113,111,118,118,119,113,116,115,115,1,4,113,117,64,119,66,6,119,119,1,2011-12
201572,Brook Lopez,Brook,1610612751,NJN,24.0,5,2,3,0.4,135.97666666666666,38,77,0.494,0,0,0.0,20,32,0.625,8,10,18,6,6,1,4,8,8,23,96,-27,135.6,0,0,130.0,141.0,111,111,8,79,101,85,85,57,31,64,31,72,75,72,105,110,110,92,104,108,102,42,10,84,84,74,97,66,6,96,97,1,2011-12
201957,Byron Mullens,Byron,1610612766,CHA,23.0,65,7,58,0.108,1465.2583333333334,251,591,0.425,12,51,0.235,92,112,0.821,96,231,327,57,74,21,52,30,137,80,606,-364,1228.9,6,0,1148.0,1266.0,8,93,120,117,25,21,17,93,10,10,23,28,35,14,42,30,36,31,31,53,31,86,90,43,23,119,28,34,6,27,28,1,2011-12
101112,Channing Frye,Channing,1610612756,PHX,29.0,64,33,31,0.516,1669.425,255,613,0.416,91,263,0.346,73,82,0.89,71,308,379,88,63,42,70,17,176,99,674,167,1533.8,9,0,1456.0,1565.0,16,26,95,55,18,20,15,100,3,2,10,37,44,5,54,18,25,17,40,20,23,65,109,36,17,11,19,25,6,17,18,1,2011-12
2365,Chris Andersen,Chris,1610612743,DEN,33.0,32,16,16,0.5,486.28833333333336,59,108,0.546,0,0,0.0,50,82,0.61,48,100,148,6,17,19,46,9,52,66,168,26,532.6,0,0,452.0,523.0,76,70,44,59,77,75,78,21,31,64,31,43,44,78,67,72,73,92,84,63,35,44,38,51,70,37,70,66,6,70,70,1,2011-12
2549,Chris Kaman,Chris,1610612740,NOH,30.0,47,16,31,0.34,1371.9716666666666,266,597,0.446,0,0,0.0,84,107,0.785,89,275,364,101,129,25,77,52,106,82,616,-60,1381.3,15,0,1285.0,1488.0,59,70,95,95,33,17,16,83,31,64,31,30,38,20,46,23,29,15,7,45,18,105,67,42,20,90,23,17,6,21,21,1,2011-12
2404,Chris Wilcox,Chris,1610612738,BOS,29.0,28,15,13,0.536,481.24333333333334,64,107,0.598,0,0,0.0,24,39,0.615,38,84,122,12,30,11,9,6,64,31,152,-45,346.4,0,0,326.0,358.0,81,74,34,50,78,72,79,8,31,64,31,67,67,74,75,79,78,78,70,79,90,36,46,73,74,88,79,66,6,79,80,1,2011-12
101236,Chuck Hayes,Chuck,1610612758,SAC,29.0,54,19,35,0.352,1039.4366666666667,73,170,0.429,0,2,0.0,26,39,0.667,72,162,234,77,50,36,17,22,111,42,172,-165,677.3,0,0,589.0,719.0,49,61,106,90,48,69,62,92,31,36,31,65,67,57,52,53,55,25,49,29,74,71,69,67,67,112,61,66,6,61,60,1,2011-12
202332,Cole Aldrich,Cole,1610612760,OKC,23.0,26,21,5,0.808,173.14166666666668,22,42,0.524,0,0,0.0,13,14,0.929,13,35,48,3,9,8,16,2,22,12,57,-33,182.1,0,0,156.0,183.0,87,55,15,4,97,90,93,34,31,64,31,84,92,2,99,96,95,105,97,84,79,16,24,97,89,78,93,66,6,93,93,1,2011-12
2429,Dan Gadzuric,Dan,1610612752,NYK,34.0,2,2,0,1.0,13.166666666666666,0,2,0.0,0,0,0.0,0,2,0.0,1,4,5,0,1,1,1,1,4,1,0,-2,11.0,0,0,9.0,11.0,118,111,1,1,116,117,117,117,31,64,31,111,111,111,115,115,115,113,113,108,111,8,6,113,117,61,115,66,6,115,115,1,2011-12
202350,Daniel Orton,Daniel,1610612753,ORL,21.0,16,8,8,0.5,186.57,17,30,0.567,0,1,0.0,11,25,0.44,19,20,39,5,7,8,9,1,30,18,45,-43,143.3,0,0,123.0,145.0,98,90,22,59,96,95,102,13,31,42,31,89,82,104,91,102,100,96,100,84,90,8,28,92,94,83,95,66,6,97,96,1,2011-12
2545,Darko Milicic,Darko,1610612750,MIN,27.0,29,14,15,0.483,472.075,59,130,0.454,0,0,0.0,16,37,0.432,35,62,97,17,32,9,25,13,59,30,134,-44,345.9,0,0,316.0,367.0,80,77,38,66,79,75,74,74,31,64,31,77,70,105,77,82,82,70,67,82,61,53,40,76,77,85,80,66,6,80,79,1,2011-12
201208,Darryl Watkins,Darryl,1610612740,NOH,27.0,5,2,3,0.4,97.55666666666667,7,14,0.5,0,0,0.0,9,18,0.5,8,19,27,3,8,5,4,1,14,11,23,-29,78.9,1,0,71.0,83.0,111,111,8,79,108,110,110,49,31,64,31,93,89,93,105,103,103,105,98,92,102,8,15,98,109,76,107,55,6,107,107,1,2011-12
101135,David Lee,David,1610612744,GSW,29.0,57,22,35,0.386,2120.9983333333334,464,922,0.503,0,5,0.0,219,280,0.782,171,374,545,162,149,54,22,83,179,228,1147,-142,2123.0,27,1,2006.0,2244.0,43,48,106,83,4,3,4,46,31,24,31,7,7,21,15,13,14,5,5,9,66,119,111,10,4,108,10,9,1,10,9,1,2011-12
201599,DeAndre Jordan,DeAndre,1610612746,LAC,23.0,66,40,26,0.606,1797.8433333333332,206,326,0.632,0,1,0.0,74,141,0.525,202,344,546,17,74,30,134,30,189,130,486,160,1584.7,8,0,1377.0,1558.0,1,14,81,31,15,31,40,4,31,42,31,36,29,89,7,16,13,70,31,39,2,86,115,27,34,12,17,27,6,20,19,1,2011-12
201971,DeJuan Blair,DeJuan,1610612759,SAS,23.0,64,48,16,0.75,1363.2366666666667,269,504,0.534,0,1,0.0,73,119,0.613,154,197,351,78,92,59,12,52,168,111,611,31,1270.2,8,0,1182.0,1331.0,16,3,44,7,34,16,21,28,31,42,31,37,31,76,20,39,31,23,20,5,87,105,107,31,22,35,27,27,6,25,25,1,2011-12
202326,DeMarcus Cousins,DeMarcus,1610612758,SAC,21.0,64,20,44,0.313,1950.14,448,999,0.448,2,14,0.143,262,373,0.702,265,438,703,102,170,93,75,103,257,359,1160,-177,2490.6,36,0,2303.0,2571.0,16,58,118,103,11,5,3,80,18,15,27,3,3,40,1,8,4,14,2,1,21,120,120,3,3,113,4,5,6,3,4,1,2011-12
2205,DeSagana Diop,DeSagana,1610612766,CHA,30.0,27,1,26,0.037,325.21166666666664,15,42,0.357,0,0,0.0,1,6,0.167,33,52,85,23,19,6,13,4,36,7,31,-116,205.5,0,0,177.0,219.0,83,114,81,118,87,99,93,110,31,64,31,109,107,109,79,86,83,65,82,90,86,26,31,104,104,102,90,66,6,91,89,1,2011-12
202324,Derrick Favors,Derrick,1610612762,UTA,20.0,65,35,30,0.538,1375.67,222,445,0.499,0,0,0.0,126,194,0.649,158,267,425,43,103,38,65,49,145,140,570,-21,1350.5,13,0,1244.0,1390.0,8,21,90,47,32,26,28,52,31,64,31,20,16,66,17,24,22,40,16,23,26,104,95,25,26,71,24,20,6,23,24,1,2011-12
202354,Dexter Pittman,Dexter,1610612748,MIA,24.0,35,23,12,0.657,300.95166666666665,44,94,0.468,0,0,0.0,18,28,0.643,27,44,71,9,17,8,8,11,73,26,106,10,235.7,0,0,218.0,243.0,73,44,31,18,89,82,82,65,31,64,31,73,78,68,83,91,88,86,84,84,94,49,51,79,82,50,85,66,6,85,85,1,2011-12
2400,Drew Gooden,Drew,1610612749,MIL,30.0,56,26,30,0.464,1468.815,287,657,0.437,16,55,0.291,176,208,0.846,130,233,363,144,109,46,34,34,112,164,766,-159,1548.6,13,1,1449.0,1657.0,46,37,90,70,24,15,13,89,9,9,17,12,14,10,27,29,30,8,14,18,49,94,71,18,14,111,18,20,1,18,17,1,2011-12
2730,Dwight Howard,Dwight,1610612753,ORL,26.0,54,33,21,0.611,2069.6516666666666,416,726,0.573,0,7,0.0,281,572,0.491,200,585,785,104,175,81,116,55,159,458,1113,179,2627.0,43,0,2396.0,2697.0,49,26,64,30,9,8,11,12,31,23,31,2,1,95,8,1,1,13,1,3,6,108,102,1,7,10,1,2,6,2,1,1,2011-12
2853,Earl Barron,Earl,1610612744,GSW,30.0,2,1,1,0.5,8.716666666666667,2,4,0.5,0,0,0.0,0,0,0.0,1,0,1,0,0,0,0,0,5,0,4,-2,5.2,0,0,5.0,5.0,118,114,3,59,118,112,115,49,31,64,31,111,113,111,115,118,117,113,116,115,115,1,7,117,113,61,117,66,6,117,117,1,2011-12
2201,Eddy Curry,Eddy,1610612748,MIA,29.0,14,12,2,0.857,82.6,12,26,0.462,0,0,0.0,6,8,0.75,4,8,12,1,10,0,2,3,17,4,30,-63,41.9,0,0,47.0,50.0,101,82,5,3,111,103,105,69,31,64,31,99,103,27,110,112,111,109,94,115,108,23,18,110,105,93,112,66,6,110,111,1,2011-12
202327,Ekpe Udoh,Ekpe,1610612749,MIL,25.0,23,12,11,0.522,463.035,45,110,0.409,0,2,0.0,40,50,0.8,42,65,107,26,18,15,37,11,59,46,130,60,435.4,0,0,367.0,445.0,91,82,28,54,80,81,77,101,31,36,31,51,60,16,72,81,80,61,83,71,46,49,40,61,79,28,76,66,6,77,76,1,2011-12
2731,Emeka Okafor,Emeka,1610612740,NOH,29.0,27,4,23,0.148,781.4383333333334,114,214,0.533,0,0,0.0,38,74,0.514,70,143,213,24,37,16,26,14,73,56,266,-132,646.6,5,0,587.0,653.0,83,105,68,114,64,53,54,29,31,64,31,57,47,91,55,61,58,62,60,68,59,56,51,55,55,107,62,36,6,62,62,1,2011-12
202683,Enes Freedom,Enes,1610612762,UTA,20.0,66,36,30,0.545,874.435,117,236,0.496,0,1,0.0,70,105,0.667,107,171,278,8,54,18,23,37,87,85,304,-130,718.6,1,0,672.0,721.0,1,19,90,45,57,51,50,56,31,42,31,40,39,57,37,50,47,90,46,65,64,97,58,41,47,106,58,55,6,54,59,1,2011-12
956,Erick Dampier,Erick,1610612737,ATL,36.0,15,7,8,0.467,83.28833333333333,1,8,0.125,0,0,0.0,0,0,0.0,10,15,25,4,3,1,4,0,9,5,2,6,50.0,0,0,41.0,50.0,99,93,22,69,110,115,112,116,31,64,31,111,113,111,103,104,105,100,109,108,102,1,11,109,115,56,110,66,6,112,111,1,2011-12
1922,Francisco Elson,Francisco,1610612755,PHI,36.0,5,3,2,0.6,16.456666666666667,1,3,0.333,0,0,0.0,0,0,0.0,0,1,1,1,1,1,1,0,0,0,2,-14,9.7,0,0,8.0,11.0,111,106,5,32,115,115,116,111,31,64,31,111,113,111,118,116,117,109,113,108,111,1,1,117,115,68,116,66,6,116,115,1,2011-12
201175,Glen Davis,Glen,1610612753,ORL,26.0,61,33,28,0.541,1426.885,225,534,0.421,2,14,0.143,114,167,0.683,107,224,331,47,75,43,19,43,106,138,566,-61,1144.7,6,0,1070.0,1177.0,29,26,84,46,29,24,19,96,18,15,27,23,24,52,37,32,35,37,30,19,72,101,67,26,27,91,32,34,6,31,35,1,2011-12
202328,Greg Monroe,Greg,1610612765,DET,22.0,66,25,41,0.379,2081.8783333333336,407,781,0.521,0,1,0.0,201,272,0.739,239,398,637,152,161,83,46,75,180,229,1015,-202,2233.4,30,0,2062.0,2343.0,1,40,113,84,7,9,7,36,31,42,31,10,9,32,3,11,7,7,3,2,35,118,113,9,9,115,9,8,6,8,8,1,2011-12
202962,Greg Smith,Greg,1610612745,HOU,21.0,8,5,3,0.625,69.09166666666667,7,11,0.636,0,0,0.0,0,0,0.0,5,15,20,1,1,2,5,2,17,0,14,-4,59.5,0,0,49.0,57.0,109,103,8,27,112,110,111,2,31,64,31,111,113,111,109,104,108,109,113,104,98,16,18,117,111,63,109,66,6,109,109,1,2011-12
201880,Greg Stiemsma,Greg,1610612738,BOS,26.0,55,33,22,0.6,766.4033333333333,66,121,0.545,0,0,0.0,29,41,0.707,48,129,177,28,33,37,85,14,144,41,161,-65,748.4,0,0,610.0,760.0,47,26,65,32,65,71,75,23,31,64,31,62,65,39,67,63,66,56,64,26,15,56,94,68,72,95,56,66,6,57,54,1,2011-12
202970,Gustavo Ayon,Gustavo,1610612740,NOH,27.0,54,18,36,0.333,1088.3116666666667,140,261,0.536,0,1,0.0,39,63,0.619,86,179,265,74,46,53,46,32,118,64,319,-24,999.0,2,0,856.0,1029.0,49,63,108,96,47,42,47,26,31,42,31,54,53,73,48,45,51,26,52,11,35,90,74,52,46,72,41,45,6,43,41,1,2011-12
202380,Hamady Ndiaye,Hamady,1610612764,WAS,25.0,3,0,3,0.0,2.93,0,1,0.0,0,0,0.0,0,0,0.0,0,0,0,0,0,0,0,0,0,1,0,8,0.0,0,0,0.0,0.0,115,119,8,119,120,117,118,117,31,64,31,111,113,111,118,118,119,113,116,115,115,1,1,113,117,51,119,66,6,119,119,1,2011-12
201632,Hamed Haddadi,Hamed,1610612763,MEM,27.0,35,21,14,0.6,205.95666666666668,26,48,0.542,0,1,0.0,18,26,0.692,28,43,71,8,21,1,26,3,43,21,70,22,227.2,0,0,203.0,238.0,73,55,36,32,94,88,90,24,31,42,31,73,80,45,82,93,88,90,78,108,59,23,34,88,88,42,88,66,6,87,86,1,2011-12
201934,Hasheem Thabeet,Hasheem,1610612757,POR,25.0,20,7,13,0.35,138.645,11,21,0.524,0,0,0.0,13,20,0.65,16,26,42,0,8,1,10,1,20,16,35,-93,110.4,0,0,99.0,110.0,93,93,34,91,100,105,107,34,31,64,31,84,87,65,93,98,98,113,98,108,88,8,21,94,100,99,101,66,6,101,103,2,2011-12
202355,Hassan Whiteside,Hassan,1610612758,SAC,23.0,18,6,12,0.333,108.875,12,27,0.444,0,0,0.0,5,12,0.417,16,23,39,0,5,3,15,7,12,6,29,7,124.8,0,0,104.0,122.0,95,100,31,96,104,103,103,84,31,64,31,104,95,106,93,100,100,113,106,101,82,39,14,107,106,52,98,66,6,100,99,1,2011-12
101133,Ian Mahinmi,Ian,1610612742,DAL,25.0,61,36,25,0.59,1139.1533333333334,130,238,0.546,0,1,0.0,94,147,0.639,108,181,289,12,50,38,31,24,176,124,354,69,875.8,0,0,793.0,874.0,29,19,75,37,44,44,49,22,31,42,31,27,27,69,36,44,41,78,49,23,51,78,109,28,42,26,47,66,6,46,48,1,2011-12
201580,JaVale McGee,JaVale,1610612743,DEN,24.0,61,22,39,0.361,1534.7933333333333,307,552,0.556,0,0,0.0,77,167,0.461,163,314,477,31,87,35,132,37,166,142,691,-305,1723.9,15,0,1533.0,1731.0,29,48,111,86,22,14,18,17,31,64,31,34,24,100,16,17,18,50,23,31,3,97,106,23,16,117,16,17,6,16,16,2,2011-12
2048,Jamaal Magloire,Jamaal,1610612761,TOR,34.0,34,9,25,0.265,373.695,17,45,0.378,0,0,0.0,7,27,0.259,25,88,113,6,22,4,10,4,66,28,41,33,205.6,0,0,188.0,208.0,75,88,75,110,83,95,92,106,31,64,31,96,79,108,85,77,79,92,76,94,88,26,47,77,97,34,89,66,6,89,90,1,2011-12
2215,Jason Collins,Jason,1610612737,ATL,33.0,30,22,8,0.733,307.68,16,40,0.4,0,0,0.0,7,15,0.467,12,36,48,10,10,4,3,3,34,20,39,0,122.6,0,0,111.0,128.0,79,48,22,10,88,98,95,103,31,64,31,96,91,99,101,95,95,82,94,94,105,23,30,90,99,58,99,66,6,98,98,1,2011-12
201160,Jason Smith,Jason,1610612740,NOH,26.0,40,13,27,0.325,947.05,181,348,0.52,1,9,0.111,33,47,0.702,72,124,196,34,40,21,41,22,102,50,396,-30,828.2,4,0,751.0,846.0,67,79,83,102,53,37,36,37,23,20,29,58,61,41,52,66,60,44,58,53,42,71,65,57,39,77,51,40,6,50,51,1,2011-12
201965,Jeff Ayres,Jeff,1610612754,IND,25.0,20,13,7,0.65,106.3,15,36,0.417,0,0,0.0,4,7,0.571,12,21,33,4,2,3,2,4,16,8,34,7,92.6,0,0,81.0,90.0,93,79,20,19,107,99,97,99,31,64,31,105,105,83,101,101,102,100,110,101,108,26,17,102,102,52,106,66,6,106,106,1,2011-12
202880,Jeff Foote,Jeff,1610612740,NOH,24.0,4,1,3,0.25,39.13,2,6,0.333,0,0,0.0,0,0,0.0,1,5,6,0,2,0,1,2,5,1,4,0,12.2,0,0,12.0,13.0,114,114,8,111,113,112,113,111,31,64,31,111,113,111,115,114,114,113,110,115,111,16,7,113,113,58,114,66,6,114,114,1,2011-12
1902,Jeff Foster,Jeff,1610612754,IND,35.0,11,8,3,0.727,140.98666666666668,9,18,0.5,1,1,1.0,6,9,0.667,18,24,42,4,7,8,1,1,26,7,25,19,101.4,0,0,90.0,102.0,105,90,8,11,99,106,109,49,23,42,1,99,100,57,92,99,98,100,100,84,111,8,26,104,107,43,103,66,6,104,104,1,2011-12
202719,Jeremy Tyler,Jeremy,1610612744,GSW,21.0,42,14,28,0.333,568.21,88,209,0.421,0,1,0.0,29,52,0.558,54,86,140,16,36,16,20,24,84,45,205,-117,469.0,1,0,433.0,485.0,65,77,84,96,73,59,55,97,31,42,31,62,59,85,65,78,75,72,61,68,68,78,56,63,60,103,74,55,6,73,73,1,2011-12
979,Jermaine O'Neal,Jermaine,1610612738,BOS,33.0,25,11,14,0.44,569.5316666666666,52,120,0.433,0,0,0.0,21,31,0.677,37,98,135,10,21,8,43,12,80,51,125,13,434.0,1,0,372.0,433.0,89,84,36,72,72,78,76,90,31,64,31,70,76,53,76,73,77,82,78,84,40,52,55,56,81,49,77,55,6,76,77,1,2011-12
202366,Jerome Jordan,Jerome,1610612752,NYK,25.0,21,15,6,0.714,107.56666666666666,17,33,0.515,0,0,0.0,8,10,0.8,14,13,27,4,2,1,6,4,15,7,42,25,99.4,0,0,87.0,98.0,92,74,17,12,105,95,99,40,31,64,31,95,98,16,97,108,103,100,110,108,96,26,16,104,95,40,105,66,6,105,105,1,2011-12
201149,Joakim Noah,Joakim,1610612741,CHI,27.0,64,48,16,0.75,1944.8733333333332,249,490,0.508,0,1,0.0,154,206,0.748,242,387,629,160,92,41,92,61,162,175,652,287,1953.8,24,1,1707.0,2000.0,16,3,44,7,12,22,22,42,31,42,31,16,15,29,2,12,8,6,20,22,12,113,104,15,18,2,14,10,1,13,13,1,2011-12
201202,Joel Anthony,Joel,1610612748,MIA,29.0,64,45,19,0.703,1349.4183333333333,85,152,0.559,0,0,0.0,49,71,0.69,100,150,250,9,45,36,84,22,126,68,219,243,847.5,0,0,718.0,847.0,16,7,54,15,36,60,69,15,31,64,31,44,48,49,41,58,53,86,54,29,17,71,81,49,59,6,50,66,6,52,50,1,2011-12
2038,Joel Przybilla,Joel,1610612757,POR,32.0,27,9,18,0.333,448.8433333333333,22,48,0.458,0,0,0.0,11,18,0.611,29,109,138,6,22,4,16,8,66,22,55,-43,267.6,0,0,239.0,265.0,83,88,50,96,82,90,90,71,31,64,31,89,89,77,80,71,76,92,76,94,79,42,47,85,92,83,84,66,6,84,84,1,2011-12
101130,Johan Petro,Johan,1610612751,NJN,26.0,59,16,43,0.271,920.045,109,260,0.419,1,1,1.0,31,37,0.838,68,156,224,45,38,21,23,10,122,31,250,-148,680.3,0,0,608.0,696.0,37,70,117,109,55,55,48,98,23,42,1,60,70,11,57,55,56,39,59,53,64,47,77,73,57,109,60,66,6,58,61,1,2011-12
201941,Jordan Hill,Jordan,1610612747,LAL,24.0,39,21,18,0.538,551.3033333333333,82,165,0.497,0,3,0.0,30,47,0.638,61,125,186,16,31,14,27,16,71,35,194,-34,533.2,5,0,478.0,535.0,68,55,50,47,74,63,65,55,31,32,31,61,61,70,63,65,63,72,68,75,58,64,50,72,63,79,69,36,6,68,69,2,2011-12
202716,Jordan Williams,Jordan,1610612751,NJN,21.0,43,10,33,0.233,634.8133333333334,77,152,0.507,0,0,0.0,43,66,0.652,66,90,156,11,23,21,15,19,61,48,197,18,485.7,2,0,436.0,483.0,64,86,103,112,70,67,69,43,31,64,31,49,50,64,58,76,72,80,75,53,82,68,44,58,62,45,73,45,6,71,74,1,2011-12
202725,Josh Harrellson,Josh,1610612752,NYK,23.0,37,18,19,0.486,539.7066666666667,63,149,0.423,20,59,0.339,16,26,0.615,47,97,144,11,20,23,20,14,48,22,162,96,460.3,1,0,423.0,457.0,71,63,54,65,75,73,71,95,8,8,11,77,80,74,69,75,74,80,80,50,68,56,36,85,71,22,75,55,6,74,75,1,2011-12
202712,Justin Harper,Justin,1610612753,ORL,22.0,14,7,7,0.5,83.63,9,31,0.29,2,13,0.154,0,1,0.0,3,9,12,2,6,2,3,1,5,2,20,-38,46.4,0,0,46.0,51.0,101,93,20,59,109,106,101,115,18,17,26,111,112,111,112,111,111,108,104,104,105,8,7,112,110,81,111,66,6,111,110,1,2011-12
202728,Keith Benson,Keith,1610612744,GSW,23.0,3,1,2,0.333,9.133333333333333,0,1,0.0,0,0,0.0,0,0,0.0,2,1,3,0,0,0,0,0,0,0,0,7,3.6,0,0,3.0,3.0,115,114,5,96,117,117,118,117,31,64,31,111,113,111,113,116,116,113,116,115,115,1,1,117,117,52,118,66,6,118,118,1,2011-12
2570,Kendrick Perkins,Kendrick,1610612760,OKC,27.0,65,46,19,0.708,1743.6783333333333,128,262,0.489,0,0,0.0,73,112,0.652,120,306,426,78,118,25,73,31,189,108,329,146,1133.2,2,0,1029.0,1205.0,8,6,54,14,17,46,46,60,31,64,31,37,35,63,29,19,21,23,11,45,22,89,115,32,44,15,34,45,6,36,32,1,2011-12
708,Kevin Garnett,Kevin,1610612738,BOS,36.0,60,37,23,0.617,1864.125,391,777,0.503,3,9,0.333,162,189,0.857,66,428,494,175,107,56,61,24,141,176,947,269,2046.3,21,0,1853.0,2142.0,33,18,68,28,14,10,8,47,15,20,12,15,18,8,58,9,17,4,15,6,28,78,92,14,11,4,11,12,6,11,11,1,2011-12
201567,Kevin Love,Kevin,1610612750,MIN,23.0,55,24,31,0.436,2145.471666666667,474,1059,0.448,105,282,0.372,379,460,0.824,226,508,734,111,128,47,28,65,152,380,1432,26,2576.3,48,0,2532.0,2613.0,47,41,95,73,3,2,1,81,1,1,9,1,2,13,4,3,2,10,8,14,56,115,99,2,1,37,2,1,6,1,3,1,2011-12
202338,Kevin Seraphin,Kevin,1610612764,WAS,22.0,57,16,41,0.281,1175.8433333333332,203,382,0.531,0,1,0.0,47,70,0.671,103,177,280,33,66,19,76,36,133,63,453,-37,1057.5,5,0,956.0,1084.0,43,70,113,106,42,32,32,30,31,42,31,45,49,56,40,47,45,46,37,63,19,96,86,53,36,80,39,36,6,39,39,1,2011-12
201585,Kosta Koufos,Kosta,1610612743,DEN,23.0,48,28,20,0.583,791.5166666666667,115,192,0.599,0,0,0.0,33,55,0.6,95,163,258,15,33,24,41,19,96,46,263,102,757.1,3,0,666.0,746.0,58,35,62,40,62,52,58,7,31,64,31,58,57,80,43,52,52,76,64,47,42,68,60,61,56,19,54,41,6,56,56,1,2011-12
703,Kurt Thomas,Kurt,1610612757,POR,39.0,53,23,30,0.434,802.5533333333333,73,157,0.465,0,0,0.0,14,20,0.7,39,149,188,46,31,24,31,13,123,31,160,18,588.6,0,0,504.0,605.0,54,44,90,74,61,69,67,67,31,64,31,82,87,44,74,59,62,38,68,47,51,53,78,73,73,45,66,66,6,67,66,1,2011-12
2198,Kwame Brown,Kwame,1610612744,GSW,30.0,9,3,6,0.333,186.98333333333332,21,40,0.525,0,0,0.0,15,34,0.441,16,41,57,4,14,8,0,5,21,26,57,-28,141.4,0,0,134.0,146.0,108,106,17,96,95,92,95,33,31,64,31,81,73,103,93,94,94,100,88,84,115,33,22,79,89,75,96,66,6,95,95,1,2011-12
201178,Kyrylo Fesenko,Kyrylo,1610612754,IND,25.0,3,3,0,1.0,16.983333333333334,2,5,0.4,0,0,0.0,4,6,0.667,2,7,9,1,0,2,0,1,2,3,8,7,26.3,0,0,22.0,25.0,115,106,1,1,114,112,114,103,31,64,31,105,107,57,113,113,113,109,116,104,115,8,5,111,112,52,113,66,6,113,113,1,2011-12
202336,Larry Sanders,Larry,1610612749,MIL,23.0,52,24,28,0.462,642.6033333333334,84,184,0.457,0,2,0.0,18,38,0.474,62,98,160,33,43,32,76,13,133,36,186,100,708.5,1,0,595.0,736.0,55,41,84,71,69,61,60,72,31,36,31,73,69,97,62,73,71,46,56,37,19,53,86,70,66,21,59,55,6,59,57,1,2011-12
202730,Lavoy Allen,Lavoy,1610612755,PHI,23.0,41,22,19,0.537,624.12,79,167,0.473,0,0,0.0,11,14,0.786,47,124,171,34,20,13,18,10,73,26,169,47,498.2,0,0,436.0,501.0,66,48,54,49,71,64,64,64,31,64,31,89,92,19,69,66,69,44,80,77,73,47,51,79,69,31,72,66,6,71,71,1,2011-12
201188,Marc Gasol,Marc,1610612763,MEM,27.0,65,40,25,0.615,2370.31,357,740,0.482,1,12,0.083,237,317,0.748,120,459,579,204,121,62,121,41,201,317,952,274,2380.8,24,0,2102.0,2488.0,8,14,75,29,2,11,10,62,23,18,30,4,5,28,29,6,11,3,10,4,5,99,118,4,10,3,6,10,6,7,5,1,2011-12
101162,Marcin Gortat,Marcin,1610612756,PHX,28.0,66,33,33,0.5,2114.015,427,769,0.555,0,2,0.0,163,251,0.649,185,474,659,59,90,48,99,57,142,235,1017,91,2247.3,31,0,2029.0,2235.0,1,26,103,59,5,7,9,18,31,36,31,14,11,67,12,5,6,30,22,13,11,110,93,7,8,23,8,6,6,9,10,1,2011-12
948,Marcus Camby,Marcus,1610612745,HOU,38.0,59,28,31,0.475,1351.5616666666667,128,287,0.446,2,5,0.4,29,64,0.453,157,373,530,107,57,50,85,11,126,72,287,35,1431.5,7,0,1196.0,1436.0,37,35,95,67,35,46,43,82,18,24,6,62,51,102,19,14,15,12,43,12,15,49,81,46,49,33,22,32,6,24,23,2,2011-12
201578,Marreese Speights,Marreese,1610612763,MEM,24.0,60,38,22,0.633,1344.8083333333334,221,488,0.453,0,3,0.0,84,109,0.771,133,241,374,48,74,21,29,32,147,107,526,-74,1122.8,7,0,1048.0,1146.0,33,16,65,22,37,27,24,75,31,32,31,30,37,24,25,28,26,36,31,53,54,90,97,33,30,96,37,32,6,35,38,1,2011-12
2588,Matt Bonner,Matt,1610612759,SAS,32.0,65,49,16,0.754,1325.5933333333332,154,350,0.44,105,250,0.42,16,21,0.762,29,185,214,61,14,15,21,6,68,48,429,361,871.3,1,0,881.0,873.0,8,2,44,6,38,41,35,87,1,3,4,77,86,26,80,42,57,28,88,71,67,36,49,58,38,1,48,55,6,42,49,1,2011-12
2246,Mehmet Okur,Mehmet,1610612751,NJN,33.0,17,6,11,0.353,453.705,52,139,0.374,23,72,0.319,3,5,0.6,22,59,81,30,25,9,5,4,45,21,130,-126,289.2,0,0,292.0,313.0,96,100,28,88,81,78,72,107,7,6,14,108,109,80,87,83,85,54,73,82,98,26,35,88,79,105,82,66,6,81,82,1,2011-12
202148,Mickell Gladness,Mickell,1610612744,GSW,25.0,26,11,15,0.423,252.04833333333335,25,59,0.424,0,0,0.0,6,12,0.5,14,44,58,5,7,4,20,7,32,10,56,-75,198.1,0,0,167.0,196.0,87,84,38,75,93,89,88,94,31,64,31,99,95,93,97,91,93,96,100,94,68,39,29,101,91,97,91,66,6,92,92,2,2011-12
1630,Mikki Moore,Mikki,1610612744,GSW,36.0,7,1,6,0.143,117.73,9,20,0.45,0,0,0.0,6,7,0.857,7,15,22,5,7,3,3,2,24,11,24,-16,68.9,0,0,63.0,74.0,110,114,17,115,103,106,108,78,31,64,31,99,105,8,108,104,107,96,100,101,105,16,25,98,108,69,108,66,6,108,108,1,2011-12
1737,Nazr Mohammed,Nazr,1610612760,OKC,34.0,63,44,19,0.698,692.2033333333334,79,169,0.467,0,1,0.0,13,23,0.565,59,111,170,14,26,20,37,18,101,26,171,76,541.0,0,0,469.0,540.0,24,8,54,16,67,64,63,66,31,42,31,84,83,84,64,70,70,77,71,59,46,66,64,79,68,25,68,66,6,69,68,1,2011-12
2403,Nene,ene,1610612764,WAS,29.0,39,23,16,0.59,1109.7516666666668,211,393,0.537,0,4,0.0,113,168,0.673,63,228,291,80,96,42,38,32,95,168,535,102,1148.2,8,0,1066.0,1226.0,68,44,44,38,46,29,31,25,31,28,31,24,23,54,60,31,39,20,18,20,45,90,59,17,29,19,31,27,6,32,31,2,2011-12
2555,Nick Collison,Nick,1610612760,OKC,31.0,63,44,19,0.698,1306.785,120,201,0.597,0,1,0.0,44,62,0.71,119,155,274,82,61,33,28,22,153,79,284,267,857.8,1,0,762.0,905.0,24,8,54,16,39,49,56,9,31,42,31,48,54,38,31,56,48,19,42,34,56,71,100,44,50,5,49,55,6,49,46,1,2011-12
201593,Nikola Pekovic,Nikola,1610612750,MIN,26.0,47,19,28,0.404,1263.9333333333334,256,454,0.564,0,0,0.0,139,187,0.743,181,165,346,31,87,29,31,70,98,158,651,-45,1205.7,16,0,1148.0,1239.0,59,61,84,77,41,19,27,14,31,64,31,18,19,30,14,51,34,50,23,41,51,116,61,19,19,88,29,15,6,27,29,1,2011-12
202696,Nikola Vučević,Nikola,1610612755,PHI,21.0,51,26,25,0.51,811.5733333333334,131,291,0.45,3,8,0.375,18,34,0.529,88,158,246,31,33,20,34,9,111,26,283,27,753.7,2,0,671.0,753.0,56,37,75,58,60,43,42,77,15,22,8,73,73,88,47,54,54,50,64,59,49,44,69,79,51,36,55,45,6,55,55,1,2011-12
201600,Omer Asik,Omer,1610612741,CHI,25.0,66,50,16,0.758,971.4583333333334,79,156,0.506,0,0,0.0,47,103,0.456,127,223,350,32,68,30,68,24,121,94,205,123,899.0,0,0,783.0,913.0,1,1,44,5,51,64,68,44,31,64,31,45,41,101,28,33,32,49,36,39,25,78,75,38,60,17,45,66,6,47,45,1,2011-12
202335,Patrick Patterson,Patrick,1610612745,HOU,23.0,64,33,31,0.516,1482.885,225,511,0.44,0,3,0.0,40,57,0.702,112,174,286,53,49,27,36,19,113,70,490,-42,1052.7,1,0,955.0,1071.0,16,26,95,55,23,24,20,86,31,32,31,51,55,42,34,49,43,33,51,42,48,68,72,47,32,82,40,55,6,40,40,1,2011-12
2200,Pau Gasol,Pau,1610612747,LAL,31.0,65,41,24,0.631,2429.9733333333334,459,917,0.501,7,27,0.259,204,261,0.782,183,495,678,237,142,37,88,56,127,232,1129,158,2531.1,42,1,2301.0,2656.0,8,12,71,24,1,4,5,48,12,12,18,9,10,22,13,4,5,1,6,26,14,109,83,8,5,14,3,3,1,4,2,1,2011-12
201577,Robin Lopez,Robin,1610612756,PHX,24.0,64,32,32,0.5,894.675,124,269,0.461,0,0,0.0,100,140,0.714,90,119,209,20,43,18,60,18,128,104,348,-64,819.8,0,0,733.0,831.0,16,32,101,59,56,48,45,70,31,64,31,26,30,36,45,68,59,67,56,65,29,66,85,35,43,94,52,66,6,51,52,1,2011-12
101142,Ronny Turiaf,Ronny,1610612748,MIA,29.0,17,6,11,0.353,279.0133333333333,19,33,0.576,0,1,0.0,13,22,0.591,20,50,70,10,14,14,17,5,39,22,51,-1,229.0,0,0,193.0,234.0,96,100,28,88,91,93,99,11,31,42,31,84,85,82,89,89,90,82,88,75,74,33,33,85,93,60,86,66,6,88,87,2,2011-12
201579,Roy Hibbert,Roy,1610612754,IND,25.0,65,41,24,0.631,1936.9416666666666,332,668,0.497,0,1,0.0,170,239,0.711,213,359,572,108,128,32,128,54,195,226,834,214,2034.4,21,0,1834.0,2102.0,8,12,71,24,13,12,12,54,31,42,31,13,13,37,5,15,12,11,8,37,4,107,117,11,12,7,12,12,6,12,12,1,2011-12
200797,Ryan Hollins,Ryan,1610612738,BOS,27.0,39,20,19,0.513,522.2116666666667,46,84,0.548,0,0,0.0,39,75,0.52,34,48,82,9,35,5,17,14,78,67,131,-9,273.9,0,0,266.0,297.0,68,58,54,57,76,80,84,20,31,64,31,54,46,90,78,90,84,86,62,92,74,56,54,50,78,66,83,66,6,83,83,2,2011-12
202396,Samardo Samuels,Samardo,1610612739,CLE,23.0,54,15,39,0.278,825.2016666666667,105,231,0.455,0,0,0.0,82,117,0.701,63,117,180,20,56,20,20,26,113,105,292,-104,602.0,1,0,572.0,632.0,49,74,111,107,58,56,51,73,31,64,31,32,33,43,60,69,64,67,44,59,68,84,72,34,48,100,65,55,6,64,65,1,2011-12
2223,Samuel Dalembert,Samuel,1610612745,HOU,32.0,65,34,31,0.523,1446.3766666666668,200,395,0.506,0,1,0.0,90,113,0.796,158,298,456,33,82,37,111,30,162,92,490,54,1448.7,10,0,1275.0,1456.0,8,22,95,53,27,33,30,45,31,42,31,29,34,18,17,22,20,46,26,26,9,86,104,39,32,29,21,24,6,22,22,1,2011-12
201157,Sean Williams,Sean,1610612738,BOS,25.0,11,3,8,0.273,107.11833333333334,14,22,0.636,0,0,0.0,12,13,0.923,13,12,25,5,10,4,8,0,18,11,40,26,103.5,0,0,94.0,111.0,105,106,22,108,106,101,106,2,31,64,31,88,94,3,99,109,105,96,94,94,94,1,20,98,98,37,102,66,6,103,102,2,2011-12
201623,Semih Erden,Semih,1610612739,CLE,25.0,28,8,20,0.286,332.5833333333333,39,74,0.527,0,0,0.0,21,41,0.512,20,52,72,9,16,10,5,9,60,36,99,-80,227.9,0,0,210.0,234.0,81,90,62,105,86,83,86,31,31,64,31,70,65,92,89,86,87,86,86,80,98,44,42,70,83,98,87,66,6,86,87,1,2011-12
201586,Serge Ibaka,Serge,1610612760,OKC,22.0,66,47,19,0.712,1791.8533333333332,262,490,0.535,1,3,0.333,78,118,0.661,193,305,498,28,79,33,241,41,179,97,603,206,1985.6,12,1,1678.0,1979.0,1,5,54,13,16,18,22,27,23,32,12,33,32,62,9,20,16,56,29,34,1,99,111,37,24,8,13,22,1,14,14,1,2011-12
200749,Shelden Williams,Shelden,1610612751,NJN,28.0,58,20,38,0.345,1276.2583333333334,96,201,0.478,0,0,0.0,76,104,0.731,141,209,350,35,66,47,39,24,149,116,268,-236,932.5,3,0,825.0,946.0,41,58,109,93,40,58,56,63,31,64,31,35,40,34,23,36,32,43,37,14,44,78,98,30,54,116,43,41,6,45,44,1,2011-12
202374,Solomon Alabi,Solomon,1610612761,TOR,24.0,14,5,9,0.357,122.165,13,36,0.361,0,0,0.0,7,8,0.875,15,32,47,3,5,2,9,4,11,6,33,3,121.9,1,0,105.0,119.0,101,103,26,87,102,102,97,109,31,64,31,96,103,6,96,97,97,105,106,104,90,26,13,107,103,57,100,55,6,99,101,1,2011-12
201150,Spencer Hawes,Spencer,1610612755,PHI,24.0,37,22,15,0.595,920.0583333333333,156,319,0.489,3,12,0.25,40,55,0.727,78,192,270,98,55,16,48,22,100,44,355,66,963.0,8,0,854.0,1013.0,71,48,38,35,54,39,41,59,15,18,19,51,57,35,51,40,49,16,45,68,33,71,63,65,41,27,42,27,6,44,42,1,2011-12
201168,Tiago Splitter,Tiago,1610612759,SAS,27.0,59,44,15,0.746,1120.81,212,343,0.618,0,0,0.0,125,181,0.691,93,213,306,65,87,21,47,34,134,156,549,199,1130.7,2,0,1056.0,1189.0,37,8,38,9,45,28,37,5,31,64,31,21,20,47,44,34,38,27,23,53,34,94,88,20,28,9,36,45,6,34,34,1,2011-12
202389,Timofey Mozgov,Timofey,1610612743,DEN,25.0,44,26,18,0.591,687.1066666666667,100,190,0.526,0,0,0.0,39,57,0.684,53,126,179,22,53,15,42,14,86,47,239,-62,604.8,0,0,554.0,633.0,63,37,50,36,68,57,59,32,31,64,31,54,55,51,66,64,65,66,47,71,41,56,57,60,58,92,64,66,6,65,64,1,2011-12
1499,Tony Battie,Tony,1610612755,PHI,36.0,27,17,10,0.63,294.80833333333334,19,51,0.373,0,1,0.0,4,4,1.0,8,59,67,16,4,4,6,2,26,8,42,40,172.4,0,0,145.0,171.0,83,66,27,26,90,93,89,108,31,42,31,105,110,1,105,83,91,72,108,94,96,16,26,102,95,32,94,66,6,94,94,1,2011-12
202684,Tristan Thompson,Tristan,1610612739,CLE,21.0,60,18,42,0.3,1423.7533333333333,194,442,0.439,0,2,0.0,106,192,0.552,187,202,389,27,81,27,62,70,134,141,494,-310,1187.3,9,0,1088.0,1204.0,33,63,115,104,31,35,29,88,31,36,31,25,17,86,11,37,24,58,27,42,27,116,88,24,31,118,30,25,6,30,33,1,2011-12
2211,Troy Murphy,Troy,1610612747,LAL,32.0,59,34,25,0.576,955.605,77,171,0.45,28,67,0.418,6,9,0.667,40,151,191,51,26,15,16,6,98,19,188,14,560.7,0,0,520.0,574.0,37,22,75,42,52,67,61,76,6,7,5,99,100,57,73,57,61,35,71,71,79,36,61,91,65,48,67,66,6,66,67,1,2011-12
201946,Tyler Hansbrough,Tyler,1610612754,IND,26.0,66,42,24,0.636,1441.655,194,479,0.405,0,1,0.0,226,278,0.813,113,177,290,30,65,54,9,48,159,218,614,-24,1131.0,2,0,1060.0,1153.0,1,11,71,20,28,35,26,102,31,42,31,6,8,15,32,47,40,54,39,9,90,103,102,12,21,72,35,45,6,33,37,1,2011-12
2199,Tyson Chandler,Tyson,1610612752,NYK,29.0,62,34,28,0.548,2060.5516666666667,241,355,0.679,0,2,0.0,217,315,0.689,212,400,612,56,102,56,89,25,186,268,699,125,1850.4,20,0,1657.0,1858.0,27,22,84,44,10,23,33,1,31,36,31,8,6,50,6,10,9,32,17,6,13,83,114,6,15,16,15,14,6,15,15,1,2011-12
2585,Zaza Pachulia,Zaza,1610612737,ATL,28.0,58,34,24,0.586,1640.31,169,339,0.499,0,0,0.0,117,158,0.741,154,303,457,79,81,55,29,43,172,171,455,82,1292.9,11,0,1159.0,1322.0,41,22,71,39,19,38,39,53,31,64,31,22,26,31,20,21,19,21,27,8,54,101,108,16,35,24,25,23,6,26,27,1,2011-12
201189,Aaron Gray,Aaron,1610612761,TOR,28.0,42,14,28,0.333,513.3416666666667,48,90,0.533,0,0,0.0,23,44,0.523,48,85,133,33,36,7,5,12,85,36,119,-87,328.1,1,0,309.0,354.0,76,84,61,93,80,83,84,32,37,76,37,77,78,88,78,79,78,60,72,85,99,37,38,81,83,87,84,58,8,83,83,1,2012-13
201143,Al Horford,Al,1610612737,ATL,27.0,74,42,32,0.568,2756.445,576,1060,0.543,3,6,0.5,134,208,0.644,195,562,757,240,147,78,78,40,163,195,1289,164,2878.4,43,0,2601.0,2994.0,35,25,70,38,4,4,5,26,16,23,6,28,23,66,20,6,7,5,9,8,27,83,76,22,7,15,6,4,8,6,6,1,2012-13
2744,Al Jefferson,Al,1610612762,UTA,28.0,78,41,37,0.526,2578.1283333333336,611,1236,0.494,2,17,0.118,167,217,0.77,156,564,720,164,105,80,89,84,170,180,1391,-159,2903.0,37,0,2615.0,2946.0,24,28,82,50,7,2,2,53,20,16,35,19,21,21,33,5,10,12,26,6,22,107,81,26,4,102,4,7,8,5,7,1,2012-13
2405,Amar'e Stoudemire,Amar'e,1610612752,NYK,30.0,29,16,13,0.552,681.9416666666667,154,267,0.577,0,0,0.0,105,130,0.808,60,85,145,13,50,10,21,32,89,98,413,26,649.5,0,0,633.0,677.0,87,80,22,43,74,55,63,15,37,76,37,34,41,11,70,79,76,81,59,81,73,70,43,50,53,37,70,74,8,69,69,1,2012-13
101161,Amir Johnson,Amir,1610612761,TOR,26.0,81,34,47,0.42,2324.81,336,606,0.554,5,13,0.385,136,187,0.727,227,384,611,122,117,81,110,35,301,175,813,213,2185.2,15,0,1933.0,2241.0,6,37,100,73,13,21,27,21,14,20,12,26,28,41,10,21,18,17,21,5,15,76,112,27,23,13,19,23,8,20,20,1,2012-13
2760,Anderson Varejao,Anderson,1610612739,CLE,30.0,25,5,20,0.2,900.905,138,289,0.478,0,5,0.0,77,102,0.755,138,223,361,84,44,37,14,17,68,96,353,-75,1021.2,16,0,900.0,1035.0,89,102,40,107,64,60,57,64,37,26,37,48,50,29,37,45,44,27,64,36,83,43,34,52,58,85,52,22,8,54,54,1,2012-13
101154,Andray Blatche,Andray,1610612751,BKN,26.0,82,49,33,0.598,1555.1783333333333,346,676,0.512,3,22,0.136,148,216,0.685,161,256,417,85,123,86,54,63,163,195,843,-25,1767.9,7,0,1628.0,1850.0,1,13,74,33,41,20,21,43,16,14,33,23,22,57,28,38,36,26,20,3,45,99,76,22,20,66,29,38,8,29,29,1,2012-13
203083,Andre Drummond,Andre,1610612765,DET,19.0,60,23,37,0.383,1242.69,208,342,0.608,1,2,0.5,59,159,0.371,169,288,457,30,57,59,95,27,144,123,476,-50,1474.4,9,0,1272.0,1455.0,63,67,82,81,50,43,50,8,25,46,6,58,34,100,26,34,33,65,53,18,19,61,66,40,46,79,37,32,8,40,37,1,2012-13
200745,Andrea Bargnani,Andrea,1610612761,TOR,27.0,35,10,25,0.286,1002.5066666666667,170,426,0.399,38,123,0.309,65,77,0.844,26,102,128,38,54,21,23,22,64,87,443,-113,731.6,0,0,735.0,779.0,81,90,54,102,62,51,42,94,4,3,19,53,61,6,87,76,81,53,56,62,70,53,32,57,49,92,67,74,8,62,66,1,2012-13
101106,Andrew Bogut,Andrew,1610612744,GSW,28.0,32,19,13,0.594,785.71,83,184,0.451,1,1,1.0,19,38,0.5,68,177,245,67,35,20,55,14,85,54,186,37,770.5,1,0,649.0,790.0,83,73,22,34,68,72,70,79,25,56,1,83,80,91,64,58,65,39,73,64,41,40,38,72,76,33,64,58,8,68,64,1,2012-13
2740,Andris Biedrins,Andris,1610612744,GSW,27.0,53,28,25,0.528,495.21666666666664,10,21,0.476,0,0,0.0,4,13,0.308,34,119,153,14,14,15,42,3,101,14,24,-75,385.6,0,0,305.0,376.0,67,50,54,49,81,99,103,66,37,76,37,99,95,103,83,72,74,79,90,73,54,15,48,94,100,85,82,74,8,84,82,1,2012-13
203076,Anthony Davis,Anthony,1610612740,NOH,20.0,64,23,41,0.359,1845.9516666666666,349,676,0.516,0,6,0.0,169,225,0.751,165,357,522,63,89,75,112,47,158,202,867,-154,2059.9,20,0,1826.0,2076.0,52,67,95,87,31,19,21,39,37,23,37,17,19,30,27,27,26,41,38,11,13,91,73,20,19,101,21,15,8,21,21,1,2012-13
203382,Aron Baynes,Aron,1610612759,SAS,26.0,16,11,5,0.688,141.355,18,36,0.5,0,1,0.0,7,12,0.583,12,20,32,5,11,1,6,0,23,9,43,-2,98.9,0,0,94.0,106.0,98,89,11,20,100,93,97,48,37,56,37,96,96,81,96,98,98,99,92,101,95,1,15,99,93,47,100,74,8,100,100,1,2012-13
203108,Bernard James,Bernard,1610612742,DAL,28.0,46,24,22,0.522,457.025,53,103,0.515,0,2,0.0,25,41,0.61,52,79,131,6,18,12,38,11,64,37,131,-21,429.2,0,0,368.0,424.0,73,64,47,52,83,81,82,41,37,46,37,76,79,75,75,82,79,95,86,78,58,36,32,80,81,61,79,74,8,80,80,1,2012-13
202687,Bismack Biyombo,Bismack,1610612766,CHA,20.0,80,20,60,0.25,2186.201666666667,156,346,0.451,0,0,0.0,74,142,0.521,194,388,582,35,82,28,143,53,195,124,386,-371,1567.9,7,0,1345.0,1551.0,12,71,112,103,19,54,49,80,37,76,37,49,37,89,21,19,21,57,42,51,7,95,94,39,56,110,35,38,8,37,36,1,2012-13
2564,Boris Diaw,Boris,1610612759,SAS,31.0,75,55,20,0.733,1708.76,179,332,0.539,30,78,0.385,47,65,0.723,66,188,254,180,84,52,27,12,143,72,435,154,1162.8,0,0,1057.0,1286.0,33,8,40,12,36,47,52,29,6,8,12,63,66,43,65,55,61,10,41,21,68,37,64,64,50,16,48,74,8,47,44,1,2012-13
201148,Brandan Wright,Brandan,1610612742,DAL,25.0,64,33,31,0.516,1148.7583333333334,241,404,0.597,0,3,0.0,59,96,0.615,85,175,260,38,34,26,76,25,78,86,541,100,1182.0,1,0,1043.0,1183.0,52,41,68,54,55,40,44,10,37,40,37,58,53,73,56,59,59,53,74,54,31,57,36,59,43,22,46,58,8,48,48,1,2012-13
2217,Brendan Haywood,Brendan,1610612766,CHA,33.0,61,15,46,0.246,1162.085,93,216,0.431,0,1,0.0,30,66,0.455,125,165,290,29,50,16,49,19,125,55,216,-175,752.5,1,0,665.0,759.0,58,83,99,105,54,69,67,91,37,56,37,74,65,95,42,64,56,67,59,71,51,48,55,70,69,103,66,58,8,67,67,1,2012-13
201572,Brook Lopez,Brook,1610612751,BKN,25.0,74,46,28,0.622,2253.3716666666664,570,1094,0.521,0,1,0.0,297,392,0.758,208,304,512,70,131,33,154,68,152,304,1437,288,2586.4,12,0,2393.0,2650.0,35,19,61,28,17,5,4,35,37,56,37,3,3,27,18,33,29,37,14,41,6,102,69,6,3,9,10,28,8,9,10,1,2012-13
201957,Byron Mullens,Byron,1610612766,CHA,24.0,53,13,40,0.245,1427.665,217,563,0.385,66,208,0.317,64,99,0.646,71,266,337,81,74,34,32,27,110,93,564,-419,1213.9,8,0,1180.0,1261.0,67,85,90,106,44,41,34,96,1,1,17,54,52,65,62,37,46,29,45,40,63,61,50,53,41,112,45,35,8,42,45,1,2012-13
2365,Chris Andersen,Chris,1610612748,MIA,34.0,42,39,3,0.929,624.47,71,123,0.577,2,3,0.667,63,93,0.677,57,115,172,17,24,16,44,13,89,87,207,96,594.9,0,0,518.0,593.0,76,31,6,2,76,75,78,14,20,40,5,55,54,60,72,73,72,76,80,71,53,39,43,57,70,24,73,74,8,74,74,1,2012-13
2547,Chris Bosh,Chris,1610612748,MIA,29.0,74,58,16,0.784,2454.35,485,907,0.535,21,74,0.284,241,302,0.798,131,370,501,123,128,66,101,41,168,232,1232,474,2390.7,15,0,2211.0,2480.0,35,2,29,5,11,7,8,30,9,9,23,8,9,12,40,24,30,16,18,14,17,85,79,13,9,2,14,23,8,13,14,1,2012-13
2549,Chris Kaman,Chris,1610612742,DAL,31.0,66,31,35,0.47,1362.9766666666667,313,617,0.507,0,1,0.0,67,85,0.788,97,275,372,51,103,29,52,28,141,91,693,-128,1355.9,3,0,1278.0,1410.0,47,46,78,65,46,28,25,44,37,56,37,51,58,16,55,36,42,45,28,49,48,64,63,54,33,94,39,49,8,39,40,1,2012-13
2404,Chris Wilcox,Chris,1610612738,BOS,30.0,61,33,28,0.541,829.4733333333334,110,153,0.719,0,1,0.0,39,58,0.672,55,125,180,22,34,32,28,4,125,52,259,-46,654.0,0,0,581.0,663.0,58,41,61,47,67,66,75,1,37,56,37,69,71,61,73,69,71,73,74,42,67,17,55,74,67,76,69,74,8,70,70,1,2012-13
101236,Chuck Hayes,Chuck,1610612758,SAC,30.0,74,27,47,0.365,1208.8666666666666,84,190,0.442,0,1,0.0,30,48,0.625,113,186,299,112,44,31,18,25,114,41,198,-28,827.8,0,0,707.0,868.0,35,53,100,86,52,71,69,85,37,56,37,74,76,70,46,57,54,20,64,45,77,57,52,78,73,71,61,74,8,64,59,1,2012-13
202332,Cole Aldrich,Cole,1610612758,SAC,24.0,45,20,25,0.444,387.74,44,80,0.55,0,0,0.0,12,20,0.6,30,90,120,9,23,5,23,8,60,18,100,9,318.5,2,0,285.0,322.0,74,71,54,67,84,85,87,23,37,76,37,88,88,79,85,77,82,88,83,93,70,29,30,90,86,38,86,51,8,86,86,2,2012-13
202350,Daniel Orton,Daniel,1610612760,OKC,22.0,13,10,3,0.769,103.885,12,26,0.462,0,0,0.0,9,17,0.529,13,13,26,4,4,4,3,2,13,10,33,-15,87.2,0,0,77.0,88.0,102,90,6,6,101,98,100,71,37,76,37,94,92,87,94,103,101,101,103,98,100,11,12,97,99,55,101,74,8,101,101,1,2012-13
2545,Darko Milicic,Darko,1610612738,BOS,28.0,1,0,1,0.0,4.5,0,1,0.0,0,0,0.0,0,0,0.0,0,1,1,0,2,0,0,0,1,0,0,-3,-0.8,0,0,1.0,1.0,112,111,2,111,112,112,112,112,37,76,37,107,110,107,110,110,111,107,109,107,107,1,1,110,112,48,112,74,8,112,112,1,2012-13
101135,David Lee,David,1610612744,GSW,30.0,79,46,33,0.582,2907.35,602,1160,0.519,0,4,0.0,255,320,0.797,218,668,886,279,207,67,22,104,246,244,1459,177,3000.7,56,1,2802.0,3170.0,17,19,74,37,1,3,3,37,37,32,37,7,7,13,15,3,4,3,4,12,72,111,104,12,2,14,2,1,3,2,2,1,2012-13
201599,DeAndre Jordan,DeAndre,1610612746,LAC,24.0,82,56,26,0.683,2009.69,314,488,0.643,0,0,0.0,96,249,0.386,210,384,594,28,100,48,112,31,192,201,724,274,1858.8,12,0,1666.0,1854.0,1,7,60,23,25,27,39,4,37,76,37,37,17,99,17,21,19,68,31,23,13,68,93,21,29,11,28,28,8,28,28,1,2012-13
201971,DeJuan Blair,DeJuan,1610612759,SAS,24.0,61,44,17,0.721,850.9883333333333,142,271,0.524,0,1,0.0,44,70,0.629,66,164,230,45,49,37,10,22,112,53,328,-23,763.5,1,0,697.0,789.0,58,22,31,15,66,59,61,33,37,56,37,64,63,68,65,65,66,47,61,36,87,53,51,73,61,63,65,58,8,65,65,1,2012-13
202326,DeMarcus Cousins,DeMarcus,1610612758,SAC,22.0,75,26,49,0.347,2289.3166666666666,482,1036,0.465,4,22,0.182,312,423,0.738,222,524,746,199,225,108,55,97,269,399,1280,-299,2737.7,35,1,2555.0,2913.0,33,60,105,89,15,8,7,69,15,14,30,2,2,37,13,9,8,7,2,1,41,110,109,2,8,109,8,9,3,7,8,1,2012-13
2205,DeSagana Diop,DeSagana,1610612766,CHA,31.0,22,3,19,0.136,225.99333333333334,8,27,0.296,0,1,0.0,0,1,0.0,10,41,51,13,8,5,16,0,19,3,16,-26,151.7,0,0,122.0,156.0,92,104,38,109,94,103,99,110,37,56,37,107,108,107,98,93,94,81,97,93,81,1,13,103,103,67,95,74,8,96,95,1,2012-13
202324,Derrick Favors,Derrick,1610612762,UTA,21.0,77,40,37,0.519,1786.8616666666667,274,568,0.482,0,5,0.0,179,260,0.688,184,362,546,75,129,67,130,60,247,206,727,-6,1956.7,9,0,1742.0,2014.0,27,30,82,53,33,35,32,61,37,26,37,14,15,55,22,25,23,32,17,12,10,97,106,19,28,49,23,32,8,25,22,1,2012-13
202354,Dexter Pittman,Dexter,1610612763,MEM,25.0,11,9,2,0.818,31.851666666666667,4,11,0.364,0,0,0.0,0,3,0.0,7,5,12,0,3,0,0,4,8,3,8,-29,19.4,0,0,20.0,20.0,106,95,4,3,107,104,104,101,37,76,37,107,105,107,101,106,104,107,106,107,107,17,8,103,106,72,108,74,8,107,108,2,2012-13
202700,Donatas Motiejunas,Donatas,1610612745,HOU,22.0,44,27,17,0.614,537.5083333333333,97,213,0.455,24,83,0.289,32,51,0.627,36,57,93,31,37,7,10,10,73,56,250,39,422.1,0,0,432.0,456.0,75,53,31,30,79,68,68,76,7,7,21,72,74,69,82,88,88,63,71,85,87,33,35,69,68,32,80,74,8,77,79,1,2012-13
2400,Drew Gooden,Drew,1610612749,MIL,31.0,16,9,7,0.563,151.43833333333333,20,61,0.328,1,5,0.2,11,16,0.688,13,18,31,6,9,5,6,8,21,14,52,-16,122.2,0,0,112.0,128.0,98,95,13,40,99,92,89,107,25,26,27,89,93,56,94,99,99,95,96,93,95,29,14,94,92,56,97,74,8,97,97,1,2012-13
2730,Dwight Howard,Dwight,1610612747,LAL,27.0,76,42,34,0.553,2721.7816666666668,470,813,0.578,1,6,0.167,355,721,0.492,251,694,945,108,225,84,186,75,291,604,1296,138,3177.0,48,0,2890.0,3267.0,30,25,76,42,5,9,13,13,25,23,31,1,1,94,7,1,2,22,2,4,4,104,111,1,6,17,1,2,8,1,1,1,2012-13
2853,Earl Barron,Earl,1610612752,NYK,31.0,12,1,11,0.083,158.16166666666666,18,51,0.353,0,0,0.0,3,7,0.429,22,39,61,5,11,5,6,2,24,7,39,-18,141.7,1,0,127.0,143.0,104,109,19,110,98,93,93,103,37,76,37,101,100,96,92,94,92,99,92,93,95,11,16,101,98,58,96,58,8,95,96,2,2012-13
2201,Eddy Curry,Eddy,1610612742,DAL,30.0,2,1,1,0.5,24.75,4,8,0.5,0,0,0.0,1,4,0.25,2,2,4,0,3,0,0,2,7,2,9,6,10.8,0,0,13.0,13.0,110,109,2,55,109,104,106,48,37,76,37,103,102,105,106,109,108,107,106,107,107,11,6,105,105,40,109,74,8,109,109,1,2012-13
202327,Ekpe Udoh,Ekpe,1610612749,MIL,26.0,76,36,40,0.474,1312.2466666666667,117,269,0.435,0,1,0.0,89,119,0.748,113,138,251,43,43,39,85,24,139,97,323,-52,1017.7,1,0,865.0,1032.0,30,33,90,64,48,63,62,89,37,56,37,41,44,34,46,67,63,49,67,33,24,56,62,51,62,81,53,58,8,57,55,1,2012-13
2731,Emeka Okafor,Emeka,1610612764,WAS,30.0,79,27,52,0.342,2051.951666666667,328,687,0.477,0,0,0.0,109,191,0.571,199,493,692,93,107,45,77,44,145,164,765,-48,1993.9,20,0,1794.0,2009.0,17,53,106,91,22,24,20,65,37,76,37,33,26,83,19,11,12,24,25,26,30,88,67,28,26,78,22,15,8,23,23,1,2012-13
202683,Enes Freedom,Enes,1610612762,UTA,21.0,70,35,35,0.5,1077.7466666666667,206,379,0.544,1,1,1.0,93,117,0.795,135,169,304,31,101,28,32,43,116,119,506,116,996.3,2,0,962.0,1052.0,42,36,78,55,59,44,46,25,25,56,1,39,45,14,38,63,53,63,29,51,63,86,53,41,45,20,56,51,8,51,53,1,2012-13
203097,Fab Melo,Fab,1610612738,BOS,23.0,6,3,3,0.5,35.995,3,6,0.5,0,0,0.0,1,4,0.25,0,3,3,0,1,2,2,0,7,2,7,-7,21.6,0,0,18.0,22.0,107,104,6,55,106,107,108,48,37,76,37,103,102,105,110,108,109,107,110,100,102,1,6,105,108,51,106,74,8,108,107,1,2012-13
203105,Festus Ezeli,Festus,1610612744,GSW,23.0,78,44,34,0.564,1120.0616666666667,74,169,0.438,0,0,0.0,43,81,0.531,141,172,313,22,63,23,74,25,157,76,191,-51,827.6,0,0,720.0,839.0,24,22,76,39,57,74,72,87,37,76,37,66,59,86,36,61,51,73,50,60,33,57,72,63,75,80,62,74,8,63,63,1,2012-13
201175,Glen Davis,Glen,1610612753,ORL,27.0,34,13,21,0.382,1064.2766666666666,214,478,0.448,0,2,0.0,84,117,0.718,55,191,246,70,64,32,21,45,88,126,512,-26,1007.2,10,0,934.0,1057.0,82,85,44,82,60,42,40,82,37,46,37,44,45,46,73,54,64,37,49,42,73,89,42,38,44,67,55,31,8,53,52,1,2012-13
202328,Greg Monroe,Greg,1610612765,DET,23.0,81,29,52,0.358,2687.26,514,1058,0.486,0,4,0.0,270,392,0.689,236,541,777,281,234,105,55,122,190,320,1298,-226,2897.9,37,1,2676.0,3117.0,6,48,106,88,6,6,6,57,37,32,37,5,3,54,8,8,6,2,1,2,41,112,92,5,5,106,5,7,3,4,3,1,2012-13
202962,Greg Smith,Greg,1610612745,HOU,22.0,70,41,29,0.586,1110.3416666666667,170,274,0.62,0,1,0.0,81,130,0.623,111,210,321,25,41,18,40,36,175,88,421,118,976.7,2,0,883.0,966.0,42,28,64,36,58,51,60,6,37,56,37,46,41,71,49,49,50,71,68,67,56,79,83,56,51,19,57,51,8,55,57,1,2012-13
201880,Greg Stiemsma,Greg,1610612750,MIN,27.0,76,28,48,0.368,1209.3433333333332,127,278,0.457,0,0,0.0,53,69,0.768,61,200,261,30,59,44,90,25,184,105,307,-87,1008.2,1,0,866.0,1030.0,30,50,103,85,51,62,58,75,37,76,37,61,64,24,69,52,58,65,52,27,21,57,86,46,64,87,54,58,8,56,56,1,2012-13
202970,Gustavo Ayon,Gustavo,1610612749,MIL,28.0,55,17,38,0.309,734.7016666666667,92,167,0.551,0,0,0.0,20,50,0.4,60,139,199,71,47,22,17,15,107,55,204,-6,619.3,2,0,552.0,662.0,65,78,88,100,71,70,73,22,37,76,37,81,75,98,70,66,67,36,63,61,80,42,49,70,72,49,72,51,8,72,71,2,2012-13
201632,Hamed Haddadi,Hamed,1610612756,PHX,28.0,30,10,20,0.333,321.56333333333333,35,82,0.427,0,0,0.0,14,27,0.519,43,68,111,12,31,6,27,6,60,23,84,0,303.2,0,0,273.0,318.0,86,90,40,93,89,87,86,93,37,76,37,85,84,90,81,87,85,85,76,88,68,24,30,86,88,45,87,74,8,88,87,2,2012-13
201934,Hasheem Thabeet,Hasheem,1610612760,OKC,26.0,66,50,16,0.758,769.93,64,106,0.604,0,0,0.0,32,53,0.604,69,126,195,11,41,30,60,14,148,63,160,137,639.5,1,0,546.0,647.0,47,11,29,9,69,78,81,9,37,76,37,72,73,78,63,68,68,86,68,47,39,40,68,67,78,18,71,58,8,73,72,1,2012-13
203156,Henry Sims,Henry,1610612740,NOH,23.0,2,0,2,0.0,4.783333333333333,2,3,0.667,0,0,0.0,0,0,0.0,2,0,2,0,1,0,0,0,1,0,4,1,5.4,0,0,6.0,6.0,110,111,4,111,111,109,110,3,37,76,37,107,110,107,106,112,110,107,110,107,107,1,1,110,109,44,110,74,8,111,111,1,2012-13
101133,Ian Mahinmi,Ian,1610612754,IND,26.0,80,49,31,0.613,1322.1266666666668,149,329,0.453,0,2,0.0,104,171,0.608,115,196,311,27,92,39,66,31,201,153,402,-137,1038.7,0,0,950.0,1082.0,12,13,68,31,47,57,53,78,37,46,37,35,33,76,45,53,52,69,36,33,35,68,96,31,55,96,51,74,8,52,51,1,2012-13
201581,JJ Hickson,JJ,1610612757,POR,24.0,80,33,47,0.413,2322.565,418,744,0.562,0,2,0.0,182,268,0.679,266,562,828,88,145,48,51,71,160,213,1018,-265,2295.6,40,0,2132.0,2319.0,12,41,100,78,14,14,16,18,37,46,37,13,14,59,5,6,5,25,10,23,49,103,74,17,12,108,17,5,8,15,16,1,2012-13
201580,JaVale McGee,JaVale,1610612743,DEN,25.0,79,54,25,0.684,1433.4116666666666,303,527,0.575,1,1,1.0,110,186,0.591,158,223,381,24,90,30,157,34,184,137,717,65,1681.2,2,0,1497.0,1707.0,17,10,54,22,43,30,37,16,25,56,1,32,29,80,32,45,40,72,37,47,5,74,86,36,31,27,32,51,8,33,34,1,2012-13
202363,Jarvis Varnado,Jarvis,1610612748,MIA,25.0,13,10,3,0.769,58.21666666666667,3,7,0.429,0,0,0.0,2,4,0.5,2,7,9,3,6,1,2,2,10,4,8,-23,26.3,0,0,26.0,32.0,102,90,6,6,104,107,107,92,37,76,37,102,102,91,106,105,106,103,100,101,102,11,9,102,106,63,105,74,8,105,105,2,2012-13
2215,Jason Collins,Jason,1610612764,WAS,34.0,38,19,19,0.5,384.6333333333333,9,29,0.31,0,0,0.0,23,32,0.719,22,38,60,8,18,12,10,6,85,42,41,3,173.0,0,0,153.0,183.0,79,73,38,55,85,100,98,109,37,76,37,77,82,45,92,95,93,92,86,78,87,24,38,77,96,42,93,74,8,94,91,2,2012-13
201160,Jason Smith,Jason,1610612740,NOH,27.0,51,19,32,0.373,875.635,167,341,0.49,0,4,0.0,86,102,0.843,64,122,186,34,55,15,45,30,123,104,420,-70,819.2,1,0,760.0,854.0,70,73,70,84,65,53,51,55,37,32,37,42,50,7,67,70,70,59,54,73,52,65,54,47,52,83,63,58,8,60,60,1,2012-13
201965,Jeff Ayres,Jeff,1610612754,IND,26.0,37,24,13,0.649,369.1333333333333,61,126,0.484,2,4,0.5,21,23,0.913,29,75,104,15,23,6,12,10,44,24,145,56,323.3,1,0,302.0,333.0,80,64,22,26,86,79,77,58,20,32,6,80,87,3,86,84,87,78,83,88,85,33,25,85,80,31,85,58,8,85,84,1,2012-13
202719,Jeremy Tyler,Jeremy,1610612737,ATL,22.0,21,10,11,0.476,68.41333333333333,9,24,0.375,0,0,0.0,4,6,0.667,6,14,20,1,6,1,2,5,10,8,22,7,50.5,0,0,49.0,53.0,94,90,19,63,102,100,102,97,37,76,37,99,101,62,103,102,103,105,100,101,102,22,9,100,101,39,102,74,8,102,102,2,2012-13
979,Jermaine O'Neal,Jermaine,1610612756,PHX,34.0,55,17,38,0.309,1028.725,179,371,0.482,0,0,0.0,96,115,0.835,82,211,293,42,73,19,78,43,126,110,454,-132,1086.6,5,0,983.0,1122.0,65,78,88,100,61,47,47,60,37,76,37,37,47,8,57,48,55,51,46,65,27,86,57,44,48,95,50,44,8,50,50,1,2012-13
201149,Joakim Noah,Joakim,1610612741,CHI,28.0,66,36,30,0.545,2426.2616666666668,303,630,0.481,0,5,0.0,178,237,0.751,260,473,733,262,176,78,141,60,185,225,784,62,2537.6,33,2,2217.0,2698.0,47,33,65,46,12,30,23,62,37,26,37,16,18,31,6,12,9,4,5,8,8,97,88,15,24,28,12,10,1,12,9,1,2012-13
201202,Joel Anthony,Joel,1610612748,MIA,30.0,62,50,12,0.806,566.1766666666666,35,68,0.515,0,0,0.0,17,28,0.607,45,70,115,13,22,13,42,5,49,27,87,28,387.5,0,0,325.0,393.0,55,11,21,4,78,87,88,40,37,76,37,84,83,77,79,86,83,81,85,75,54,22,27,84,87,35,81,74,8,81,81,1,2012-13
2038,Joel Przybilla,Joel,1610612749,MIL,33.0,12,4,8,0.333,68.08333333333333,1,4,0.25,0,0,0.0,0,2,0.0,5,16,21,4,4,1,2,1,10,1,2,-46,38.2,0,0,33.0,40.0,104,103,14,93,103,110,109,111,37,76,37,107,106,107,104,101,102,101,103,101,102,9,9,107,111,76,103,74,8,103,103,1,2012-13
101130,Johan Petro,Johan,1610612737,ATL,27.0,31,13,18,0.419,351.71,48,110,0.436,1,4,0.25,11,12,0.917,33,79,112,16,24,10,9,4,48,17,108,-93,299.4,2,0,275.0,309.0,85,85,36,74,88,83,80,88,25,32,24,89,96,2,84,82,84,77,80,81,92,17,26,92,84,89,88,51,8,87,88,1,2012-13
202685,Jonas Valanciunas,Jonas,1610612761,TOR,21.0,62,25,37,0.403,1481.5983333333334,204,366,0.557,0,0,0.0,146,185,0.789,121,251,372,45,94,17,78,30,188,156,554,-125,1258.9,8,0,1161.0,1301.0,55,63,82,80,42,46,48,20,37,76,37,24,30,15,44,39,42,47,35,68,27,65,90,29,42,93,43,35,8,43,43,1,2012-13
201941,Jordan Hill,Jordan,1610612747,LAL,25.0,29,12,17,0.414,457.97333333333336,77,155,0.497,0,2,0.0,40,61,0.656,82,84,166,13,26,8,19,10,55,45,194,-32,467.7,0,0,427.0,467.0,87,88,31,77,82,73,74,51,37,46,37,68,69,63,57,81,73,81,78,84,75,33,28,75,74,73,77,74,8,78,78,1,2012-13
202725,Josh Harrellson,Josh,1610612748,MIA,24.0,6,3,3,0.5,30.661666666666665,4,9,0.444,1,5,0.2,1,2,0.5,3,4,7,0,3,1,1,0,4,1,10,-1,21.4,0,0,22.0,23.0,107,104,6,55,108,104,105,84,25,26,27,103,106,91,105,107,107,107,106,101,106,1,4,107,104,46,107,74,8,106,106,1,2012-13
2570,Kendrick Perkins,Kendrick,1610612760,OKC,28.0,78,58,20,0.744,1954.2783333333334,143,313,0.457,0,1,0.0,44,72,0.611,110,356,466,111,109,43,83,36,227,70,330,404,1324.7,0,0,1159.0,1396.0,24,2,40,10,28,58,54,74,37,56,37,64,62,74,51,28,31,21,24,29,25,79,101,65,59,4,42,74,8,44,41,1,2012-13
708,Kevin Garnett,Kevin,1610612738,BOS,37.0,68,36,32,0.529,2022.23,422,850,0.496,2,16,0.125,158,201,0.786,75,455,530,159,110,78,62,19,154,221,1004,111,2188.5,19,0,1975.0,2272.0,45,33,70,48,24,13,12,52,20,17,34,22,25,17,60,13,25,13,22,8,37,48,71,16,15,21,18,18,8,18,18,1,2012-13
201567,Kevin Love,Kevin,1610612750,MIN,24.0,18,9,9,0.5,617.9616666666667,105,298,0.352,20,92,0.217,100,142,0.704,64,188,252,42,39,13,9,33,34,111,330,2,722.4,14,0,688.0,732.0,96,95,17,55,77,67,55,104,10,5,26,36,37,48,67,55,62,51,70,75,92,73,21,43,59,43,68,27,8,66,68,1,2012-13
202338,Kevin Seraphin,Kevin,1610612764,WAS,23.0,79,27,52,0.342,1720.8183333333334,330,716,0.461,0,0,0.0,61,88,0.693,107,239,346,57,130,24,59,36,211,101,721,-218,1340.7,4,0,1290.0,1430.0,17,53,106,91,35,23,19,72,37,76,37,56,56,52,52,41,45,43,16,55,40,79,97,49,30,105,41,46,8,38,39,1,2012-13
201585,Kosta Koufos,Kosta,1610612743,DEN,24.0,81,57,24,0.704,1817.12,295,508,0.581,0,1,0.0,58,104,0.558,211,351,562,32,53,44,103,38,246,81,648,299,1758.4,6,0,1536.0,1715.0,6,6,52,18,32,32,38,12,37,56,37,60,48,85,16,29,22,62,57,27,16,82,104,60,38,8,30,42,8,31,33,1,2012-13
2198,Kwame Brown,Kwame,1610612755,PHI,31.0,22,7,15,0.318,269.475,17,37,0.459,0,0,0.0,7,19,0.368,23,51,74,9,8,6,10,8,37,20,41,-40,183.3,0,0,156.0,181.0,92,99,27,98,91,96,96,73,37,76,37,96,90,101,91,91,91,88,97,88,87,29,22,87,96,74,91,74,8,93,93,1,2012-13
200746,LaMarcus Aldridge,LaMarcus,1610612757,POR,27.0,74,32,42,0.432,2789.92,638,1318,0.484,2,14,0.143,282,348,0.81,175,495,670,192,143,62,91,35,187,324,1560,-24,2968.0,38,0,2730.0,3073.0,35,45,97,69,3,1,1,59,20,18,32,4,5,9,24,10,14,8,11,16,20,76,89,4,1,65,3,6,8,3,4,1,2012-13
202336,Larry Sanders,Larry,1610612749,MIL,24.0,71,34,37,0.479,1937.4466666666667,306,605,0.506,0,2,0.0,84,136,0.618,224,448,672,83,87,53,201,35,233,115,696,36,2301.9,26,1,1959.0,2296.0,40,37,82,62,29,29,28,45,37,46,37,44,40,72,12,14,13,28,39,20,3,76,102,42,32,34,16,12,3,19,17,1,2012-13
202730,Lavoy Allen,Lavoy,1610612755,PHI,24.0,79,34,45,0.43,1668.7016666666666,206,454,0.454,0,1,0.0,43,60,0.717,159,236,395,73,55,24,55,20,180,77,455,-102,1220.5,3,0,1081.0,1233.0,17,37,98,70,37,44,41,77,37,56,37,66,70,47,30,42,38,35,54,55,41,52,85,62,47,90,44,49,8,45,46,1,2012-13
202545,Luke Zeller,Luke,1610612756,PHX,26.0,16,6,10,0.375,58.178333333333335,9,26,0.346,1,5,0.2,0,0,0.0,1,9,10,3,0,0,0,0,5,0,19,-42,35.5,0,0,33.0,35.0,98,100,18,83,105,100,100,105,25,26,27,107,110,107,109,104,105,103,112,107,107,1,5,110,102,75,104,74,8,103,104,1,2012-13
201188,Marc Gasol,Marc,1610612763,MEM,28.0,80,55,25,0.688,2796.05,429,869,0.494,1,14,0.071,268,316,0.848,184,438,622,318,157,80,139,30,255,358,1127,433,2850.4,18,0,2506.0,3042.0,12,8,54,20,2,12,10,54,25,18,36,6,8,5,22,15,16,1,8,6,9,65,108,3,10,3,7,20,8,8,5,1,2012-13
101162,Marcin Gortat,Marcin,1610612756,PHX,29.0,61,21,40,0.344,1875.7516666666668,295,566,0.521,0,3,0.0,90,138,0.652,128,388,516,75,99,40,98,45,127,153,680,-199,1726.7,17,0,1547.0,1760.0,58,70,90,90,30,32,33,34,37,40,37,40,39,64,41,19,27,32,33,32,18,89,58,31,35,104,31,21,8,30,31,1,2012-13
948,Marcus Camby,Marcus,1610612752,NYK,39.0,24,16,8,0.667,250.43666666666667,17,53,0.321,0,0,0.0,8,19,0.421,24,56,80,14,15,7,14,4,28,18,42,-16,207.0,0,0,178.0,213.0,91,80,14,24,93,96,92,108,37,76,37,95,90,97,89,90,90,79,89,85,83,17,17,90,95,56,90,74,8,90,90,1,2012-13
201578,Marreese Speights,Marreese,1610612739,CLE,25.0,79,39,40,0.494,1300.0066666666667,260,584,0.445,3,10,0.3,135,175,0.771,146,240,386,47,80,24,53,51,175,143,658,-148,1342.7,5,0,1248.0,1369.0,17,31,90,61,49,37,30,83,16,21,20,27,32,20,34,40,39,46,43,55,46,93,83,35,37,99,40,44,8,41,42,2,2012-13
2588,Matt Bonner,Matt,1610612759,SAS,33.0,68,47,21,0.691,908.5533333333333,112,230,0.487,53,120,0.442,11,15,0.733,25,104,129,36,16,17,19,3,86,31,288,79,588.8,1,0,578.0,597.0,45,17,44,19,63,65,66,56,2,4,9,89,94,38,88,75,80,55,88,68,75,15,41,82,66,26,74,58,8,71,73,1,2012-13
203086,Meyers Leonard,Meyers,1610612757,POR,21.0,69,28,41,0.406,1206.2516666666668,151,277,0.545,3,7,0.429,72,89,0.809,80,175,255,33,49,11,38,19,168,89,377,-152,830.5,1,0,766.0,845.0,44,50,95,79,53,56,59,24,16,22,10,50,55,10,59,59,60,60,61,80,58,48,79,55,57,100,60,58,8,59,61,1,2012-13
1737,Nazr Mohammed,Nazr,1610612741,CHI,35.0,63,33,30,0.524,692.9283333333333,66,180,0.367,0,2,0.0,34,47,0.723,73,122,195,26,24,21,32,18,97,40,166,-10,574.0,2,0,493.0,572.0,54,41,65,51,73,77,71,99,37,46,37,71,77,42,61,70,68,70,80,62,63,46,47,79,77,54,75,51,8,75,75,1,2012-13
2403,Nene,ene,1610612764,WAS,30.0,61,26,35,0.426,1659.29,285,594,0.48,0,1,0.0,196,269,0.729,101,306,407,177,139,55,37,32,171,275,766,93,1656.9,7,0,1534.0,1803.0,58,60,78,72,38,34,29,63,37,56,37,12,13,40,54,32,37,11,13,19,60,70,82,7,25,25,33,38,8,32,30,1,2012-13
2555,Nick Collison,Nick,1610612760,OKC,32.0,81,60,21,0.741,1582.9033333333334,176,296,0.595,0,4,0.0,60,78,0.769,123,210,333,121,69,51,30,27,197,104,412,368,1167.1,1,0,1028.0,1230.0,6,1,44,11,40,49,56,11,37,32,37,57,60,22,43,49,49,18,48,22,66,61,95,47,54,7,47,58,8,49,47,1,2012-13
201593,Nikola Pekovic,Nikola,1610612750,MIN,27.0,62,26,36,0.419,1959.3783333333333,385,741,0.52,0,0,0.0,241,324,0.744,230,315,545,53,101,43,50,86,143,268,1011,-20,1922.5,26,0,1795.0,1941.0,55,60,81,74,27,15,17,36,37,76,37,8,6,35,9,30,24,44,29,29,50,109,64,8,13,59,26,12,8,22,26,1,2012-13
202696,Nikola Vučević,Nikola,1610612753,ORL,22.0,77,19,58,0.247,2559.133333333333,461,889,0.519,0,3,0.0,86,126,0.683,273,644,917,143,141,61,79,58,218,135,1008,-383,2601.9,46,0,2348.0,2631.0,27,73,111,104,8,10,9,38,37,40,37,42,43,58,3,4,3,14,12,17,26,96,99,37,14,111,9,3,8,10,11,1,2012-13
201600,Omer Asik,Omer,1610612745,HOU,26.0,82,45,37,0.549,2464.0533333333333,332,614,0.541,0,1,0.0,168,299,0.562,275,681,956,75,173,46,87,83,223,229,832,288,2317.7,33,0,2129.0,2337.0,1,21,82,45,10,22,26,28,37,56,37,18,11,84,2,2,1,32,6,25,23,106,100,14,22,9,15,10,8,16,15,1,2012-13
202335,Patrick Patterson,Patrick,1610612758,SAC,24.0,71,31,40,0.437,1774.92,319,623,0.512,51,132,0.386,48,63,0.762,113,224,337,81,61,31,40,22,138,65,737,62,1414.9,4,0,1348.0,1449.0,40,46,90,68,34,25,24,42,3,2,11,62,67,26,46,44,46,29,51,45,56,53,61,66,27,28,38,46,8,36,38,2,2012-13
2200,Pau Gasol,Pau,1610612747,LAL,32.0,49,27,22,0.551,1654.9566666666667,270,579,0.466,8,28,0.286,125,178,0.702,111,310,421,200,104,24,61,40,93,148,673,99,1629.2,15,2,1472.0,1749.0,71,53,47,44,39,36,31,68,13,13,22,29,31,49,49,31,35,6,27,55,38,83,46,33,36,23,34,23,1,34,32,1,2012-13
739,Rasheed Wallace,Rasheed,1610612752,NYK,38.0,21,16,5,0.762,296.04,55,142,0.387,22,69,0.319,14,20,0.7,11,72,83,6,10,13,15,6,40,17,146,6,328.6,0,0,313.0,325.0,94,80,11,8,90,80,76,95,8,10,16,85,88,50,97,85,89,95,94,75,82,24,24,92,79,40,83,74,8,82,85,1,2012-13
203135,Robert Sacre,Robert,1610612747,LAL,24.0,32,19,13,0.594,203.445,18,48,0.375,0,0,0.0,7,11,0.636,9,25,34,6,10,0,10,8,38,11,43,-52,112.8,0,0,103.0,119.0,83,73,22,34,96,93,94,97,37,76,37,96,98,67,100,96,97,95,94,107,87,29,23,96,93,81,99,74,8,99,99,1,2012-13
201577,Robin Lopez,Robin,1610612740,NOH,25.0,82,27,55,0.329,2135.7633333333333,384,719,0.534,0,0,0.0,161,207,0.778,226,236,462,64,110,32,128,67,167,184,929,-142,1949.4,9,0,1775.0,1999.0,1,53,110,96,21,17,18,31,37,76,37,21,24,18,11,42,32,40,22,42,11,101,78,25,17,98,24,32,8,24,24,1,2012-13
101142,Ronny Turiaf,Ronny,1610612746,LAC,30.0,65,47,18,0.723,700.7,49,97,0.505,0,0,0.0,23,63,0.365,45,107,152,35,29,19,35,18,80,58,121,28,488.9,0,0,416.0,505.0,51,17,36,14,72,82,83,47,37,76,37,77,67,102,79,74,75,57,77,65,61,46,37,68,82,35,76,74,8,79,76,1,2012-13
201579,Roy Hibbert,Roy,1610612754,IND,26.0,79,49,30,0.62,2268.77,385,859,0.448,1,4,0.25,166,224,0.741,296,360,656,113,162,39,206,85,279,255,937,387,2466.7,23,1,2197.0,2554.0,17,13,65,29,16,15,11,81,25,32,24,20,20,36,1,26,15,19,7,33,2,108,110,10,16,5,13,14,3,14,13,1,2012-13
200797,Ryan Hollins,Ryan,1610612746,LAC,28.0,60,43,17,0.717,663.2466666666667,70,114,0.614,0,0,0.0,66,88,0.75,50,89,139,11,44,6,34,17,133,80,206,58,465.3,0,0,436.0,487.0,63,24,31,16,75,76,79,7,37,76,37,52,56,32,76,78,77,86,64,88,62,43,60,61,71,30,78,74,8,76,77,1,2012-13
202396,Samardo Samuels,Samardo,1610612739,CLE,24.0,18,3,15,0.167,195.54666666666665,22,60,0.367,0,1,0.0,14,24,0.583,10,18,28,8,6,3,3,4,30,20,58,-26,115.6,0,0,106.0,120.0,96,104,27,108,97,90,91,99,37,56,37,85,86,81,98,99,100,92,100,99,100,17,19,87,91,67,98,74,8,98,98,1,2012-13
2223,Samuel Dalembert,Samuel,1610612749,MIL,33.0,47,22,25,0.468,764.6866666666666,137,253,0.542,1,1,1.0,38,55,0.691,105,171,276,21,51,17,53,17,90,43,313,-109,834.7,8,0,751.0,841.0,72,69,54,66,70,61,64,27,25,56,1,70,72,53,53,62,57,75,58,68,46,43,45,76,63,91,59,35,8,61,62,1,2012-13
201586,Serge Ibaka,Serge,1610612760,OKC,23.0,80,58,22,0.725,2486.3283333333334,446,778,0.573,20,57,0.351,143,191,0.749,222,395,617,43,125,28,242,32,213,154,1055,489,2544.9,15,0,2275.0,2568.0,12,2,47,13,9,11,15,17,10,11,15,25,26,33,13,18,17,49,19,51,1,70,98,30,11,1,11,23,8,11,12,1,2012-13
201150,Spencer Hawes,Spencer,1610612755,PHI,25.0,82,34,48,0.415,2233.32,376,811,0.464,31,87,0.356,122,157,0.777,173,417,590,183,131,24,113,52,233,145,905,-139,2167.5,19,0,1983.0,2272.0,1,37,103,76,18,18,14,70,5,6,14,30,35,19,25,17,20,9,14,55,12,94,102,34,18,97,20,18,8,17,18,1,2012-13
201168,Tiago Splitter,Tiago,1610612759,SAS,28.0,81,58,23,0.716,1997.015,315,563,0.56,0,2,0.0,208,285,0.73,144,371,515,130,100,63,64,80,161,249,838,378,1932.0,11,0,1737.0,1994.0,6,2,50,17,26,26,34,19,37,46,37,11,12,39,35,23,28,15,31,15,36,105,75,11,21,6,25,30,8,26,25,1,2012-13
203317,Tim Ohlbrecht,Tim,1610612745,HOU,24.0,3,3,0,1.0,11.733333333333333,1,3,0.333,0,0,0.0,1,1,1.0,0,1,1,1,4,1,0,0,1,1,3,-7,4.7,0,0,7.0,9.0,109,104,1,1,110,110,110,106,37,76,37,103,108,1,110,110,111,105,103,101,107,1,1,107,110,51,111,74,8,110,110,1,2012-13
202389,Timofey Mozgov,Timofey,1610612743,DEN,26.0,41,27,14,0.659,366.2083333333333,44,87,0.506,0,2,0.0,20,26,0.769,50,57,107,9,25,6,18,7,57,19,108,-72,296.9,1,0,272.0,305.0,78,53,26,25,87,85,85,46,37,46,37,81,85,22,76,88,86,88,79,88,77,28,29,89,84,84,89,58,8,89,89,1,2012-13
2211,Troy Murphy,Troy,1610612742,DAL,33.0,14,6,8,0.429,255.96666666666667,22,61,0.361,11,35,0.314,10,11,0.909,7,42,49,7,7,10,6,1,29,10,65,-20,175.3,0,0,164.0,176.0,101,100,14,71,92,90,89,102,12,12,18,93,98,4,101,92,95,94,99,81,95,9,18,97,90,59,92,74,8,91,94,1,2012-13
201946,Tyler Hansbrough,Tyler,1610612754,IND,27.0,81,49,32,0.605,1365.5366666666666,176,407,0.432,0,3,0.0,216,300,0.72,161,212,373,36,78,29,18,63,152,258,568,-9,1132.6,6,0,1071.0,1154.0,6,13,70,32,45,49,43,90,37,40,37,10,10,44,28,47,41,55,44,49,77,99,69,9,40,53,49,42,8,46,49,1,2012-13
203092,Tyler Zeller,Tyler,1610612739,CLE,23.0,77,24,53,0.312,2033.1783333333333,245,559,0.438,0,4,0.0,120,157,0.764,159,279,438,96,95,35,70,49,251,187,610,-260,1499.6,7,0,1354.0,1555.0,27,64,109,99,23,39,36,86,37,32,37,31,35,25,30,35,34,23,34,38,34,92,107,24,39,107,36,38,8,35,35,1,2012-13
2199,Tyson Chandler,Tyson,1610612752,NYK,30.0,66,42,24,0.636,2163.53,255,400,0.638,0,0,0.0,179,258,0.694,269,434,703,62,87,42,75,19,188,213,689,249,1889.6,20,0,1688.0,1867.0,47,25,52,27,20,38,45,5,37,76,37,14,16,51,4,16,11,42,39,31,32,48,90,17,34,12,27,15,8,27,27,1,2012-13
203139,Viacheslav Kravtsov,Viacheslav,1610612765,DET,25.0,25,8,17,0.32,223.71333333333334,33,46,0.717,0,0,0.0,11,37,0.297,24,21,45,9,14,5,9,6,32,29,77,-22,172.5,1,0,159.0,182.0,89,98,31,97,95,89,95,2,37,76,37,89,81,104,89,97,96,88,90,93,92,24,20,83,89,62,94,58,8,92,92,1,2012-13
2585,Zaza Pachulia,Zaza,1610612737,ATL,29.0,52,29,23,0.558,1134.3116666666667,114,241,0.473,0,3,0.0,78,103,0.757,132,204,336,79,70,35,12,34,128,108,306,-26,898.7,4,0,815.0,941.0,69,48,50,41,56,64,65,67,37,40,37,47,49,28,39,51,48,31,47,38,85,74,59,45,65,67,58,46,8,58,58,1,2012-13
201189,Aaron Gray,Aaron,1610612758,SAC,29.0,37,12,25,0.324,354.375,27,61,0.443,0,1,0.0,11,20,0.55,42,69,111,22,31,10,8,10,64,16,65,-84,254.2,0,0,234.0,274.0,85,89,50,95,93,97,95,91,33,48,33,95,94,88,84,89,88,79,80,79,99,31,28,96,98,82,95,75,3,95,94,2,2013-14
201143,Al Horford,Al,1610612737,ATL,28.0,29,16,13,0.552,957.73,238,420,0.567,4,11,0.364,58,85,0.682,66,178,244,76,64,27,44,14,56,67,538,73,1093.8,9,0,1004.0,1147.0,93,78,18,46,63,36,42,17,17,23,11,61,63,61,67,59,64,33,53,52,47,40,25,66,40,22,49,32,3,48,49,1,2013-14
2744,Al Jefferson,Al,1610612766,CHA,29.0,73,38,35,0.521,2553.2383333333332,700,1376,0.509,3,15,0.2,191,277,0.69,156,636,792,155,124,67,79,74,176,212,1594,31,3090.9,42,0,2836.0,3134.0,30,35,81,53,9,1,2,45,22,19,28,13,12,58,30,3,7,8,16,11,22,109,80,18,3,30,4,6,3,3,4,1,2013-14
203458,Alex Len,Alex,1610612756,PHX,21.0,42,24,18,0.571,362.28333333333336,33,78,0.423,0,0,0.0,20,31,0.645,39,60,99,4,26,4,18,7,68,25,86,-55,250.8,0,0,233.0,259.0,80,60,30,42,91,94,91,106,33,72,33,87,85,70,87,92,92,99,87,98,86,24,32,93,95,77,96,75,3,96,96,1,2013-14
201582,Alexis Ajinca,Alexis,1610612740,NOP,26.0,56,22,34,0.393,950.5783333333334,136,249,0.546,0,1,0.0,56,67,0.836,94,183,277,40,63,23,46,15,187,64,328,-101,864.4,3,0,783.0,892.0,62,66,76,75,66,56,61,25,33,48,33,63,66,8,57,57,60,56,55,61,46,44,86,69,62,89,62,49,3,61,61,1,2013-14
2405,Amar'e Stoudemire,Amar'e,1610612752,NYK,31.0,65,26,39,0.4,1466.185,311,558,0.557,0,0,0.0,150,203,0.739,112,208,320,34,91,23,37,33,159,184,772,-158,1296.0,5,0,1246.0,1340.0,47,54,93,72,39,29,30,20,33,72,33,24,25,42,46,51,50,64,33,61,59,79,69,26,29,99,41,40,3,39,41,1,2013-14
2760,Anderson Varejao,Anderson,1610612739,CLE,31.0,65,25,40,0.385,1800.2383333333332,227,459,0.495,0,7,0.0,92,135,0.681,187,442,629,140,72,69,39,25,164,152,546,63,1762.8,16,0,1531.0,1779.0,47,57,96,77,29,40,39,59,33,29,33,45,44,62,23,16,18,10,46,10,56,67,72,33,39,23,29,22,3,32,29,1,2013-14
101154,Andray Blatche,Andray,1610612751,BKN,27.0,73,40,33,0.548,1618.1283333333333,321,674,0.476,15,54,0.278,164,221,0.742,120,270,390,112,110,75,38,43,166,190,821,21,1686.0,6,0,1564.0,1774.0,30,31,72,47,35,28,24,68,13,13,20,18,23,41,41,38,38,16,26,8,57,90,74,25,25,35,31,36,3,31,31,1,2013-14
203083,Andre Drummond,Andre,1610612765,DET,20.0,81,29,52,0.358,2619.0783333333334,479,769,0.623,0,2,0.0,137,328,0.418,440,631,1071,35,110,101,131,44,273,259,1095,-233,3018.7,57,0,2665.0,2932.0,9,45,108,81,7,8,17,8,33,42,33,28,8,106,1,5,2,63,26,2,6,93,114,11,9,108,7,2,3,7,8,1,2013-14
200745,Andrea Bargnani,Andrea,1610612752,NYK,28.0,42,15,27,0.357,1257.12,222,502,0.442,30,108,0.278,84,102,0.824,69,153,222,45,58,14,52,19,100,107,558,-123,1031.9,4,0,987.0,1068.0,80,85,57,82,49,42,35,94,10,8,20,50,55,9,66,68,70,53,59,71,36,55,45,51,38,93,51,44,3,50,51,1,2013-14
101106,Andrew Bogut,Andrew,1610612744,GSW,29.0,67,40,27,0.597,1769.4083333333333,235,375,0.627,0,0,0.0,22,64,0.344,182,489,671,112,97,47,121,14,210,96,492,311,1872.2,13,0,1611.0,1891.0,45,31,57,34,31,37,46,7,33,72,33,84,70,109,25,11,14,16,30,22,8,40,97,56,46,9,26,27,3,28,26,1,2013-14
101115,Andrew Bynum,Andrew,1610612754,IND,26.0,26,11,15,0.423,515.5116666666667,94,225,0.418,0,0,0.0,37,49,0.755,53,92,145,29,34,6,29,12,31,41,225,-135,513.5,2,0,469.0,533.0,94,94,23,70,82,69,66,108,33,72,33,72,79,33,79,80,80,70,77,94,70,35,16,81,72,94,78,57,3,77,78,2,2013-14
2740,Andris Biedrins,Andris,1610612762,UTA,28.0,6,0,6,0.0,44.583333333333336,1,1,1.0,0,0,0.0,1,6,0.167,2,15,17,0,2,0,0,0,6,5,3,2,21.4,0,0,20.0,20.0,110,113,10,113,111,112,113,1,33,72,33,108,105,111,112,105,108,110,111,109,111,1,4,107,112,44,111,75,3,111,111,1,2013-14
203076,Anthony Davis,Anthony,1610612740,NOP,21.0,67,29,38,0.433,2357.7716666666665,522,1005,0.519,2,9,0.222,348,440,0.791,207,466,673,105,109,89,189,68,200,359,1394,-113,3084.1,36,0,2730.0,3111.0,45,45,87,69,14,5,5,41,25,26,27,4,4,20,13,14,13,19,28,5,3,106,91,4,4,91,5,9,3,5,5,1,2013-14
202620,Arinze Onuaku,Arinze,1610612739,CLE,26.0,5,2,3,0.4,30.15,1,5,0.2,0,0,0.0,1,2,0.5,2,6,8,3,1,0,0,1,3,3,3,-6,16.1,0,0,14.0,17.0,111,110,3,72,112,112,112,113,33,72,33,108,110,96,112,111,111,101,112,109,111,4,2,112,112,53,112,75,3,112,112,2,2013-14
203382,Aron Baynes,Aron,1610612759,SAS,27.0,53,41,12,0.774,490.80833333333334,71,163,0.436,0,0,0.0,19,21,0.905,57,88,145,34,36,2,5,17,77,37,161,27,371.0,0,0,354.0,395.0,67,30,17,6,83,79,76,98,33,72,33,89,92,4,74,83,80,64,76,106,102,49,37,85,82,32,88,75,3,86,86,1,2013-14
203108,Bernard James,Bernard,1610612742,DAL,29.0,30,17,13,0.567,146.005,11,23,0.478,0,1,0.0,6,11,0.545,15,27,42,3,10,3,8,4,24,13,28,-4,105.9,0,0,95.0,109.0,92,77,18,43,103,104,104,66,33,48,33,100,100,90,101,102,101,101,99,101,99,18,13,99,102,47,102,75,3,101,101,1,2013-14
202687,Bismack Biyombo,Bismack,1610612766,CHA,21.0,77,42,35,0.545,1072.4566666666667,88,144,0.611,0,0,0.0,46,89,0.517,105,261,366,8,40,7,86,21,124,84,222,-40,912.2,1,0,782.0,883.0,26,28,81,48,56,73,80,9,33,72,33,67,62,94,49,40,42,93,73,89,21,58,53,63,73,73,55,63,3,62,62,1,2013-14
201572,Brook Lopez,Brook,1610612751,BKN,26.0,17,7,10,0.412,533.41,129,229,0.563,0,1,0.0,94,115,0.817,39,63,102,16,28,9,30,13,52,87,352,-21,587.4,0,0,548.0,603.0,105,99,15,71,81,62,64,19,33,48,33,44,54,16,87,91,91,86,83,83,67,37,23,61,54,61,73,75,3,73,73,1,2013-14
201957,Byron Mullens,Byron,1610612755,PHI,25.0,45,16,29,0.356,414.41833333333335,73,165,0.442,33,89,0.371,10,20,0.5,24,68,92,14,27,15,11,11,64,19,189,-141,371.4,0,0,380.0,387.0,77,78,65,84,89,77,74,93,9,10,9,96,94,96,94,90,93,90,86,67,94,33,28,95,77,96,87,75,3,84,88,2,2013-14
101112,Channing Frye,Channing,1610612756,PHX,31.0,82,48,34,0.585,2312.305,336,778,0.432,160,432,0.37,78,95,0.821,73,343,416,98,89,60,63,15,245,121,910,297,1836.2,0,0,1830.0,1891.0,1,11,76,39,16,24,16,100,2,2,10,53,57,11,64,29,36,22,36,13,29,44,106,47,20,10,27,75,3,21,26,1,2013-14
2365,Chris Andersen,Chris,1610612748,MIA,35.0,72,49,23,0.681,1396.0216666666668,177,275,0.644,3,12,0.25,120,169,0.71,129,250,379,19,53,32,97,16,162,159,477,162,1294.3,1,0,1136.0,1281.0,34,10,44,18,42,49,59,5,22,22,24,33,34,52,37,42,39,81,63,39,15,48,71,31,50,15,42,63,3,43,43,1,2013-14
2547,Chris Bosh,Chris,1610612748,MIA,30.0,79,53,26,0.671,2531.3516666666665,492,953,0.516,74,218,0.339,223,272,0.82,98,424,522,87,125,80,78,32,192,202,1281,447,2386.9,6,0,2280.0,2451.0,23,8,52,23,10,7,7,43,4,4,14,7,13,13,56,21,31,29,15,6,23,78,88,23,6,2,13,36,3,13,13,1,2013-14
2549,Chris Kaman,Chris,1610612747,LAL,32.0,39,13,26,0.333,735.975,176,346,0.509,0,3,0.0,52,68,0.765,54,175,229,58,74,11,40,18,93,53,404,-60,844.8,6,0,793.0,902.0,84,86,52,91,73,50,49,46,33,36,33,64,65,29,77,61,67,45,45,77,52,53,42,75,52,79,63,36,3,58,60,1,2013-14
203469,Cody Zeller,Cody,1610612766,CHA,21.0,82,43,39,0.524,1416.6816666666666,172,404,0.426,0,1,0.0,146,200,0.73,118,235,353,92,87,40,41,43,170,163,490,-85,1207.6,1,0,1097.0,1270.0,1,25,93,52,40,51,43,104,33,48,33,27,27,47,44,45,46,24,37,32,50,90,77,28,47,83,46,63,3,44,44,1,2013-14
202332,Cole Aldrich,Cole,1610612752,NYK,25.0,46,26,20,0.565,330.01666666666665,33,61,0.541,0,0,0.0,26,30,0.867,37,92,129,14,18,8,30,4,40,21,92,-16,363.8,3,0,311.0,363.0,75,54,36,45,95,94,95,27,33,72,33,80,87,6,90,80,83,90,91,85,67,18,18,94,94,57,89,49,3,90,90,1,2013-14
202350,Daniel Orton,Daniel,1610612755,PHI,23.0,22,7,15,0.318,250.80333333333334,21,47,0.447,0,0,0.0,23,30,0.767,16,45,61,15,18,6,16,7,38,30,65,-35,208.7,1,0,185.0,222.0,100,99,23,97,97,99,99,88,33,72,33,83,87,27,99,96,97,88,91,94,87,24,17,88,98,72,97,63,3,97,97,1,2013-14
201599,DeAndre Jordan,DeAndre,1610612746,LAC,25.0,82,57,25,0.695,2870.435,348,515,0.676,0,0,0.0,160,374,0.428,331,783,1114,74,123,80,203,31,264,309,856,494,3029.8,42,0,2610.0,2967.0,1,4,50,17,1,22,34,3,33,72,33,19,5,104,2,1,1,35,17,6,2,75,111,5,24,1,6,6,3,8,7,1,2013-14
201971,DeJuan Blair,DeJuan,1610612742,DAL,25.0,78,46,32,0.59,1213.8233333333333,210,393,0.534,0,2,0.0,77,121,0.636,139,229,368,70,77,60,21,46,192,96,497,-4,1209.6,2,0,1097.0,1248.0,25,22,68,36,51,44,44,34,33,42,33,55,51,73,35,46,41,38,40,13,82,94,88,56,45,47,45,57,3,44,46,1,2013-14
202326,DeMarcus Cousins,DeMarcus,1610612758,SAC,23.0,71,28,43,0.394,2297.9416666666666,591,1191,0.496,0,7,0.0,432,595,0.726,218,613,831,207,251,109,91,108,270,536,1614,-17,3270.7,53,0,3052.0,3459.0,36,48,98,74,17,3,3,58,33,29,33,2,3,48,12,7,6,5,1,1,19,114,113,1,2,59,2,3,3,2,2,1,2013-14
202324,Derrick Favors,Derrick,1610612762,UTA,22.0,73,25,48,0.342,2201.193333333333,390,747,0.522,0,1,0.0,190,284,0.669,199,438,637,91,129,75,108,67,236,224,970,-338,2290.9,25,0,2064.0,2338.0,30,57,105,89,19,15,19,40,33,48,33,14,10,65,20,18,16,25,12,8,13,105,103,16,17,110,14,16,3,14,15,1,2013-14
203473,Dewayne Dedmon,Dewayne,1610612753,ORL,24.0,31,7,24,0.226,390.42333333333335,38,83,0.458,0,0,0.0,21,32,0.656,38,89,127,5,18,7,22,4,66,33,97,-59,325.9,0,0,287.0,321.0,89,99,48,104,90,90,89,80,33,72,33,85,83,68,89,82,86,97,91,89,80,18,31,86,92,78,91,75,3,91,91,3,2013-14
202354,Dexter Pittman,Dexter,1610612737,ATL,26.0,2,0,2,0.0,2.94,0,1,0.0,0,0,0.0,0,2,0.0,3,0,3,0,0,0,0,0,0,1,0,-2,3.6,0,0,3.0,3.0,113,113,2,113,114,114,113,114,33,72,33,112,110,112,111,114,113,110,113,109,111,1,1,113,114,45,114,75,3,114,114,1,2013-14
202700,Donatas Motiejunas,Donatas,1610612745,HOU,23.0,62,42,20,0.677,952.1983333333334,131,296,0.443,21,84,0.25,58,96,0.604,60,165,225,34,49,20,21,21,132,104,341,52,736.0,3,0,703.0,757.0,52,28,36,21,65,59,55,92,12,11,24,61,56,80,71,65,69,64,65,63,82,58,59,52,60,26,68,49,3,68,69,1,2013-14
2730,Dwight Howard,Dwight,1610612745,HOU,28.0,71,48,23,0.676,2396.411666666667,473,800,0.591,2,7,0.286,349,638,0.547,231,635,866,131,229,60,128,81,240,476,1297,339,2867.7,47,0,2672.0,2989.0,36,11,44,22,13,9,14,13,25,29,18,3,1,89,7,4,5,13,2,13,7,111,105,3,5,6,8,4,3,6,6,1,2013-14
202327,Ekpe Udoh,Ekpe,1610612749,MIL,27.0,42,7,35,0.167,803.7833333333333,57,143,0.399,0,0,0.0,30,47,0.638,61,87,148,31,38,15,44,15,96,47,144,-168,507.1,1,0,441.0,531.0,80,99,81,109,72,85,81,109,33,72,33,77,80,72,70,84,79,68,74,67,47,44,44,79,85,101,79,63,3,81,79,1,2013-14
202683,Enes Freedom,Enes,1610612762,UTA,22.0,80,23,57,0.288,2138.16,419,853,0.491,0,1,0.0,149,204,0.73,222,376,598,75,144,28,42,73,230,202,987,-482,1883.1,24,0,1800.0,1945.0,16,63,113,100,20,13,12,61,33,48,33,26,24,46,11,22,22,34,9,49,49,108,101,23,15,113,24,19,3,22,24,1,2013-14
201175,Glen Davis,Glen,1610612746,LAC,28.0,68,30,38,0.441,1661.88,271,593,0.457,4,11,0.364,95,137,0.693,108,243,351,77,76,58,29,50,159,138,641,-166,1362.7,5,0,1247.0,1407.0,44,43,87,66,34,34,29,82,17,23,11,43,40,55,47,43,47,32,42,19,70,96,69,40,34,100,39,40,3,38,38,2,2013-14
203476,Gorgui Dieng,Gorgui,1610612750,MIN,24.0,60,32,28,0.533,817.8233333333334,113,227,0.498,1,1,1.0,59,93,0.634,103,197,300,39,54,30,50,21,108,74,286,-40,890.5,9,0,786.0,904.0,56,40,62,50,71,65,65,56,30,48,1,60,59,74,51,52,54,57,62,43,38,58,49,64,66,73,60,32,3,59,59,1,2013-14
202328,Greg Monroe,Greg,1610612765,DET,24.0,82,29,53,0.354,2689.4483333333333,504,1015,0.497,0,1,0.0,241,367,0.657,256,504,760,171,166,91,47,107,205,300,1249,-151,2665.5,35,0,2456.0,2765.0,1,45,110,86,4,6,4,57,33,48,33,6,6,67,5,10,9,7,6,4,42,113,94,6,7,97,10,11,3,10,10,1,2013-14
201141,Greg Oden,Greg,1610612748,MIA,26.0,23,16,7,0.696,212.145,27,49,0.551,0,0,0.0,13,23,0.565,23,31,54,1,12,7,13,5,52,26,67,-33,181.3,0,0,162.0,183.0,97,78,12,16,99,97,98,23,33,72,33,94,91,85,95,99,98,107,97,89,90,21,23,91,97,70,98,75,3,98,98,1,2013-14
202962,Greg Smith,Greg,1610612745,HOU,23.0,11,7,4,0.636,100.295,18,28,0.643,0,0,0.0,2,5,0.4,11,16,27,0,5,1,2,6,17,4,38,-16,74.4,0,0,71.0,74.0,108,99,5,28,104,100,102,6,33,72,33,107,106,107,103,104,104,110,107,107,107,23,10,110,100,57,104,75,3,104,106,1,2013-14
201880,Greg Stiemsma,Greg,1610612740,NOP,28.0,55,21,34,0.382,1006.5066666666667,70,122,0.574,0,1,0.0,19,32,0.594,72,154,226,36,44,35,57,10,169,58,159,-170,716.2,0,0,605.0,733.0,63,68,76,78,59,80,85,15,33,48,33,89,83,81,65,67,68,60,67,36,32,31,75,71,83,102,70,75,3,71,70,1,2013-14
202970,Gustavo Ayon,Gustavo,1610612737,ATL,29.0,26,12,14,0.462,429.25,52,102,0.51,0,0,0.0,8,20,0.4,42,83,125,28,29,25,10,14,47,28,112,-26,380.0,1,0,335.0,398.0,94,89,21,63,88,88,87,44,33,72,33,98,94,107,84,87,87,72,81,56,96,40,20,90,88,65,85,63,3,88,85,1,2013-14
202380,Hamady Ndiaye,Hamady,1610612758,SAC,27.0,14,5,9,0.357,74.25333333333333,3,9,0.333,0,0,0.0,0,1,0.0,5,13,18,3,3,0,4,2,15,6,6,-27,41.1,0,0,35.0,42.0,107,106,14,82,108,110,110,112,33,72,33,112,112,112,109,106,107,101,109,109,104,8,8,105,110,66,109,75,3,110,109,1,2013-14
201934,Hasheem Thabeet,Hasheem,1610612760,OKC,27.0,23,18,5,0.783,192.41333333333333,13,23,0.565,0,0,0.0,1,5,0.2,9,31,40,1,14,4,9,1,47,6,27,-2,101.5,0,0,94.0,108.0,97,74,8,3,100,102,104,18,33,72,33,108,106,110,106,99,102,107,96,98,98,4,20,105,104,45,103,75,3,102,102,1,2013-14
203156,Henry Sims,Henry,1610612755,PHI,24.0,46,11,35,0.239,875.0333333333333,130,274,0.474,0,1,0.0,90,121,0.744,104,133,237,52,41,28,20,21,116,101,350,-138,815.4,4,0,735.0,835.0,75,94,81,103,69,61,60,72,33,48,33,47,51,40,50,71,66,50,70,49,84,58,50,55,57,95,64,44,3,65,64,2,2013-14
200756,Hilton Armstrong,Hilton,1610612744,GSW,29.0,15,12,3,0.8,96.605,9,19,0.474,0,0,0.0,7,16,0.438,19,28,47,5,6,4,4,2,11,15,25,16,106.9,1,0,93.0,106.0,106,89,3,2,105,106,107,73,33,72,33,99,97,103,96,101,100,97,105,98,104,8,7,98,106,38,101,63,3,103,103,1,2013-14
101133,Ian Mahinmi,Ian,1610612754,IND,27.0,77,51,26,0.662,1247.8033333333333,91,189,0.481,0,1,0.0,90,145,0.621,107,150,257,24,58,41,72,23,207,128,272,10,897.4,0,0,779.0,916.0,26,9,52,25,50,72,71,63,33,48,33,47,37,78,48,70,62,76,59,27,25,64,95,43,68,41,59,75,3,63,58,1,2013-14
201581,JJ Hickson,JJ,1610612743,DEN,25.0,69,31,38,0.449,1859.445,332,654,0.508,0,8,0.0,150,290,0.517,206,426,632,96,128,47,51,63,177,218,814,-189,1882.4,26,0,1738.0,1932.0,42,42,87,65,26,26,25,47,33,28,33,24,9,93,14,20,17,23,13,22,37,103,81,17,26,106,25,15,3,25,25,1,2013-14
201580,JaVale McGee,JaVale,1610612743,DEN,26.0,5,1,4,0.2,79.49,17,38,0.447,0,0,0.0,1,1,1.0,10,7,17,2,8,1,7,3,16,5,35,-5,74.4,0,0,70.0,80.0,111,112,5,106,107,101,100,87,33,72,33,108,112,1,104,110,108,104,103,107,101,13,9,107,101,49,104,75,3,105,104,1,2013-14
203096,Jared Sullinger,Jared,1610612738,BOS,22.0,74,23,51,0.311,2041.2316666666666,384,899,0.427,56,208,0.269,158,203,0.778,241,360,601,118,119,35,49,53,251,206,982,-13,2013.2,22,0,1925.0,2071.0,29,63,107,98,21,16,8,102,5,5,22,20,25,24,6,26,21,14,20,36,41,99,109,21,16,55,19,21,3,18,20,1,2013-14
202363,Jarvis Varnado,Jarvis,1610612755,PHI,26.0,24,5,19,0.208,339.34,36,60,0.6,0,0,0.0,27,52,0.519,19,44,63,13,10,10,29,2,62,38,99,-94,301.1,0,0,253.0,305.0,96,106,34,105,94,92,97,10,33,72,33,78,75,92,96,97,96,92,99,79,70,8,27,84,90,87,92,75,3,92,92,2,2013-14
2215,Jason Collins,Jason,1610612751,BKN,35.0,22,16,6,0.727,172.10833333333332,11,24,0.458,0,3,0.0,3,4,0.75,7,12,19,4,7,8,1,2,30,7,25,-31,73.8,0,0,66.0,79.0,100,78,10,11,102,104,103,79,33,36,33,106,109,36,108,107,106,99,104,85,108,8,15,103,106,68,106,75,3,106,105,1,2013-14
201160,Jason Smith,Jason,1610612740,NOP,28.0,31,11,20,0.355,830.1033333333334,131,282,0.465,0,0,0.0,39,50,0.78,51,130,181,29,28,11,29,21,100,57,301,-64,653.7,2,0,591.0,660.0,89,94,36,85,70,59,58,77,33,72,33,69,76,23,81,72,73,70,83,77,70,58,45,72,65,81,72,57,3,72,72,1,2013-14
201574,Jason Thompson,Jason,1610612758,SAC,27.0,82,28,54,0.341,2006.6666666666667,251,496,0.506,0,0,0.0,84,145,0.579,153,374,527,53,95,32,56,35,251,147,586,-9,1466.9,8,0,1342.0,1483.0,1,48,111,90,22,35,37,49,33,72,33,50,37,84,31,23,30,49,31,39,34,83,109,36,36,54,36,34,3,36,36,1,2013-14
201965,Jeff Ayres,Jeff,1610612759,SAS,27.0,73,55,18,0.753,952.255,101,174,0.58,0,0,0.0,38,55,0.691,89,169,258,60,63,13,25,17,146,69,240,119,690.6,0,0,634.0,732.0,30,5,30,8,64,67,73,14,33,72,33,70,72,56,58,63,61,42,55,76,78,49,66,65,71,18,71,75,3,70,71,1,2013-14
203481,Jeff Withey,Jeff,1610612740,NOP,24.0,58,21,37,0.362,684.4133333333333,69,129,0.535,0,1,0.0,52,73,0.712,49,101,150,26,20,15,50,18,73,55,190,28,584.0,0,0,496.0,587.0,60,68,85,80,76,81,82,33,33,48,33,64,64,51,83,79,78,73,90,67,38,53,33,73,76,31,74,75,3,74,74,1,2013-14
979,Jermaine O'Neal,Jermaine,1610612744,GSW,35.0,44,27,17,0.614,883.3233333333334,125,248,0.504,0,0,0.0,99,132,0.75,85,157,242,25,52,14,40,23,102,125,349,21,786.9,2,0,724.0,803.0,79,50,28,29,68,63,62,51,33,72,33,40,46,36,60,66,65,74,64,71,52,64,47,44,59,35,65,57,3,66,66,1,2013-14
201149,Joakim Noah,Joakim,1610612741,CHI,29.0,80,48,32,0.6,2819.695,380,800,0.475,0,2,0.0,247,335,0.737,282,618,900,431,194,99,121,75,245,288,1007,231,3199.5,47,4,2778.0,3429.0,16,11,68,31,2,17,14,70,33,42,33,5,7,43,4,6,4,1,4,3,8,110,106,7,14,14,3,4,1,4,3,1,2013-14
201202,Joel Anthony,Joel,1610612738,BOS,31.0,33,16,17,0.485,186.135,12,32,0.375,0,0,0.0,4,8,0.5,15,23,38,2,3,3,12,2,17,5,28,-34,118.6,0,0,98.0,115.0,87,78,28,61,101,103,101,111,33,72,33,104,102,96,101,103,103,104,109,101,92,8,10,107,102,71,100,75,3,100,100,2,2013-14
200777,Joel Freeland,Joel,1610612757,POR,27.0,52,37,15,0.712,727.2383333333333,77,162,0.475,0,2,0.0,20,29,0.69,88,120,208,36,32,10,22,9,95,39,174,27,541.6,0,0,482.0,550.0,71,37,23,13,74,75,77,69,33,42,33,87,90,57,59,73,72,60,78,79,80,29,43,82,80,32,77,75,3,75,76,1,2013-14
203089,John Henson,John,1610612749,MIL,23.0,70,12,58,0.171,1856.3733333333332,344,639,0.538,0,1,0.0,91,177,0.514,171,326,497,113,114,41,116,35,185,152,779,-428,1901.9,11,0,1703.0,1973.0,38,89,114,108,27,23,27,30,33,48,33,46,32,95,26,34,32,15,22,27,11,83,84,33,28,112,23,28,3,26,22,1,2013-14
202685,Jonas Valanciunas,Jonas,1610612761,TOR,22.0,81,47,34,0.58,2282.21,359,676,0.531,0,1,0.0,198,260,0.762,226,488,714,57,136,24,71,62,249,247,916,101,2007.3,25,0,1877.0,2029.0,9,19,76,41,18,19,23,37,33,48,33,10,16,31,8,12,10,47,11,58,26,102,108,13,19,21,20,16,3,20,21,1,2013-14
201941,Jordan Hill,Jordan,1610612747,LAL,26.0,72,24,48,0.333,1499.7583333333334,286,521,0.549,0,1,0.0,124,181,0.685,194,341,535,54,75,29,64,31,172,163,696,-304,1623.0,15,0,1471.0,1618.0,34,60,105,91,38,31,33,24,33,48,33,30,31,60,22,30,27,48,43,46,28,75,79,28,32,109,33,24,3,33,34,1,2013-14
202725,Josh Harrellson,Josh,1610612765,DET,25.0,32,12,20,0.375,317.37666666666667,38,82,0.463,12,31,0.387,5,7,0.714,30,46,76,15,10,6,15,3,44,11,93,8,259.7,0,0,238.0,262.0,88,89,36,79,96,90,90,78,14,15,6,101,104,50,92,95,95,88,99,94,88,13,19,100,93,43,94,75,3,94,95,1,2013-14
203120,Justin Hamilton,Justin,1610612748,MIA,24.0,8,4,4,0.5,72.14666666666666,9,20,0.45,3,9,0.333,5,5,1.0,4,3,7,0,4,5,0,1,8,9,26,-23,45.4,0,0,46.0,48.0,109,108,5,56,109,106,106,86,22,26,15,101,106,1,110,112,112,110,108,97,111,4,6,102,105,62,108,75,3,108,108,2,2013-14
203482,Kelly Olynyk,Kelly,1610612738,BOS,23.0,70,18,52,0.257,1399.955,234,502,0.466,40,114,0.351,99,122,0.811,140,225,365,109,106,35,27,35,227,125,607,-5,1288.5,3,0,1245.0,1376.0,38,74,108,102,41,38,35,76,8,7,13,40,50,18,34,48,43,18,29,36,75,83,100,44,35,49,43,49,3,40,40,1,2013-14
2570,Kendrick Perkins,Kendrick,1610612760,OKC,29.0,62,48,14,0.774,1206.5866666666666,87,193,0.451,0,1,0.0,37,67,0.552,82,223,305,67,90,26,32,25,177,65,211,44,761.5,0,0,699.0,824.0,52,11,21,5,52,74,69,84,33,48,33,72,66,87,62,49,53,39,34,55,64,67,81,68,74,28,67,75,3,69,65,1,2013-14
708,Kevin Garnett,Kevin,1610612751,BKN,38.0,54,27,27,0.5,1108.5533333333333,157,356,0.441,0,3,0.0,38,47,0.809,60,298,358,82,69,43,40,9,123,67,352,-27,1084.6,3,0,958.0,1123.0,65,50,57,56,54,52,47,96,33,36,33,70,80,19,71,35,45,31,50,26,52,29,52,66,54,66,50,49,3,51,50,1,2013-14
201567,Kevin Love,Kevin,1610612750,MIN,25.0,77,39,38,0.506,2796.5,650,1421,0.457,190,505,0.376,520,633,0.821,224,739,963,341,196,59,35,63,136,496,2010,356,3763.1,65,3,3692.0,3937.0,26,34,87,55,3,2,1,81,1,1,8,1,2,10,9,2,3,2,3,17,61,103,62,2,1,5,1,1,2,1,1,1,2013-14
202338,Kevin Seraphin,Kevin,1610612764,WAS,24.0,53,25,28,0.472,578.425,111,220,0.505,0,0,0.0,27,31,0.871,53,75,128,17,41,3,26,14,103,39,249,-31,474.1,0,0,452.0,498.0,67,57,62,62,79,66,67,50,33,72,33,78,85,5,79,88,84,84,70,101,77,40,48,82,70,68,80,75,3,79,80,1,2013-14
201585,Kosta Koufos,Kosta,1610612763,MEM,25.0,80,48,32,0.6,1349.365,227,459,0.495,0,0,0.0,60,93,0.645,160,258,418,39,67,32,71,34,182,86,514,38,1316.1,4,0,1177.0,1319.0,16,11,68,31,45,40,39,59,33,72,33,59,59,70,28,41,35,57,51,39,26,82,83,62,43,29,40,44,3,42,42,1,2013-14
2743,Kris Humphries,Kris,1610612738,BOS,29.0,69,22,47,0.319,1375.8383333333334,231,461,0.501,0,2,0.0,117,144,0.813,127,282,409,67,64,31,61,23,136,140,579,-176,1382.3,8,0,1239.0,1398.0,42,66,103,96,43,39,38,54,33,42,33,35,39,17,38,36,37,39,53,42,31,64,62,39,37,103,38,34,3,41,39,1,2013-14
202336,Larry Sanders,Larry,1610612749,MIL,25.0,23,3,20,0.13,584.4316666666666,76,162,0.469,0,1,0.0,26,55,0.473,60,105,165,19,26,18,40,22,74,42,178,-111,552.5,2,0,478.0,555.0,97,109,36,112,78,76,77,75,33,48,33,80,72,101,71,77,76,81,87,65,52,63,34,80,79,90,75,57,3,76,75,1,2013-14
202730,Lavoy Allen,Lavoy,1610612754,IND,25.0,65,18,47,0.277,1071.4583333333333,134,300,0.447,2,13,0.154,33,50,0.66,119,192,311,71,44,24,33,11,126,51,303,-211,909.7,3,0,801.0,927.0,47,74,103,101,57,57,53,89,25,21,32,75,76,66,43,53,51,37,67,58,63,33,56,77,64,107,56,49,3,56,55,2,2013-14
201188,Marc Gasol,Marc,1610612763,MEM,29.0,59,40,19,0.678,1970.2316666666666,336,711,0.473,2,11,0.182,185,241,0.768,84,340,424,215,111,59,76,27,150,279,859,15,1984.3,10,0,1770.0,2118.0,58,31,34,20,23,24,20,74,25,23,30,17,21,26,61,32,34,4,24,17,24,70,68,8,23,39,21,30,3,23,19,1,2013-14
101162,Marcin Gortat,Marcin,1610612764,WAS,30.0,81,44,37,0.543,2654.975,455,840,0.542,1,1,1.0,157,229,0.686,202,565,767,138,126,41,121,51,201,209,1068,292,2555.4,37,0,2298.0,2597.0,9,24,85,49,6,10,13,26,30,48,1,21,22,59,16,8,8,11,14,27,8,97,92,19,11,11,11,8,3,12,12,1,2013-14
201578,Marreese Speights,Marreese,1610612744,GSW,26.0,79,48,31,0.608,982.23,195,442,0.441,8,31,0.258,110,134,0.821,101,189,290,32,66,10,34,20,148,120,508,-121,970.0,1,0,926.0,994.0,23,11,66,30,60,46,41,95,16,15,23,36,45,12,53,56,57,67,52,79,62,57,67,48,44,92,52,63,3,52,53,1,2013-14
203486,Mason Plumlee,Mason,1610612751,BKN,24.0,70,37,33,0.529,1274.7616666666668,199,302,0.659,0,3,0.0,122,195,0.626,99,209,308,60,77,49,55,35,171,143,520,-91,1214.6,4,0,1096.0,1260.0,38,37,72,51,47,45,52,4,33,36,33,31,29,76,55,50,52,42,40,21,35,83,78,38,42,85,44,44,3,46,45,1,2013-14
2588,Matt Bonner,Matt,1610612759,SAS,34.0,61,43,18,0.705,690.0433333333333,73,164,0.445,42,98,0.429,9,12,0.75,16,114,130,31,16,15,11,3,49,11,197,112,461.5,1,0,452.0,467.0,54,25,30,14,75,77,75,90,7,9,3,97,99,36,99,75,82,68,94,67,94,13,22,100,75,20,81,63,3,79,82,1,2013-14
2408,Melvin Ely,Melvin,1610612740,NOP,36.0,2,2,0,1.0,27.25,3,6,0.5,0,0,0.0,0,0,0.0,0,1,1,0,0,0,1,0,5,0,6,-15,10.2,0,0,9.0,10.0,113,110,1,1,113,110,111,55,33,72,33,112,114,112,114,113,114,110,113,109,108,1,3,114,110,56,113,75,3,113,113,1,2013-14
203086,Meyers Leonard,Meyers,1610612757,POR,22.0,40,20,20,0.5,355.21166666666664,41,91,0.451,0,6,0.0,16,21,0.762,26,85,111,18,15,7,5,3,76,26,98,-87,279.2,0,0,251.0,281.0,83,71,36,56,92,89,88,85,33,33,33,91,92,30,93,86,88,83,95,89,102,13,36,91,91,84,93,75,3,93,93,1,2013-14
203488,Mike Muscala,Mike,1610612737,ATL,22.0,20,10,10,0.5,214.97,31,73,0.425,0,3,0.0,14,14,1.0,17,35,52,7,12,3,10,5,29,16,76,-92,175.9,0,0,161.0,181.0,103,97,15,56,98,96,93,105,33,36,33,93,98,1,98,98,99,95,97,101,96,21,14,96,96,86,99,75,3,99,99,1,2013-14
203101,Miles Plumlee,Miles,1610612756,PHX,25.0,80,47,33,0.588,1963.7183333333332,286,553,0.517,0,0,0.0,74,132,0.561,198,428,626,43,111,50,90,33,185,116,646,46,1770.7,11,0,1595.0,1778.0,16,19,72,37,24,31,31,42,33,72,33,56,46,86,21,19,19,54,24,20,20,79,84,49,33,27,28,28,3,29,30,1,2013-14
203545,Miroslav Raduljica,Miroslav,1610612749,MIL,26.0,48,7,41,0.146,464.5466666666667,68,126,0.54,0,0,0.0,45,55,0.818,54,54,108,23,28,7,13,17,84,49,181,-49,377.1,0,0,352.0,395.0,73,99,97,111,86,82,83,29,33,72,33,68,72,14,77,94,90,78,83,89,90,49,39,78,78,76,86,75,3,87,86,1,2013-14
1737,Nazr Mohammed,Nazr,1610612741,CHI,36.0,80,47,33,0.588,562.4383333333334,54,126,0.429,0,0,0.0,16,30,0.533,66,109,175,20,37,14,30,8,77,30,124,-17,459.0,0,0,407.0,471.0,16,19,72,37,80,86,83,101,33,72,33,91,87,91,67,76,74,80,75,71,67,27,37,88,87,59,82,75,3,82,81,1,2013-14
2403,Nene,ene,1610612764,WAS,31.0,53,30,23,0.566,1560.385,299,594,0.503,1,5,0.2,155,266,0.583,65,229,294,153,117,64,47,31,164,256,754,118,1552.3,2,0,1424.0,1687.0,67,43,44,44,37,30,28,52,30,34,28,23,15,82,69,46,55,9,21,12,42,75,72,12,31,19,34,57,3,34,32,1,2013-14
2555,Nick Collison,Nick,1610612760,OKC,33.0,81,58,23,0.716,1353.1766666666667,134,241,0.556,4,17,0.235,66,93,0.71,116,177,293,104,71,30,28,25,187,116,338,335,948.6,0,0,855.0,1013.0,9,3,44,12,44,57,63,21,17,18,26,57,59,53,45,60,56,20,47,43,74,67,86,49,61,7,53,75,3,53,52,1,2013-14
201593,Nikola Pekovic,Nikola,1610612750,MIN,28.0,54,27,27,0.5,1663.4366666666667,379,701,0.541,0,0,0.0,186,249,0.747,206,262,468,50,84,30,23,70,129,208,944,277,1655.6,23,0,1568.0,1671.0,65,50,57,56,32,18,21,28,33,72,33,16,19,39,14,39,33,52,38,43,79,107,58,20,18,12,32,20,3,30,33,1,2013-14
202696,Nikola Vučević,Nikola,1610612753,ORL,23.0,57,19,38,0.333,1812.265,353,696,0.507,0,0,0.0,105,137,0.766,185,441,626,104,112,60,47,37,169,138,811,-176,1927.2,36,0,1755.0,1966.0,61,73,87,91,28,21,22,48,33,72,33,38,40,28,24,17,19,20,23,13,42,89,75,40,27,103,22,9,3,24,23,1,2013-14
203136,Ognjen Kuzmic,Ognjen,1610612744,GSW,24.0,21,16,5,0.762,92.46666666666667,5,13,0.385,0,0,0.0,5,11,0.455,10,11,21,2,10,3,4,1,17,7,15,-60,54.2,0,0,52.0,61.0,102,78,8,7,106,109,109,110,33,72,33,101,100,102,104,108,105,104,99,101,104,4,10,103,109,79,107,75,3,107,107,1,2013-14
201600,Omer Asik,Omer,1610612745,HOU,27.0,48,32,16,0.667,968.0883333333334,101,190,0.532,0,0,0.0,78,126,0.619,101,277,378,25,59,14,37,30,92,96,280,58,865.1,6,0,785.0,861.0,73,40,27,24,62,67,70,36,33,72,33,53,49,79,53,37,40,74,58,71,59,73,41,56,67,24,61,36,3,60,63,1,2013-14
2200,Pau Gasol,Pau,1610612747,LAL,33.0,60,21,39,0.35,1884.2216666666666,425,885,0.48,4,14,0.286,187,254,0.736,124,456,580,201,141,27,92,57,124,231,1041,-354,2254.5,30,0,2064.0,2380.0,56,68,93,88,25,12,10,64,17,20,18,15,18,45,39,15,23,6,10,52,18,101,53,14,13,111,16,12,3,14,14,1,2013-14
203544,Pero Antic,Pero,1610612737,ATL,31.0,50,23,27,0.46,924.8083333333333,123,294,0.418,56,171,0.327,50,66,0.758,57,152,209,58,55,19,12,12,126,89,352,131,727.8,3,0,737.0,770.0,72,63,57,64,67,64,56,107,5,6,16,66,68,32,74,69,71,45,61,64,92,35,56,59,54,17,69,49,3,64,68,1,2013-14
203135,Robert Sacre,Robert,1610612747,LAL,25.0,65,20,45,0.308,1088.8,143,300,0.477,0,0,0.0,64,94,0.681,82,172,254,51,44,24,47,28,134,89,350,-153,900.3,0,0,797.0,919.0,47,71,101,99,55,55,53,67,33,72,33,58,58,64,62,62,63,51,67,58,42,71,61,59,57,98,57,75,3,57,57,1,2013-14
201577,Robin Lopez,Robin,1610612757,POR,26.0,82,54,28,0.659,2603.616666666667,355,644,0.551,0,1,0.0,198,242,0.818,326,374,700,73,84,25,139,30,196,203,908,316,2265.5,29,0,2009.0,2246.0,1,7,62,26,8,20,26,22,33,48,33,10,20,14,3,23,12,36,38,56,5,73,90,22,21,8,15,13,3,17,17,1,2013-14
101142,Ronny Turiaf,Ronny,1610612750,MIN,31.0,31,16,15,0.516,605.645,64,107,0.598,0,0,0.0,21,50,0.42,55,119,174,24,24,8,50,13,65,54,149,-23,543.8,0,0,463.0,545.0,89,78,23,54,77,83,86,11,33,72,33,85,76,105,76,74,75,76,89,85,38,37,30,74,84,62,76,75,3,78,77,1,2013-14
201579,Roy Hibbert,Roy,1610612754,IND,27.0,81,55,26,0.679,2408.9616666666666,331,754,0.439,2,5,0.4,207,269,0.77,202,336,538,91,148,29,182,47,269,269,871,358,2138.1,15,0,1924.0,2224.0,9,5,52,19,12,27,18,97,25,34,5,9,14,25,16,33,26,25,8,46,4,95,112,10,22,4,18,24,3,19,18,1,2013-14
203497,Rudy Gobert,Rudy,1610612762,UTA,22.0,45,7,38,0.156,433.69166666666666,36,74,0.486,0,0,0.0,32,65,0.492,51,104,155,7,32,8,41,7,57,60,104,-25,415.5,0,0,364.0,420.0,77,99,87,110,87,92,92,62,33,72,33,76,69,100,81,78,77,95,78,85,50,24,26,70,89,64,84,75,3,85,84,1,2013-14
200797,Ryan Hollins,Ryan,1610612746,LAC,29.0,61,43,18,0.705,481.7916666666667,53,72,0.736,0,0,0.0,35,56,0.625,31,59,90,8,29,9,31,8,87,53,141,9,352.0,0,0,319.0,367.0,54,25,30,14,85,87,94,2,33,72,33,74,71,77,91,93,94,93,81,83,65,27,40,75,86,42,90,75,3,89,89,1,2013-14
2223,Samuel Dalembert,Samuel,1610612742,DAL,34.0,80,48,32,0.6,1613.68,214,377,0.568,0,1,0.0,101,137,0.737,200,341,541,38,90,41,94,36,210,102,529,20,1550.2,5,0,1378.0,1551.0,16,11,68,31,36,43,45,16,33,48,33,39,40,44,18,30,25,59,34,27,16,87,97,54,41,37,35,40,3,35,35,1,2013-14
201586,Serge Ibaka,Serge,1610612760,OKC,24.0,81,59,22,0.728,2665.9333333333334,524,978,0.536,23,60,0.383,156,199,0.784,224,485,709,85,123,39,219,33,233,163,1227,404,2856.3,29,0,2560.0,2880.0,9,1,42,9,5,4,6,32,11,12,7,22,28,21,9,13,11,30,17,34,1,79,102,28,8,3,9,13,3,9,9,1,2013-14
201150,Spencer Hawes,Spencer,1610612739,CLE,26.0,80,26,54,0.325,2469.5833333333335,403,883,0.456,128,308,0.416,119,152,0.783,131,529,660,240,173,44,94,56,237,171,1053,-482,2446.0,25,0,2357.0,2607.0,16,54,111,94,11,14,11,83,3,3,4,34,36,22,36,9,15,3,5,25,16,100,104,27,12,113,12,16,3,11,11,2,2013-14
203500,Steven Adams,Steven,1610612760,OKC,20.0,81,59,22,0.728,1197.3233333333333,93,185,0.503,0,0,0.0,79,136,0.581,142,190,332,43,71,40,57,13,203,125,265,57,947.9,1,0,834.0,974.0,9,1,42,9,53,70,72,53,33,72,33,52,43,83,32,55,49,54,47,32,32,37,93,44,69,25,54,63,3,54,54,1,2013-14
201959,Taj Gibson,Taj,1610612741,CHI,29.0,82,48,34,0.585,2351.11,429,896,0.479,0,7,0.0,211,281,0.751,200,358,558,91,150,41,112,93,207,272,1069,138,2184.1,15,0,2024.0,2268.0,1,11,76,39,15,11,9,65,33,29,33,8,11,35,18,27,24,25,7,27,12,112,95,9,10,16,17,24,3,16,16,1,2013-14
201168,Tiago Splitter,Tiago,1610612759,SAS,29.0,59,46,13,0.78,1271.165,181,346,0.523,0,3,0.0,121,173,0.699,123,240,363,90,75,29,31,43,117,145,483,266,1158.6,5,0,1056.0,1206.0,58,22,18,4,48,48,49,38,33,36,33,32,33,54,40,44,44,28,43,46,65,90,51,37,48,13,47,40,3,47,47,1,2013-14
202389,Timofey Mozgov,Timofey,1610612743,DEN,27.0,82,36,46,0.439,1770.04,285,545,0.523,4,24,0.167,196,260,0.754,171,357,528,62,122,27,100,51,213,229,770,23,1755.6,10,0,1618.0,1803.0,1,39,102,67,30,33,32,39,17,17,31,12,16,34,26,28,29,41,19,52,14,97,99,15,30,34,30,30,3,27,28,1,2013-14
201946,Tyler Hansbrough,Tyler,1610612761,TOR,28.0,64,38,26,0.594,978.03,93,196,0.474,0,2,0.0,126,185,0.681,120,167,287,17,47,28,19,17,132,155,312,-5,775.9,1,0,710.0,774.0,51,35,52,35,61,70,68,71,33,42,33,29,30,63,41,64,58,84,66,49,85,49,59,32,63,49,66,63,3,67,67,1,2013-14
203092,Tyler Zeller,Tyler,1610612739,CLE,24.0,70,27,43,0.386,1049.4083333333333,156,290,0.538,0,1,0.0,87,121,0.719,103,179,282,36,60,18,38,29,137,103,399,-5,899.4,3,0,829.0,921.0,38,50,98,76,58,53,57,31,33,48,33,49,51,49,51,58,59,60,57,65,57,72,64,53,53,49,58,49,3,55,56,1,2013-14
2199,Tyson Chandler,Tyson,1610612752,NYK,31.0,55,24,31,0.436,1661.9133333333334,191,322,0.593,0,1,0.0,98,155,0.632,159,370,529,59,71,36,63,19,145,152,480,15,1429.3,16,0,1266.0,1424.0,63,60,66,68,33,47,51,12,33,48,33,42,35,75,29,25,28,44,47,35,29,55,65,33,49,39,37,22,3,37,37,1,2013-14
203139,Viacheslav Kravtsov,Viacheslav,1610612756,PHX,26.0,20,13,7,0.65,59.46666666666667,8,15,0.533,0,0,0.0,4,8,0.5,9,8,17,1,6,0,1,3,7,4,20,-45,38.9,0,0,40.0,42.0,103,86,12,27,110,108,108,35,33,72,33,104,102,96,106,109,108,107,105,109,108,13,5,110,108,75,110,75,3,109,109,1,2013-14
203543,Vitor Faverani,Vitor,1610612738,BOS,26.0,37,13,24,0.351,487.615,64,147,0.435,12,40,0.3,24,37,0.649,42,86,128,16,41,14,27,15,74,32,164,-97,423.6,1,0,402.0,447.0,85,86,48,87,84,83,79,99,14,14,17,82,82,69,84,85,84,86,70,71,75,44,34,87,81,88,83,63,3,83,83,1,2013-14
2585,Zaza Pachulia,Zaza,1610612749,MIL,30.0,53,10,43,0.189,1324.575,149,349,0.427,0,1,0.0,110,130,0.846,141,192,333,136,92,45,14,36,124,134,408,-181,1096.6,4,0,995.0,1190.0,67,97,98,107,46,54,48,103,33,48,33,36,48,7,33,53,48,12,32,24,89,87,53,42,51,105,48,44,3,49,48,1,2013-14
203940,Adreian Payne,Adreian,1610612750,MIN,24.0,32,7,25,0.219,739.6383333333333,91,220,0.414,1,9,0.111,30,46,0.652,48,114,162,30,44,19,9,10,88,43,213,-244,492.4,3,0,462.0,519.0,87,101,49,103,77,74,70,102,29,26,39,78,77,66,78,77,80,73,67,63,94,33,39,80,77,105,83,48,4,81,81,2,2014-15
201143,Al Horford,Al,1610612737,ATL,29.0,76,56,20,0.737,2318.1666666666665,519,965,0.538,11,36,0.306,107,141,0.759,131,413,544,244,100,68,98,37,121,126,1156,287,2572.8,14,1,2287.0,2686.0,17,3,36,7,8,5,8,36,14,13,22,36,40,39,36,17,22,3,28,10,18,81,51,42,8,4,8,25,2,8,8,1,2014-15
2744,Al Jefferson,Al,1610612766,CHA,30.0,65,25,40,0.385,1991.7733333333333,486,1010,0.481,2,5,0.4,108,165,0.655,99,449,548,113,68,47,84,53,139,137,1082,-116,2234.1,22,0,2007.0,2249.0,51,60,93,81,22,9,6,69,24,34,7,34,35,64,54,14,21,17,50,20,23,99,61,39,11,96,14,12,4,15,14,1,2014-15
203945,Alex Kirk,Alex,1610612739,CLE,23.0,5,2,3,0.4,13.985,1,4,0.25,0,0,0.0,2,2,1.0,1,0,1,1,0,0,0,0,1,1,4,-14,6.7,0,0,6.0,7.0,110,108,3,76,112,111,111,110,42,68,42,106,109,1,111,113,111,109,111,111,108,1,3,111,111,58,112,77,4,111,112,1,2014-15
203458,Alex Len,Alex,1610612756,PHX,22.0,69,35,34,0.507,1518.0,179,353,0.507,1,3,0.333,73,104,0.702,142,312,454,32,74,34,105,31,213,101,432,-25,1367.8,10,0,1197.0,1367.0,40,38,80,54,37,50,51,55,29,42,15,54,53,54,31,32,32,70,46,37,15,74,104,55,49,64,40,30,4,43,43,1,2014-15
201582,Alexis Ajinca,Alexis,1610612740,NOP,27.0,68,41,27,0.603,956.5366666666666,181,329,0.55,0,0,0.0,81,99,0.818,104,211,315,47,69,21,51,18,151,91,443,-12,1038.5,5,0,949.0,1068.0,43,25,55,38,65,49,53,29,42,68,42,50,58,16,51,55,55,55,48,61,41,50,73,59,48,57,53,39,4,54,54,1,2014-15
2405,Amar'e Stoudemire,Amar'e,1610612742,DAL,32.0,59,19,40,0.322,1244.375,273,490,0.557,0,4,0.0,134,186,0.72,110,219,329,45,78,29,38,44,161,189,680,-54,1265.3,4,0,1188.0,1300.0,62,69,93,91,45,29,32,24,42,37,42,25,27,46,45,53,48,58,44,48,55,91,78,23,31,75,45,43,4,44,46,2,2014-15
2760,Anderson Varejao,Anderson,1610612739,CLE,32.0,26,16,10,0.615,635.6016666666667,111,200,0.555,0,2,0.0,33,45,0.733,57,113,170,35,35,19,16,16,58,48,255,5,581.5,2,0,530.0,600.0,94,80,16,34,79,69,73,25,42,47,42,74,79,45,73,78,76,66,77,63,82,44,28,79,73,44,77,55,4,76,77,1,2014-15
203083,Andre Drummond,Andre,1610612765,DET,21.0,82,32,50,0.39,2501.858333333333,494,961,0.514,0,2,0.0,142,365,0.389,437,667,1104,55,120,73,153,58,285,274,1130,-57,3095.3,48,0,2741.0,3022.0,1,47,106,78,5,8,9,47,42,47,42,23,6,106,1,3,2,45,14,7,4,105,113,7,9,78,4,2,4,6,6,1,2014-15
200745,Andrea Bargnani,Andrea,1610612752,NYK,29.0,29,5,24,0.172,785.3416666666667,164,361,0.454,15,41,0.366,87,107,0.813,32,95,127,46,42,2,27,7,53,102,430,-270,696.4,2,0,676.0,736.0,90,104,47,107,75,54,48,87,10,12,10,48,52,18,86,81,83,57,68,99,65,23,24,54,50,106,74,55,4,70,69,1,2014-15
101106,Andrew Bogut,Andrew,1610612744,GSW,30.0,67,58,9,0.866,1582.5333333333333,200,355,0.563,0,0,0.0,22,42,0.524,141,402,543,180,106,39,113,19,188,75,422,537,1693.6,6,0,1449.0,1781.0,46,2,14,1,35,44,50,21,42,68,42,84,82,91,33,18,23,7,22,29,13,52,88,64,54,2,28,35,4,32,24,1,2014-15
203076,Anthony Davis,Anthony,1610612740,NOP,22.0,68,39,29,0.574,2454.695,642,1199,0.535,1,12,0.083,371,461,0.805,173,523,696,149,95,100,200,57,141,377,1656,268,3519.7,42,0,3102.0,3550.0,43,28,62,43,6,1,2,38,29,23,41,2,3,20,24,8,11,9,35,2,1,103,65,4,1,5,1,6,4,1,1,1,2014-15
202620,Arinze Onuaku,Arinze,1610612750,MIN,27.0,6,0,6,0.0,68.25833333333334,12,14,0.857,0,0,0.0,3,8,0.375,7,14,21,4,2,1,3,1,6,4,27,-18,68.2,0,0,60.0,68.0,108,110,9,110,106,102,105,1,42,68,42,105,102,107,104,103,104,98,108,107,101,7,4,104,103,59,104,77,4,104,104,1,2014-15
203382,Aron Baynes,Aron,1610612759,SAS,28.0,70,49,21,0.7,1122.34,185,327,0.566,1,4,0.25,90,104,0.865,109,209,318,35,65,16,22,34,162,114,461,136,944.1,5,0,891.0,963.0,37,11,38,13,58,47,55,20,29,37,28,45,53,7,47,57,54,66,51,74,73,79,79,46,47,21,61,39,4,56,60,1,2014-15
203108,Bernard James,Bernard,1610612742,DAL,30.0,16,6,10,0.375,157.65333333333334,12,27,0.444,0,0,0.0,20,23,0.87,18,21,39,4,6,2,15,8,17,14,44,-9,141.8,0,0,121.0,142.0,103,102,16,82,97,102,103,94,42,68,42,89,93,6,94,100,97,98,102,99,84,27,13,97,99,55,96,77,4,97,96,1,2014-15
202687,Bismack Biyombo,Bismack,1610612766,CHA,22.0,64,26,38,0.406,1243.1016666666667,101,186,0.543,0,0,0.0,102,175,0.583,159,248,407,16,52,18,99,26,140,140,304,-31,1115.4,6,0,961.0,1094.0,52,57,88,75,46,72,74,35,42,68,42,40,30,80,25,45,37,83,59,67,17,61,62,37,66,68,50,35,4,52,52,1,2014-15
2564,Boris Diaw,Boris,1610612759,SAS,33.0,81,55,26,0.679,1984.3,291,632,0.46,54,169,0.32,72,93,0.774,78,270,348,233,126,36,23,26,148,109,708,291,1526.1,1,0,1461.0,1699.0,10,5,51,18,23,26,21,82,4,4,19,55,61,34,66,37,45,4,9,33,71,61,70,50,28,3,34,65,4,31,29,1,2014-15
101138,Brandon Bass,Brandon,1610612738,BOS,30.0,82,40,42,0.488,1928.67,344,683,0.504,9,32,0.281,169,214,0.79,139,259,398,104,83,41,32,56,140,155,866,-177,1635.6,5,0,1523.0,1691.0,1,26,96,56,25,17,17,58,16,14,24,14,22,25,34,42,38,21,41,24,61,101,62,31,16,102,30,39,4,29,31,1,2014-15
2217,Brendan Haywood,Brendan,1610612739,CLE,35.0,22,14,8,0.636,119.03,14,30,0.467,0,0,0.0,7,13,0.538,6,23,29,2,10,2,10,3,17,10,35,-50,98.8,0,0,90.0,104.0,98,85,13,30,101,99,100,79,42,68,42,98,99,87,107,99,101,105,96,99,92,12,13,101,100,74,101,77,4,100,100,1,2014-15
201572,Brook Lopez,Brook,1610612751,BKN,27.0,72,34,38,0.472,2100.275,506,987,0.513,1,10,0.1,223,274,0.814,214,321,535,50,104,43,126,49,206,236,1236,-104,2356.0,17,0,2160.0,2378.0,34,40,88,59,16,6,7,50,29,25,40,6,10,17,14,29,25,51,26,22,9,95,99,11,6,94,11,22,4,10,13,1,2014-15
203946,Cameron Bairstow,Cameron,1610612741,CHI,24.0,18,12,6,0.667,63.531666666666666,3,14,0.214,0,0,0.0,4,5,0.8,6,2,8,1,3,2,1,2,8,3,10,-20,27.1,0,0,25.0,29.0,101,91,9,22,108,108,105,112,42,68,42,101,104,22,107,110,109,109,107,99,104,10,7,105,108,60,108,77,4,108,108,1,2014-15
2365,Chris Andersen,Chris,1610612748,MIA,36.0,60,27,33,0.45,1131.71,120,207,0.58,4,13,0.308,76,114,0.667,76,223,299,43,40,26,61,21,88,106,320,-1,964.3,1,0,840.0,966.0,61,54,73,67,57,65,72,12,19,22,21,53,51,61,68,52,60,59,71,56,31,56,39,52,63,49,58,65,4,60,59,1,2014-15
2547,Chris Bosh,Chris,1610612748,MIA,31.0,44,19,25,0.432,1555.965,343,745,0.46,63,168,0.375,179,232,0.772,46,264,310,95,95,41,25,30,69,152,928,-99,1545.5,7,0,1528.0,1626.0,78,69,49,72,36,18,14,83,1,5,8,12,17,38,80,39,58,25,35,24,67,70,34,33,15,92,31,33,4,28,32,1,2014-15
2549,Chris Kaman,Chris,1610612757,POR,33.0,74,47,27,0.635,1398.1716666666666,283,549,0.515,0,0,0.0,72,102,0.706,149,335,484,65,108,18,54,35,140,94,638,-7,1424.3,4,0,1331.0,1468.0,24,17,55,31,42,27,26,46,42,68,42,55,56,51,28,27,29,39,20,67,34,80,62,56,35,53,36,43,4,37,38,1,2014-15
101236,Chuck Hayes,Chuck,1610612761,TOR,32.0,29,17,12,0.586,255.35166666666666,22,46,0.478,0,0,0.0,6,11,0.545,18,33,51,20,8,10,4,7,37,12,50,38,175.2,0,0,149.0,183.0,90,75,22,40,95,96,96,71,42,68,42,99,101,86,94,96,96,82,97,82,100,23,20,99,98,31,95,77,4,95,95,1,2014-15
203991,Clint Capela,Clint,1610612745,HOU,21.0,12,8,4,0.667,89.63833333333334,14,29,0.483,0,0,0.0,4,23,0.174,10,26,36,2,5,1,9,4,14,13,32,8,103.2,0,0,90.0,102.0,106,99,6,22,103,99,102,68,42,68,42,101,93,111,101,98,99,105,103,107,94,15,10,98,101,43,100,77,4,100,101,1,2014-15
203469,Cody Zeller,Cody,1610612766,CHA,22.0,62,27,35,0.435,1486.685,172,373,0.461,1,1,1.0,127,164,0.774,97,265,362,100,62,34,49,43,156,147,472,16,1243.4,2,0,1101.0,1283.0,57,54,83,71,38,51,47,81,29,59,1,27,36,33,56,38,42,23,52,37,43,89,75,34,45,36,46,55,4,47,47,1,2014-15
202332,Cole Aldrich,Cole,1610612752,NYK,26.0,61,11,50,0.18,976.2983333333333,144,301,0.478,0,0,0.0,50,64,0.781,101,237,338,75,59,37,65,15,122,64,338,-273,1103.1,6,0,955.0,1132.0,59,94,106,106,64,58,60,70,42,68,42,64,69,32,53,47,47,33,55,32,28,41,53,68,60,107,51,35,4,53,51,1,2014-15
101135,David Lee,David,1610612744,GSW,32.0,49,37,12,0.755,904.3733333333333,160,313,0.511,0,2,0.0,68,104,0.654,81,176,257,85,49,31,26,21,83,71,388,25,945.9,1,0,844.0,986.0,70,35,22,6,68,56,56,51,42,47,42,57,53,65,65,66,67,27,62,44,66,56,38,66,56,32,60,65,4,59,57,1,2014-15
201599,DeAndre Jordan,DeAndre,1610612746,LAC,26.0,82,56,26,0.683,2820.0416666666665,379,534,0.71,1,4,0.25,187,471,0.397,397,829,1226,61,109,81,183,16,245,378,946,622,3191.7,47,0,2762.0,3086.0,1,3,51,16,1,13,27,3,29,37,28,9,2,105,2,1,1,40,18,4,3,44,112,3,14,1,3,3,4,4,5,1,2014-15
201971,DeJuan Blair,DeJuan,1610612764,WAS,26.0,29,15,14,0.517,180.36833333333334,26,57,0.456,0,0,0.0,4,6,0.667,16,40,56,3,13,7,1,7,41,8,56,-61,138.7,0,0,131.0,142.0,90,83,25,52,96,95,94,86,42,68,42,101,103,61,97,95,95,101,91,90,104,23,21,102,97,82,97,77,4,96,96,1,2014-15
202326,DeMarcus Cousins,DeMarcus,1610612758,SAC,24.0,59,23,36,0.39,2013.1816666666666,498,1066,0.467,2,8,0.25,423,541,0.782,185,562,747,210,254,90,103,109,241,517,1421,59,2957.4,47,2,2766.0,3167.0,62,65,85,79,21,7,5,78,24,27,28,1,1,31,19,6,8,5,1,3,16,113,111,1,4,27,6,3,1,3,4,1,2014-15
203473,Dewayne Dedmon,Dewayne,1610612753,ORL,25.0,59,17,42,0.288,845.0616666666666,91,162,0.562,0,1,0.0,34,64,0.531,118,177,295,9,51,16,50,19,141,53,216,-23,730.5,2,0,652.0,727.0,62,75,96,95,72,74,78,22,42,59,42,72,69,89,42,65,62,90,60,74,42,52,65,75,76,61,69,55,4,71,70,1,2014-15
202700,Donatas Motiejunas,Donatas,1610612745,HOU,24.0,71,48,23,0.676,2036.9683333333332,353,700,0.504,49,133,0.368,100,166,0.602,137,284,421,130,123,56,34,42,203,226,855,100,1702.2,7,0,1635.0,1806.0,36,14,44,21,20,16,16,57,6,6,9,41,34,79,35,36,36,14,12,15,58,88,95,16,17,22,26,33,4,23,23,1,2014-15
204079,Drew Gordon,Drew,1610612755,PHI,24.0,9,0,9,0.0,71.185,8,19,0.421,0,3,0.0,1,2,0.5,7,11,18,2,8,1,0,1,7,7,17,-34,36.6,0,0,39.0,42.0,107,110,14,110,105,105,104,101,42,42,42,110,109,96,104,105,105,105,97,107,108,7,6,103,106,69,106,77,4,106,106,1,2014-15
2730,Dwight Howard,Dwight,1610612745,HOU,29.0,41,29,12,0.707,1222.7733333333333,251,423,0.593,1,2,0.5,143,271,0.528,110,321,431,50,115,28,53,37,137,230,646,216,1366.2,23,0,1290.0,1420.0,81,51,22,11,49,34,41,10,29,47,2,22,12,90,45,29,34,51,16,51,37,81,60,15,34,14,41,11,4,39,40,1,2014-15
2853,Earl Barron,Earl,1610612756,PHX,33.0,16,5,11,0.313,142.83833333333334,12,39,0.308,2,4,0.5,6,12,0.5,14,14,28,5,5,4,2,2,26,11,32,-57,86.1,0,0,79.0,88.0,103,104,19,92,98,102,98,109,24,37,2,99,100,96,99,103,103,96,103,96,102,10,17,100,101,78,103,77,4,103,103,1,2014-15
1882,Elton Brand,Elton,1610612737,ATL,36.0,36,25,11,0.694,485.67333333333335,42,95,0.442,0,1,0.0,12,23,0.522,28,72,100,22,18,17,25,4,54,36,96,3,357.0,0,0,302.0,366.0,86,60,19,15,86,88,85,95,42,59,42,97,93,92,90,86,89,80,88,72,67,15,26,84,90,46,87,77,4,88,87,1,2014-15
202683,Enes Freedom,Enes,1610612760,OKC,23.0,75,32,43,0.427,2135.64,482,928,0.519,16,45,0.356,183,234,0.782,277,394,671,55,145,36,29,76,189,196,1163,-34,2100.7,31,0,2035.0,2139.0,21,47,100,73,15,10,10,44,9,9,13,11,16,30,4,19,13,45,7,33,64,110,90,21,7,69,18,8,4,13,17,2,2014-15
203105,Festus Ezeli,Festus,1610612744,GSW,25.0,46,39,7,0.848,503.625,76,139,0.547,0,0,0.0,49,78,0.628,60,95,155,9,32,7,42,17,77,62,201,14,515.5,0,0,463.0,521.0,76,28,11,2,84,81,82,33,42,68,42,65,67,73,71,81,81,90,78,90,48,48,37,69,78,40,80,77,4,80,80,1,2014-15
203128,Furkan Aldemir,Furkan,1610612755,PHI,23.0,41,9,32,0.22,540.4933333333333,40,78,0.513,0,5,0.0,13,27,0.481,78,98,176,28,17,17,16,10,96,37,93,-102,428.2,1,0,363.0,424.0,81,95,70,101,83,90,91,49,42,34,42,96,90,103,66,80,75,75,90,72,82,33,43,81,91,93,85,65,4,85,85,1,2014-15
201175,Glen Davis,Glen,1610612746,LAC,29.0,74,52,22,0.703,904.0383333333333,117,255,0.459,0,4,0.0,60,95,0.632,43,126,169,39,39,41,21,28,132,81,294,-81,702.3,0,0,626.0,727.0,24,9,42,12,69,67,64,85,42,37,42,59,60,72,83,75,77,61,73,24,75,67,56,61,67,89,73,77,4,73,70,1,2014-15
203476,Gorgui Dieng,Gorgui,1610612750,MIN,25.0,73,16,57,0.219,2193.028333333333,259,512,0.506,1,6,0.167,191,244,0.783,223,386,609,146,126,71,126,61,188,199,710,-383,2124.8,18,0,1860.0,2202.0,28,80,110,102,12,31,30,56,29,30,35,8,15,28,10,21,18,11,9,8,9,107,88,20,27,110,17,18,4,18,15,1,2014-15
202328,Greg Monroe,Greg,1610612765,DET,25.0,69,25,44,0.362,2137.1966666666667,423,853,0.496,0,0,0.0,252,336,0.75,229,475,704,142,149,78,34,85,148,276,1098,-24,2342.8,35,0,2168.0,2422.0,40,60,101,85,14,12,11,62,42,68,42,5,7,41,9,13,10,12,4,6,58,111,70,6,10,62,13,7,4,9,11,1,2014-15
202962,Greg Smith,Greg,1610612742,DAL,24.0,42,27,15,0.643,362.805,30,49,0.612,0,0,0.0,20,39,0.513,26,53,79,9,11,7,11,9,53,26,80,-25,231.3,0,0,204.0,231.0,80,54,29,29,91,94,95,8,42,68,42,89,83,93,92,90,91,90,94,90,91,30,24,91,94,64,94,77,4,94,94,1,2014-15
201880,Greg Stiemsma,Greg,1610612761,TOR,29.0,17,13,4,0.765,65.60166666666667,6,8,0.75,0,0,0.0,2,4,0.5,9,6,15,3,7,2,0,0,15,3,14,-27,35.5,0,0,36.0,41.0,102,87,6,5,107,107,108,2,42,68,42,106,105,96,103,108,107,101,99,99,108,1,11,105,107,66,107,77,4,107,107,1,2014-15
202355,Hassan Whiteside,Hassan,1610612748,MIA,26.0,48,18,30,0.375,1142.2066666666667,243,387,0.628,0,0,0.0,78,156,0.5,145,337,482,6,58,27,123,30,129,146,564,-57,1543.4,22,1,1352.0,1508.0,72,73,65,82,55,36,45,7,42,68,42,51,38,96,30,25,30,93,57,54,12,70,55,35,39,78,32,12,2,35,35,1,2014-15
203156,Henry Sims,Henry,1610612755,PHI,25.0,73,14,59,0.192,1398.6116666666667,238,502,0.474,4,22,0.182,106,137,0.774,121,238,359,79,99,39,30,30,135,112,586,-327,1243.3,4,0,1166.0,1310.0,28,85,112,105,41,38,31,75,19,17,33,37,42,35,40,46,43,30,30,29,62,70,58,48,37,109,47,43,4,46,45,1,2014-15
101133,Ian Mahinmi,Ian,1610612754,IND,28.0,61,28,33,0.459,1145.8516666666667,117,212,0.552,0,0,0.0,31,102,0.304,105,251,356,33,59,30,46,16,172,107,265,-6,910.7,2,0,806.0,915.0,59,53,73,66,54,67,71,27,42,68,42,76,56,109,50,44,44,69,55,46,45,44,84,51,71,51,63,55,4,63,63,1,2014-15
201581,JJ Hickson,JJ,1610612743,DEN,26.0,73,26,47,0.356,1411.2733333333333,218,459,0.475,0,2,0.0,116,201,0.577,150,302,452,57,96,36,35,56,136,138,552,-232,1296.9,9,0,1203.0,1331.0,28,57,104,86,40,41,35,74,42,47,42,33,26,82,27,35,33,44,34,33,57,101,59,38,41,104,44,32,4,42,44,1,2014-15
201580,JaVale McGee,JaVale,1610612743,DEN,27.0,23,8,15,0.348,256.02166666666665,42,79,0.532,0,0,0.0,22,33,0.667,18,43,61,3,18,2,20,9,30,29,106,-70,231.7,0,0,214.0,239.0,96,99,29,87,94,88,90,41,42,68,42,84,86,61,94,93,94,101,88,99,77,30,19,89,88,85,93,77,4,93,93,2,2014-15
203950,Jarnell Stokes,Jarnell,1610612763,MEM,21.0,19,12,7,0.632,126.14166666666667,21,37,0.568,0,0,0.0,15,28,0.536,16,18,34,4,7,5,5,6,25,22,57,16,126.8,0,0,115.0,129.0,100,91,11,32,100,97,99,17,42,68,42,93,88,88,97,102,100,98,99,94,97,19,16,93,95,36,98,77,4,98,98,1,2014-15
201160,Jason Smith,Jason,1610612752,NYK,29.0,82,17,65,0.207,1784.8666666666666,257,592,0.434,15,42,0.357,127,153,0.83,98,226,324,140,104,32,44,33,205,153,656,-424,1378.8,3,0,1287.0,1488.0,1,75,113,104,28,33,24,97,10,11,12,27,39,12,55,50,50,13,26,43,46,77,97,32,32,112,38,48,4,40,36,1,2014-15
201965,Jeff Ayres,Jeff,1610612759,SAS,28.0,51,33,18,0.647,382.77,55,95,0.579,0,0,0.0,27,36,0.75,37,80,117,14,26,8,8,3,60,32,137,-54,320.4,0,0,300.0,330.0,68,46,34,26,90,85,85,13,42,68,42,81,85,41,84,84,85,85,80,87,96,12,31,86,85,75,90,77,4,90,90,1,2014-15
203481,Jeff Withey,Jeff,1610612740,NOP,25.0,37,17,20,0.459,258.585,32,64,0.5,0,0,0.0,34,50,0.68,23,41,64,11,12,4,18,15,26,37,98,-42,245.3,0,0,217.0,250.0,85,75,36,65,93,93,92,59,42,68,42,72,73,59,93,94,93,89,92,96,80,41,17,81,89,72,91,77,4,92,91,1,2014-15
202366,Jerome Jordan,Jerome,1610612751,BKN,28.0,44,17,27,0.386,383.00666666666666,50,94,0.532,0,0,0.0,38,44,0.864,52,53,105,13,22,8,15,15,58,31,138,-76,330.5,1,0,302.0,338.0,78,75,55,80,89,87,87,40,42,68,42,70,81,8,76,90,87,87,84,87,84,41,28,87,84,86,89,65,4,88,89,1,2014-15
201149,Joakim Noah,Joakim,1610612741,CHI,30.0,67,39,28,0.582,2048.645,190,427,0.445,0,2,0.0,105,174,0.603,219,427,646,312,123,48,74,44,203,170,485,78,1971.2,15,0,1687.0,2121.0,46,28,60,41,18,46,39,93,42,47,42,38,32,78,12,15,15,1,12,19,25,91,95,27,44,25,19,23,4,21,18,1,2014-15
201202,Joel Anthony,Joel,1610612765,DET,32.0,49,25,24,0.51,406.44,36,62,0.581,0,0,0.0,15,22,0.682,32,61,93,5,12,12,49,4,55,17,87,12,377.1,0,0,307.0,373.0,70,60,47,53,88,91,93,11,42,68,42,93,97,58,86,89,90,96,92,81,43,15,27,95,93,41,86,77,4,86,86,1,2014-15
200777,Joel Freeland,Joel,1610612757,POR,28.0,48,34,14,0.708,616.655,74,151,0.49,0,0,0.0,21,25,0.84,62,129,191,16,23,9,23,6,93,36,169,62,495.2,1,0,440.0,488.0,72,40,25,10,80,82,79,67,42,68,42,88,91,10,70,74,73,83,83,86,71,19,42,84,83,26,82,65,4,82,83,1,2014-15
201595,Joey Dorsey,Joey,1610612745,HOU,31.0,69,48,21,0.696,854.33,80,145,0.552,0,1,0.0,24,83,0.289,103,176,279,25,41,40,25,25,157,61,184,15,710.3,0,0,618.0,708.0,40,14,38,14,70,80,81,28,42,59,42,82,63,110,52,66,64,77,70,28,67,59,76,70,81,39,70,77,4,74,74,1,2014-15
203530,Joffrey Lauvergne,Joffrey,1610612743,DEN,23.0,24,9,15,0.375,267.9533333333333,36,89,0.404,3,16,0.188,18,28,0.643,27,50,77,13,22,8,10,14,43,22,93,-112,236.9,0,0,222.0,250.0,95,95,29,82,92,91,88,105,21,21,32,91,88,69,91,92,92,87,84,87,92,39,22,93,91,95,92,77,4,91,91,1,2014-15
203089,John Henson,John,1610612749,MIL,24.0,67,35,32,0.522,1228.465,196,346,0.566,0,0,0.0,78,137,0.569,124,188,312,59,87,28,135,19,152,114,470,-76,1334.9,2,0,1167.0,1389.0,46,38,70,51,48,45,52,18,42,68,42,51,42,84,38,64,56,41,39,51,7,52,74,46,46,86,43,55,4,45,41,1,2014-15
202685,Jonas Valanciunas,Jonas,1610612761,TOR,23.0,80,47,33,0.588,2095.9133333333334,373,652,0.572,0,1,0.0,217,276,0.786,215,478,693,39,109,33,95,63,222,235,963,-27,2128.1,22,0,1951.0,2118.0,14,17,73,39,17,14,19,16,42,59,42,7,9,27,13,12,12,61,18,41,20,109,108,12,13,66,16,12,4,17,19,1,2014-15
201941,Jordan Hill,Jordan,1610612747,LAL,27.0,70,19,51,0.271,1874.29,357,777,0.459,3,11,0.273,124,168,0.738,174,382,556,103,106,34,52,30,164,130,841,-398,1814.7,22,0,1675.0,1861.0,37,69,108,99,27,15,12,84,21,24,27,30,33,44,23,24,20,22,22,37,39,70,81,41,18,111,22,12,4,22,22,1,2014-15
203120,Justin Hamilton,Justin,1610612750,MIN,25.0,41,6,35,0.146,712.5566666666666,85,178,0.478,10,31,0.323,39,47,0.83,57,77,134,36,26,27,30,11,70,57,219,-175,578.8,2,0,513.0,596.0,81,102,83,109,78,78,75,72,15,15,18,69,75,13,73,85,82,65,80,54,62,36,35,72,75,100,78,55,4,79,78,2,2014-15
203994,Jusuf Nurkić,Jusuf,1610612743,DEN,20.0,62,21,41,0.339,1103.2583333333334,171,383,0.446,0,2,0.0,84,132,0.636,125,257,382,50,86,52,68,38,207,119,426,-6,1233.4,4,0,1098.0,1268.0,57,66,95,89,59,52,46,92,42,47,42,49,45,71,37,43,40,51,40,17,26,83,100,45,52,51,48,43,4,48,48,1,2014-15
203482,Kelly Olynyk,Kelly,1610612738,BOS,24.0,64,31,33,0.484,1423.4466666666667,251,528,0.475,61,175,0.349,93,136,0.684,92,211,303,109,98,64,39,31,213,142,656,228,1394.1,3,0,1335.0,1486.0,52,50,73,58,39,34,29,73,2,2,14,44,44,57,58,55,59,19,32,13,52,74,104,36,32,11,37,48,4,36,37,1,2014-15
2570,Kendrick Perkins,Kendrick,1610612739,CLE,30.0,68,38,30,0.559,1148.2933333333333,102,227,0.449,0,1,0.0,42,83,0.506,91,229,320,51,95,16,42,27,162,80,246,21,785.5,0,0,733.0,842.0,43,31,65,48,53,71,69,90,42,59,42,68,63,94,59,48,52,50,35,74,48,64,79,62,74,33,65,77,4,65,65,2,2014-15
708,Kevin Garnett,Kevin,1610612750,MIN,39.0,47,20,27,0.426,952.4616666666667,143,306,0.467,1,7,0.143,36,45,0.8,48,263,311,77,46,46,17,5,109,59,323,-24,954.7,3,0,838.0,977.0,74,68,55,74,66,59,57,77,29,28,37,71,79,22,78,40,57,32,65,21,81,18,47,71,62,62,59,48,4,61,58,2,2014-15
202338,Kevin Seraphin,Kevin,1610612764,WAS,25.0,79,45,34,0.57,1235.1366666666668,231,450,0.513,0,2,0.0,58,82,0.707,87,201,288,59,98,10,59,18,197,87,520,-159,1063.1,1,0,1005.0,1133.0,15,22,80,44,47,40,36,48,42,47,42,61,65,50,63,62,63,41,32,82,33,50,94,60,43,99,52,65,4,50,50,1,2014-15
201585,Kosta Koufos,Kosta,1610612763,MEM,26.0,81,55,26,0.679,1348.2466666666667,182,358,0.508,0,0,0.0,55,85,0.647,121,305,426,37,69,29,63,22,148,92,419,99,1192.7,0,0,1066.0,1195.0,10,5,51,18,43,48,49,54,42,68,42,62,62,67,40,33,35,64,48,48,29,58,70,57,55,23,49,77,4,49,49,1,2014-15
203124,Kyle O'Quinn,Kyle,1610612753,ORL,25.0,51,15,36,0.294,823.9066666666666,119,242,0.492,12,43,0.279,44,57,0.772,46,153,199,59,55,31,39,11,110,52,294,-123,776.3,3,0,704.0,821.0,68,83,85,93,73,66,67,66,12,10,25,66,71,36,80,70,72,41,58,44,52,36,48,76,67,98,66,48,4,68,66,1,2014-15
202336,Larry Sanders,Larry,1610612749,MIL,26.0,27,12,15,0.444,585.5616666666666,86,172,0.5,0,0,0.0,24,48,0.5,67,99,166,23,28,26,39,17,104,37,196,-90,596.7,0,0,515.0,603.0,93,91,29,70,81,76,76,59,42,68,42,82,74,96,69,79,79,79,79,56,52,48,46,81,80,90,76,77,4,78,76,1,2014-15
202730,Lavoy Allen,Lavoy,1610612754,IND,26.0,63,29,34,0.46,1070.0483333333334,141,299,0.472,0,0,0.0,33,47,0.702,123,200,323,73,40,15,42,10,102,51,315,88,943.1,4,0,825.0,955.0,54,51,80,64,60,60,61,76,42,68,42,74,75,53,39,63,51,35,71,79,48,33,44,77,64,24,62,43,4,62,62,1,2014-15
203512,Lucas Nogueira,Lucas,1610612761,TOR,22.0,6,3,3,0.5,23.05,2,8,0.25,0,0,0.0,2,4,0.5,2,9,11,1,2,2,0,0,6,2,6,-11,24.7,0,0,22.0,25.0,108,107,3,55,109,110,108,110,42,68,42,106,105,96,109,107,108,109,108,99,108,1,4,108,110,56,109,77,4,109,109,1,2014-15
201188,Marc Gasol,Marc,1610612763,MEM,30.0,81,55,26,0.679,2687.03,530,1072,0.494,3,17,0.176,350,440,0.795,115,515,630,307,176,70,131,51,208,404,1413,225,3056.5,20,0,2755.0,3260.0,10,5,51,18,2,4,4,63,21,20,34,3,4,24,43,9,16,2,2,9,8,97,102,2,5,12,5,17,4,5,3,1,2014-15
101162,Marcin Gortat,Marcin,1610612764,WAS,31.0,82,46,36,0.561,2452.7166666666667,439,775,0.566,0,3,0.0,123,175,0.703,180,537,717,97,100,49,110,50,191,166,1001,256,2383.9,22,0,2133.0,2389.0,1,20,85,47,7,11,13,19,42,42,42,31,30,52,21,7,9,24,28,18,14,96,93,28,12,8,10,12,4,11,12,1,2014-15
201578,Marreese Speights,Marreese,1610612744,GSW,27.0,76,62,14,0.816,1206.9533333333334,318,646,0.492,5,18,0.278,150,178,0.843,109,216,325,72,82,20,34,25,189,166,791,180,1369.0,1,0,1301.0,1422.0,17,1,25,3,50,20,20,65,18,19,26,21,29,9,47,54,49,36,43,62,58,59,90,28,21,17,39,65,4,38,39,1,2014-15
203486,Mason Plumlee,Mason,1610612751,BKN,25.0,82,38,44,0.463,1742.62,280,489,0.573,0,3,0.0,157,317,0.495,175,337,512,74,106,65,63,59,207,252,717,-180,1720.4,12,0,1559.0,1761.0,1,31,101,62,30,28,33,15,42,42,42,18,8,102,22,25,27,34,22,12,29,106,100,8,26,103,24,28,4,25,26,1,2014-15
2588,Matt Bonner,Matt,1610612759,SAS,35.0,72,49,23,0.681,935.465,94,230,0.409,46,126,0.365,30,37,0.811,29,86,115,47,11,10,12,8,65,24,264,39,527.5,0,0,516.0,539.0,34,11,44,17,67,73,68,104,8,7,11,78,84,19,89,83,86,55,94,82,89,27,32,92,72,30,79,77,4,77,79,1,2014-15
203086,Meyers Leonard,Meyers,1610612757,POR,23.0,55,32,23,0.582,846.585,125,245,0.51,47,112,0.42,30,32,0.938,46,204,250,32,39,10,14,6,113,57,327,19,708.0,3,0,704.0,713.0,66,47,44,42,71,64,66,53,7,8,5,78,87,4,80,59,69,70,73,82,87,19,50,72,61,34,71,48,4,68,72,1,2014-15
203488,Mike Muscala,Mike,1610612737,ATL,23.0,40,26,14,0.65,502.14,83,151,0.55,9,22,0.409,22,25,0.88,52,67,119,25,21,16,19,8,52,31,197,54,461.3,1,0,420.0,471.0,84,57,25,25,85,79,79,30,16,17,6,84,91,5,76,87,84,77,86,74,78,27,23,87,79,28,84,65,4,84,84,1,2014-15
203101,Miles Plumlee,Miles,1610612749,MIL,26.0,73,34,39,0.466,1194.2366666666667,136,254,0.535,0,0,0.0,22,46,0.478,112,208,320,34,51,41,66,20,111,51,294,0,999.0,1,0,862.0,1003.0,28,40,91,60,52,62,65,39,42,68,42,84,77,104,44,58,52,68,60,24,27,55,49,77,67,48,56,65,4,58,56,2,2014-15
203545,Miroslav Raduljica,Miroslav,1610612750,MIN,27.0,5,0,5,0.0,22.75,3,8,0.375,0,0,0.0,2,2,1.0,2,3,5,0,2,1,0,1,8,2,8,-3,15.0,0,0,15.0,16.0,110,110,8,110,110,108,108,107,42,68,42,106,109,1,109,109,110,113,108,107,108,7,7,108,109,50,110,77,4,110,110,1,2014-15
1737,Nazr Mohammed,Nazr,1610612741,CHI,37.0,23,13,10,0.565,128.04333333333332,13,30,0.433,0,0,0.0,1,3,0.333,11,27,38,3,7,4,5,3,16,3,27,10,97.1,0,0,86.0,98.0,96,87,16,46,99,101,100,98,42,68,42,110,108,108,100,97,98,101,99,96,97,12,12,105,103,42,102,77,4,102,102,1,2014-15
2403,Nene,ene,1610612764,WAS,32.0,67,37,30,0.552,1693.4733333333334,307,601,0.511,1,5,0.2,122,202,0.604,84,261,345,123,124,66,22,39,180,223,737,165,1475.5,2,0,1382.0,1592.0,46,35,65,49,33,23,23,52,29,34,31,32,25,77,64,41,46,16,11,11,73,85,87,17,25,18,35,55,4,33,33,1,2014-15
203457,Nerlens Noel,Nerlens,1610612755,PHI,21.0,75,18,57,0.24,2311.2366666666667,302,653,0.462,0,0,0.0,140,230,0.609,185,426,611,128,146,133,142,39,208,223,744,-432,2348.2,18,0,2033.0,2436.0,21,73,110,100,9,24,18,80,42,68,42,24,18,76,19,16,17,15,6,1,6,85,102,17,24,113,12,18,4,14,10,1,2014-15
201593,Nikola Pekovic,Nikola,1610612750,MIN,29.0,31,9,22,0.29,815.0616666666666,139,328,0.424,0,0,0.0,108,129,0.837,89,145,234,27,42,19,12,45,59,105,386,-57,758.3,11,0,709.0,767.0,89,95,42,94,74,61,54,99,42,68,42,34,46,11,61,71,70,76,68,63,89,94,30,53,57,78,67,29,4,67,67,1,2014-15
202696,Nikola Vučević,Nikola,1610612753,ORL,24.0,74,21,53,0.284,2528.6633333333334,631,1206,0.523,2,6,0.333,164,218,0.752,238,572,810,147,148,54,54,43,220,212,1428,-302,2796.5,45,0,2603.0,2856.0,24,66,109,96,4,2,1,42,24,30,15,16,20,40,8,4,5,10,5,16,34,89,107,19,3,108,7,5,4,7,7,1,2014-15
203136,Ognjen Kuzmic,Ognjen,1610612744,GSW,25.0,16,13,3,0.813,71.73666666666666,8,12,0.667,0,0,0.0,4,4,1.0,7,10,17,6,5,2,1,0,13,2,20,-39,53.4,0,0,49.0,58.0,103,87,3,4,104,105,107,4,42,68,42,101,105,1,104,106,106,93,103,99,104,1,9,108,105,71,105,77,4,105,105,1,2014-15
201600,Omer Asik,Omer,1610612740,NOP,28.0,76,43,33,0.566,1981.8083333333334,213,412,0.517,0,0,0.0,131,225,0.582,244,504,748,72,95,29,54,89,144,184,557,19,1716.6,13,0,1543.0,1698.0,17,24,73,45,24,43,43,45,42,68,42,26,19,81,7,11,7,36,35,48,34,112,68,25,40,34,25,27,4,27,30,1,2014-15
2200,Pau Gasol,Pau,1610612741,CHI,34.0,78,48,30,0.615,2680.7433333333333,570,1153,0.494,12,26,0.462,294,366,0.803,220,699,919,210,158,25,147,61,147,324,1446,190,3221.8,54,0,2931.0,3301.0,16,14,65,34,3,3,3,64,12,16,4,4,5,21,11,2,3,5,3,58,5,107,69,5,2,16,2,1,4,2,2,1,2014-15
203544,Pero Antic,Pero,1610612737,ATL,32.0,63,46,17,0.73,1037.2133333333334,108,296,0.365,52,173,0.301,88,123,0.715,58,131,189,49,49,18,14,16,132,123,356,153,703.3,0,0,710.0,739.0,54,20,33,8,62,70,62,108,5,3,23,47,48,49,72,73,74,54,62,67,87,44,56,44,59,19,72,77,4,66,68,1,2014-15
2501,Reggie Evans,Reggie,1610612758,SAC,35.0,47,16,31,0.34,763.8416666666667,58,137,0.423,0,2,0.0,60,97,0.619,97,202,299,32,45,22,5,33,91,79,176,-45,618.8,2,0,561.0,620.0,74,80,69,88,76,83,83,100,42,47,42,59,59,75,56,61,60,70,66,60,97,77,41,63,82,73,75,55,4,75,75,1,2014-15
203135,Robert Sacre,Robert,1610612747,LAL,26.0,67,19,48,0.284,1133.3183333333334,126,306,0.412,0,1,0.0,55,82,0.671,89,144,233,55,36,28,43,13,121,73,307,-67,846.1,0,0,737.0,863.0,46,69,105,97,56,63,57,103,42,59,42,62,65,60,61,72,71,45,76,51,47,38,51,65,65,84,64,77,4,64,64,1,2014-15
201577,Robin Lopez,Robin,1610612757,POR,27.0,59,38,21,0.644,1637.8583333333333,234,437,0.535,0,1,0.0,98,127,0.772,190,204,394,55,73,16,84,31,122,124,566,146,1348.3,6,0,1215.0,1370.0,62,31,38,28,34,39,38,37,42,59,42,42,47,37,18,59,39,45,47,74,23,74,53,43,38,20,42,35,4,41,42,1,2014-15
101142,Ronny Turiaf,Ronny,1610612750,MIN,32.0,2,0,2,0.0,19.366666666666667,0,0,0.0,0,0,0.0,0,0,0.0,0,1,1,2,0,0,0,0,0,0,0,-8,4.2,0,0,3.0,5.0,113,110,1,110,111,113,113,113,42,68,42,112,112,112,112,111,111,105,111,111,108,1,1,112,113,54,113,77,4,113,113,1,2014-15
201579,Roy Hibbert,Roy,1610612754,IND,28.0,76,34,42,0.447,1926.425,317,710,0.446,0,2,0.0,168,204,0.824,156,384,540,84,107,18,125,44,216,246,802,-64,1898.0,18,0,1712.0,1939.0,17,40,96,69,26,21,15,91,42,47,42,15,24,14,26,22,24,28,21,67,11,91,106,9,20,83,20,18,4,19,20,1,2014-15
203497,Rudy Gobert,Rudy,1610612762,UTA,23.0,82,38,44,0.463,2158.425,258,427,0.604,0,2,0.0,170,273,0.623,265,510,775,109,111,64,189,38,175,231,686,5,2427.5,25,0,2076.0,2438.0,1,31,101,62,13,32,39,9,42,47,42,13,11,74,6,10,6,19,17,13,2,83,86,14,30,44,9,10,4,12,9,1,2014-15
200797,Ryan Hollins,Ryan,1610612758,SAC,30.0,46,13,33,0.283,441.0783333333333,53,82,0.646,0,0,0.0,31,54,0.574,36,67,103,14,25,6,19,9,65,56,137,-54,331.6,0,0,304.0,343.0,76,87,73,98,87,86,89,6,42,68,42,76,72,83,85,87,88,85,82,93,78,30,32,74,85,75,88,77,4,87,88,1,2014-15
2223,Samuel Dalembert,Samuel,1610612752,NYK,35.0,32,5,27,0.156,543.5833333333334,57,130,0.438,0,0,0.0,14,20,0.7,53,115,168,29,39,14,41,6,70,28,128,-175,499.1,1,0,435.0,519.0,87,104,55,108,82,84,84,96,42,68,42,95,98,55,75,76,78,74,73,80,51,19,35,90,87,100,81,65,4,83,81,1,2014-15
203963,Shayne Whittington,Shayne,1610612754,IND,24.0,20,9,11,0.45,108.16166666666666,19,42,0.452,1,6,0.167,18,23,0.783,10,19,29,6,5,5,2,7,18,16,57,16,116.8,0,0,107.0,119.0,99,95,19,67,102,98,97,89,29,30,35,91,93,29,101,101,101,93,103,94,102,23,15,96,95,36,99,77,4,99,99,1,2014-15
204021,Sim Bhullar,Sim,1610612758,SAC,22.0,3,1,2,0.333,2.685,1,2,0.5,0,0,0.0,0,0,0.0,0,1,1,1,0,0,1,0,0,0,2,1,7.7,0,0,6.0,8.0,112,109,1,90,113,111,112,59,42,68,42,112,112,112,112,111,111,109,111,111,104,1,1,112,112,47,111,77,4,111,111,1,2014-15
201150,Spencer Hawes,Spencer,1610612746,LAC,27.0,73,52,21,0.712,1274.02,163,415,0.393,55,176,0.313,44,68,0.647,30,228,258,88,61,24,53,26,173,70,425,-92,1036.6,0,0,980.0,1090.0,28,9,38,9,44,55,42,106,3,1,20,66,68,67,88,49,66,26,53,59,37,61,85,67,53,91,54,77,4,51,53,1,2014-15
203500,Steven Adams,Steven,1610612760,OKC,21.0,70,37,33,0.529,1770.55,217,399,0.544,0,2,0.0,103,205,0.502,199,324,523,66,99,38,86,27,222,186,537,46,1536.6,10,0,1374.0,1564.0,37,35,73,50,29,42,44,34,42,47,42,39,23,95,16,28,26,38,30,31,22,64,108,24,42,29,33,30,4,34,34,1,2014-15
204028,Tarik Black,Tarik,1610612747,LAL,23.0,63,25,38,0.397,1195.3133333333333,157,273,0.575,0,1,0.0,65,118,0.551,142,226,368,42,48,19,24,29,158,92,379,-79,964.6,5,0,875.0,960.0,54,60,88,77,51,57,63,14,42,59,42,58,50,85,31,50,41,60,64,63,70,69,77,57,58,88,57,39,4,57,61,2,2014-15
201168,Tiago Splitter,Tiago,1610612759,SAS,30.0,52,34,18,0.654,1029.815,169,303,0.558,0,0,0.0,90,120,0.75,91,161,252,78,60,35,37,27,103,111,428,231,1003.4,1,0,902.0,1052.0,67,40,34,24,63,53,59,23,42,68,42,45,49,41,59,68,68,31,54,36,56,64,45,49,51,9,55,65,4,55,55,1,2014-15
202389,Timofey Mozgov,Timofey,1610612739,CLE,28.0,81,49,32,0.605,2045.53,314,566,0.555,2,6,0.333,155,216,0.718,203,388,591,55,116,33,97,54,227,193,785,260,1850.7,18,0,1693.0,1876.0,10,11,70,37,19,22,25,26,24,30,15,19,21,48,15,20,19,45,15,41,19,100,110,22,22,7,21,18,4,20,21,2,2014-15
202684,Tristan Thompson,Tristan,1610612739,CLE,24.0,82,53,29,0.646,2193.9383333333335,267,488,0.547,0,0,0.0,159,248,0.641,274,383,657,39,83,34,61,51,189,232,693,218,1741.9,14,0,1579.0,1713.0,1,8,62,27,11,30,34,32,42,68,42,17,14,70,5,23,14,61,41,37,31,97,90,13,29,13,23,25,4,24,28,1,2014-15
201946,Tyler Hansbrough,Tyler,1610612761,TOR,29.0,74,45,29,0.608,1057.6,86,165,0.521,1,7,0.143,97,139,0.698,106,159,265,21,20,30,15,14,141,134,270,193,734.5,2,0,647.0,712.0,24,22,62,36,61,76,77,43,29,28,37,43,41,56,49,69,65,81,87,46,84,39,65,40,70,15,68,55,4,72,73,1,2014-15
203092,Tyler Zeller,Tyler,1610612738,BOS,25.0,82,40,42,0.488,1730.775,340,619,0.549,0,0,0.0,153,186,0.823,146,319,465,113,76,18,52,57,205,182,833,-119,1694.5,3,0,1551.0,1734.0,1,26,96,56,31,19,22,31,42,68,42,20,27,15,29,31,31,17,45,67,39,103,97,26,19,97,27,48,4,26,27,1,2014-15
2199,Tyson Chandler,Tyson,1610612742,DAL,32.0,75,47,28,0.627,2285.84,293,440,0.666,0,0,0.0,185,257,0.72,294,570,864,84,105,42,91,28,169,244,771,230,2227.8,31,0,1985.0,2202.0,21,17,60,33,10,25,37,5,42,68,42,10,13,47,3,5,4,28,25,23,21,67,82,10,23,10,15,8,4,16,15,1,2014-15
2585,Zaza Pachulia,Zaza,1610612749,MIL,31.0,73,34,39,0.466,1729.6666666666667,240,529,0.454,0,3,0.0,126,160,0.788,197,303,500,178,133,80,21,40,170,161,606,262,1643.0,15,0,1486.0,1765.0,28,40,91,60,32,37,28,88,42,42,42,29,37,26,17,34,28,8,8,5,75,87,83,30,36,6,29,23,4,30,25,1,2014-15
201143,Al Horford,Al,1610612737,ATL,30.0,82,48,34,0.585,2631.181666666667,529,1048,0.505,88,256,0.344,103,129,0.798,148,448,596,263,107,68,121,34,163,118,1249,231,2818.7,17,0,2574.0,2938.0,1,11,69,27,2,7,6,66,1,1,14,39,43,24,33,16,20,2,23,11,11,75,74,41,6,7,8,23,5,8,6,1,2015-16
2744,Al Jefferson,Al,1610612766,CHA,31.0,47,33,14,0.702,1096.4383333333333,245,505,0.485,0,0,0.0,72,111,0.649,57,244,301,70,34,30,41,36,117,81,562,46,1207.2,7,0,1075.0,1216.0,71,37,26,12,53,33,31,74,43,75,43,50,51,66,67,47,51,41,71,44,53,76,52,56,36,31,46,37,5,47,48,1,2015-16
1626210,Alan Williams,Alan,1610612756,PHX,23.0,10,3,7,0.3,68.15,10,24,0.417,0,0,0.0,9,14,0.643,14,24,38,5,6,4,5,3,15,12,29,1,103.1,1,0,90.0,104.0,102,102,12,93,102,100,98,98,43,75,43,91,93,68,92,93,93,96,97,91,92,14,9,93,98,49,94,61,5,94,94,1,2015-16
203458,Alex Len,Alex,1610612756,PHX,23.0,78,23,55,0.295,1820.795,264,624,0.423,1,7,0.143,174,239,0.728,178,416,594,97,145,38,62,60,230,176,703,-288,1716.3,19,0,1595.0,1791.0,19,65,106,94,26,27,19,95,33,32,38,19,20,50,22,19,21,27,9,35,37,98,103,27,26,104,29,21,5,27,27,1,2015-16
201582,Alexis Ajinca,Alexis,1610612740,NOP,28.0,59,20,39,0.339,860.715,150,315,0.476,0,1,0.0,52,62,0.839,75,194,269,31,54,19,36,12,134,68,352,-65,832.3,4,0,762.0,848.0,59,70,89,91,60,57,54,77,43,57,43,63,66,8,55,56,56,66,58,62,56,33,58,63,59,80,63,44,5,62,62,1,2015-16
2405,Amar'e Stoudemire,Amar'e,1610612748,MIA,33.0,52,30,22,0.577,762.3016666666666,125,221,0.566,0,0,0.0,50,67,0.746,65,157,222,27,47,18,41,29,92,74,300,9,736.9,2,0,667.0,753.0,67,46,41,34,66,64,67,25,43,75,43,64,63,44,61,66,66,73,62,65,53,66,42,58,66,45,65,56,5,65,65,1,2015-16
203083,Andre Drummond,Andre,1610612765,DET,22.0,81,43,38,0.531,2665.4666666666667,552,1060,0.521,2,6,0.333,208,586,0.355,395,803,1198,67,155,119,112,72,245,404,1314,127,3390.1,66,0,3043.0,3339.0,9,16,83,46,1,5,5,53,28,34,17,12,3,108,1,1,1,42,7,1,14,105,105,3,5,15,1,1,5,2,2,1,2015-16
200745,Andrea Bargnani,Andrea,1610612751,BKN,30.0,46,11,35,0.239,633.66,127,279,0.455,3,16,0.188,47,57,0.825,28,69,97,18,26,4,9,14,61,52,304,-191,460.4,0,0,448.0,476.0,73,87,73,97,71,63,60,84,26,22,36,65,70,15,87,85,87,79,77,91,89,38,29,73,65,99,77,74,5,73,77,1,2015-16
101106,Andrew Bogut,Andrew,1610612744,GSW,31.0,70,62,8,0.886,1451.26,175,279,0.627,1,1,1.0,24,50,0.48,121,371,492,162,83,33,114,7,221,74,375,396,1566.4,5,0,1324.0,1632.0,37,3,17,4,43,55,60,4,33,57,1,84,74,98,42,27,34,12,35,41,12,23,100,58,57,4,37,40,5,39,34,1,2015-16
203076,Anthony Davis,Anthony,1610612740,NOP,23.0,61,24,37,0.393,2164.26,560,1136,0.493,35,108,0.324,326,430,0.758,130,497,627,116,121,78,125,54,148,360,1481,-200,2895.4,36,0,2665.0,2949.0,49,63,79,82,14,4,4,72,8,7,23,2,5,37,40,9,17,18,16,6,9,94,65,5,4,100,7,9,5,5,5,1,2015-16
203382,Aron Baynes,Aron,1610612765,DET,29.0,81,43,38,0.531,1232.9466666666667,194,384,0.505,0,2,0.0,126,165,0.764,140,244,384,51,67,21,52,26,151,154,514,-56,1203.3,1,0,1095.0,1219.0,9,16,83,46,50,49,44,65,43,47,43,30,34,32,34,47,42,50,44,56,41,62,68,35,44,76,47,61,5,45,46,1,2015-16
202687,Bismack Biyombo,Bismack,1610612761,TOR,23.0,82,56,26,0.683,1807.8433333333332,156,288,0.542,0,1,0.0,142,226,0.628,182,473,655,29,71,19,133,45,225,182,454,84,1668.5,9,0,1442.0,1623.0,1,5,48,17,28,56,59,37,43,57,43,25,23,73,20,12,15,69,40,62,7,85,102,26,53,24,32,32,5,33,35,1,2015-16
1626246,Boban Marjanovic,Boban,1610612759,SAS,27.0,54,47,7,0.87,507.805,105,174,0.603,0,0,0.0,87,114,0.763,73,121,194,21,29,12,23,13,54,82,297,54,637.3,3,0,582.0,638.0,65,12,12,5,78,67,73,10,43,75,43,47,48,34,56,68,68,77,74,76,70,35,27,55,67,28,71,50,5,70,71,1,2015-16
2564,Boris Diaw,Boris,1610612759,SAS,34.0,76,64,12,0.842,1385.53,202,383,0.527,25,69,0.362,56,76,0.737,58,175,233,176,97,26,21,16,102,89,485,291,1072.6,0,0,1013.0,1211.0,23,1,23,6,46,44,46,48,12,12,12,60,59,47,65,59,63,10,29,45,74,43,46,53,47,6,52,74,5,52,49,1,2015-16
201572,Brook Lopez,Brook,1610612751,BKN,28.0,73,21,52,0.288,2456.548333333333,591,1157,0.511,2,14,0.143,317,403,0.787,204,369,573,146,175,58,124,61,215,333,1501,-121,2778.6,26,0,2586.0,2912.0,28,67,103,95,5,3,2,60,28,26,38,3,6,29,15,28,25,14,3,16,10,100,96,6,3,95,9,12,5,6,7,1,2015-16
203946,Cameron Bairstow,Cameron,1610612765,DET,25.0,18,4,14,0.222,102.6,13,40,0.325,1,5,0.2,7,8,0.875,4,24,28,6,4,2,3,5,19,6,34,-8,87.6,0,0,79.0,89.0,94,99,26,98,97,96,95,108,33,37,35,93,96,7,101,93,94,94,101,96,96,19,14,96,96,59,96,74,5,97,97,1,2015-16
2365,Chris Andersen,Chris,1610612763,MEM,37.0,27,11,16,0.407,402.5316666666667,38,72,0.528,4,14,0.286,25,36,0.694,36,62,98,12,9,15,13,6,29,35,105,-70,315.6,0,0,275.0,311.0,90,87,30,77,84,87,88,47,23,26,26,80,84,61,82,86,85,84,91,71,82,22,18,83,85,83,85,74,5,86,87,2,2015-16
2549,Chris Kaman,Chris,1610612757,POR,34.0,16,11,5,0.688,111.76666666666667,20,43,0.465,1,4,0.25,3,3,1.0,7,17,24,11,8,1,1,2,15,3,44,-31,87.3,0,0,84.0,96.0,97,87,7,14,95,93,94,82,33,38,29,99,102,1,96,97,97,85,93,98,100,8,9,101,94,65,97,74,5,96,96,1,2015-16
101236,Chuck Hayes,Chuck,1610612746,LAC,33.0,2,1,1,0.5,23.833333333333332,1,2,0.5,0,0,0.0,2,2,1.0,0,8,8,2,3,0,0,0,6,1,4,-3,13.6,0,0,14.0,16.0,108,106,2,55,106,108,108,67,43,75,43,102,103,1,107,103,105,102,102,105,104,1,5,104,108,51,107,74,5,106,106,1,2015-16
203991,Clint Capela,Clint,1610612745,HOU,22.0,77,39,38,0.506,1470.71,231,397,0.582,0,1,0.0,80,211,0.379,194,300,494,47,60,59,92,46,190,148,542,100,1598.3,10,0,1385.0,1583.0,21,29,83,54,42,36,43,19,43,57,43,49,26,106,17,37,33,52,52,15,19,86,85,37,39,19,33,31,5,35,37,1,2015-16
203469,Cody Zeller,Cody,1610612766,CHA,23.0,73,42,31,0.575,1773.7316666666666,231,437,0.529,1,10,0.1,175,232,0.754,138,317,455,71,68,57,63,60,204,184,638,164,1582.5,5,0,1405.0,1595.0,28,20,62,36,30,36,38,46,33,29,42,18,21,38,35,34,35,40,43,18,36,98,91,25,32,12,36,40,5,34,36,1,2015-16
202332,Cole Aldrich,Cole,1610612746,LAC,27.0,60,41,19,0.683,799.6366666666667,134,225,0.596,0,0,0.0,60,84,0.714,86,202,288,50,64,47,68,18,139,74,328,-26,1029.6,3,0,896.0,1061.0,54,23,37,16,63,61,66,15,43,75,43,57,58,54,50,55,53,51,48,26,32,46,59,58,61,64,53,50,5,56,54,1,2015-16
1626245,Cristiano Felicio,Cristiano,1610612741,CHI,23.0,31,14,17,0.452,320.7033333333333,40,72,0.556,0,4,0.0,25,35,0.714,30,72,102,26,13,6,13,5,31,22,105,53,310.4,0,0,271.0,316.0,85,82,31,66,87,85,88,32,43,38,43,80,86,54,86,83,84,74,87,86,82,19,20,87,85,29,87,74,5,87,86,1,2015-16
101135,David Lee,David,1610612742,DAL,33.0,55,27,28,0.491,902.93,178,335,0.531,0,1,0.0,71,93,0.763,101,204,305,84,66,22,28,42,114,73,427,-85,1003.0,4,0,916.0,1050.0,64,57,55,58,58,54,53,44,43,57,43,51,57,33,46,54,50,37,46,51,64,83,50,61,55,89,55,44,5,55,55,2,2015-16
201599,DeAndre Jordan,DeAndre,1610612746,LAC,27.0,77,51,26,0.662,2597.681666666667,357,508,0.703,0,1,0.0,266,619,0.43,267,792,1059,90,107,51,177,20,207,465,980,436,2962.8,49,0,2585.0,2903.0,21,9,48,21,4,17,30,1,43,57,43,4,2,102,4,2,2,34,23,24,2,50,93,2,15,2,5,3,5,7,8,1,2015-16
201971,DeJuan Blair,DeJuan,1610612764,WAS,27.0,29,12,17,0.414,218.07,28,68,0.412,0,1,0.0,5,13,0.385,20,37,57,11,15,8,2,4,53,20,61,-39,160.9,0,0,149.0,170.0,87,85,31,74,91,91,90,100,43,57,43,97,94,105,90,90,90,85,85,82,98,17,26,89,92,72,91,74,5,91,91,1,2015-16
202326,DeMarcus Cousins,DeMarcus,1610612758,SAC,25.0,65,29,36,0.446,2245.835,601,1332,0.451,70,210,0.333,476,663,0.718,158,589,747,214,249,101,92,119,236,577,1748,39,3295.4,47,1,3165.0,3502.0,45,50,75,67,11,2,1,87,5,4,17,1,1,52,28,7,7,4,1,3,19,108,104,1,1,35,2,4,3,1,1,1,2015-16
202324,Derrick Favors,Derrick,1610612762,UTA,24.0,62,30,32,0.484,1983.2016666666666,418,811,0.515,0,4,0.0,180,254,0.709,169,334,503,94,104,74,91,63,150,200,1016,97,2151.6,19,0,1943.0,2202.0,48,46,65,62,21,11,11,57,43,38,43,17,14,57,25,31,32,30,25,8,21,101,67,20,13,21,17,21,5,16,18,1,2015-16
203473,Dewayne Dedmon,Dewayne,1610612753,ORL,26.0,58,21,37,0.362,704.875,99,177,0.559,0,0,0.0,57,76,0.75,67,161,228,13,32,22,46,15,109,62,255,-36,720.1,1,0,632.0,713.0,61,67,79,87,68,70,72,30,43,75,43,58,59,40,60,65,65,83,72,51,48,40,48,68,70,70,66,61,5,67,68,1,2015-16
202700,Donatas Motiejunas,Donatas,1610612745,HOU,25.0,37,19,18,0.514,546.6933333333334,90,205,0.439,16,57,0.281,34,53,0.642,37,72,109,41,44,17,5,9,69,67,230,45,444.3,0,0,440.0,487.0,77,71,33,52,75,71,69,91,15,15,28,73,73,70,81,83,83,56,65,69,92,29,33,64,71,32,78,74,5,75,75,1,2015-16
2730,Dwight Howard,Dwight,1610612745,HOU,30.0,71,34,37,0.479,2279.6633333333334,372,600,0.62,0,6,0.0,232,474,0.489,238,597,835,98,166,69,113,48,219,385,976,18,2505.0,38,0,2273.0,2553.0,35,35,79,63,8,16,20,6,43,34,43,5,4,96,7,6,5,25,4,10,13,87,97,4,16,41,11,8,5,11,11,1,2015-16
203939,Dwight Powell,Dwight,1610612742,DAL,24.0,69,35,34,0.507,991.6283333333333,146,296,0.493,2,16,0.125,105,142,0.739,84,189,273,44,40,36,24,20,118,116,399,-81,932.6,3,0,838.0,940.0,38,33,69,53,57,58,57,71,28,22,41,38,40,46,51,58,55,54,68,38,69,50,54,42,56,88,57,50,5,58,59,1,2015-16
202334,Ed Davis,Ed,1610612757,POR,27.0,81,43,38,0.531,1684.1866666666667,206,337,0.611,0,0,0.0,114,204,0.559,224,375,599,88,64,57,72,25,202,155,526,22,1699.8,9,0,1471.0,1688.0,9,16,83,46,34,42,52,8,43,75,43,32,28,85,10,26,19,35,48,18,28,60,89,33,41,39,30,32,5,32,30,1,2015-16
204002,Edy Tavares,Edy,1610612737,ATL,24.0,11,7,4,0.636,72.65,11,19,0.579,0,0,0.0,3,8,0.375,7,14,21,3,5,1,6,2,8,4,25,-10,70.7,0,0,63.0,73.0,101,94,5,23,101,98,100,20,43,75,43,99,96,107,96,98,99,98,99,98,91,8,7,100,99,60,100,74,5,100,100,1,2015-16
202683,Enes Freedom,Enes,1610612760,OKC,24.0,82,55,27,0.671,1720.6783333333333,414,719,0.576,10,21,0.476,200,251,0.797,249,415,664,33,115,26,33,79,166,208,1038,127,1946.3,25,0,1863.0,1945.0,1,6,53,19,32,12,15,21,19,20,5,16,15,25,5,20,14,61,21,45,60,106,79,18,11,15,22,14,5,19,24,1,2015-16
203961,Eric Moreland,Eric,1610612758,SAC,24.0,8,1,7,0.125,47.583333333333336,3,6,0.5,0,0,0.0,2,4,0.5,3,8,11,1,3,0,4,2,4,3,8,7,31.7,0,0,28.0,33.0,103,106,12,106,103,105,105,67,43,75,43,102,100,91,103,103,104,104,102,105,95,8,3,101,105,47,103,74,5,104,104,1,2015-16
203105,Festus Ezeli,Festus,1610612744,GSW,26.0,46,42,4,0.913,770.1883333333334,125,228,0.548,0,0,0.0,70,132,0.53,91,166,257,32,38,18,50,20,94,110,320,223,842.4,6,0,745.0,845.0,73,20,5,2,64,64,65,33,43,75,43,52,41,90,48,62,58,64,70,65,43,50,43,46,62,8,62,38,5,63,63,1,2015-16
1626163,Frank Kaminsky,Frank,1610612766,CHA,23.0,81,47,34,0.58,1707.5733333333333,215,525,0.41,68,202,0.337,108,148,0.73,69,266,335,98,58,38,43,48,126,109,606,-18,1340.0,1,0,1269.0,1380.0,9,12,69,30,33,39,28,103,6,6,16,35,38,48,58,40,47,25,54,35,51,87,57,47,35,63,44,61,5,41,42,1,2015-16
203476,Gorgui Dieng,Gorgui,1610612750,MIN,26.0,82,29,53,0.354,2220.068333333333,308,579,0.532,6,20,0.3,205,248,0.827,157,428,585,143,140,94,96,51,219,208,827,-7,2173.5,15,0,1941.0,2268.0,1,50,104,88,12,21,23,42,20,21,25,13,16,13,29,17,22,15,10,4,17,93,97,18,21,56,16,26,5,17,16,1,2015-16
202328,Greg Monroe,Greg,1610612749,MIL,26.0,79,32,47,0.405,2314.185,491,941,0.522,0,1,0.0,228,308,0.74,218,478,696,178,129,72,67,98,163,253,1210,-110,2600.2,32,0,2362.0,2679.0,17,41,98,79,6,8,9,50,43,57,43,7,9,45,13,11,11,9,13,9,33,107,74,11,7,94,10,10,5,10,10,1,2015-16
202962,Greg Smith,Greg,1610612750,MIN,25.0,18,8,10,0.444,191.94,18,32,0.563,0,0,0.0,7,17,0.412,12,30,42,6,7,4,1,8,28,14,43,-77,110.4,0,0,101.0,112.0,94,92,20,68,93,95,96,29,43,75,43,93,91,104,93,91,92,94,95,91,100,25,17,92,95,84,93,74,5,93,93,1,2015-16
202355,Hassan Whiteside,Hassan,1610612748,MIA,27.0,73,42,31,0.575,2125.3566666666666,413,682,0.606,0,0,0.0,214,329,0.65,238,627,865,29,137,44,269,41,201,275,1040,86,2923.5,41,3,2560.0,2902.0,28,20,62,36,15,13,17,9,43,75,43,10,8,65,7,5,3,69,11,31,1,81,88,7,10,23,6,6,1,9,9,1,2015-16
203156,Henry Sims,Henry,1610612751,BKN,26.0,14,2,12,0.143,262.87166666666667,33,77,0.429,0,0,0.0,25,30,0.833,21,51,72,9,12,9,14,1,37,21,91,-94,247.9,0,0,218.0,250.0,98,103,23,104,89,88,85,94,43,75,43,80,87,10,89,87,88,91,88,81,80,6,21,88,87,91,88,74,5,88,88,1,2015-16
101133,Ian Mahinmi,Ian,1610612754,IND,29.0,71,41,30,0.577,1815.7633333333333,264,448,0.589,0,0,0.0,132,225,0.587,138,369,507,104,100,65,75,41,220,173,660,112,1744.4,9,0,1551.0,1795.0,35,23,61,33,27,27,35,16,43,75,43,28,24,80,35,28,31,24,28,13,27,81,99,28,28,17,27,32,5,29,26,1,2015-16
201581,JJ Hickson,JJ,1610612764,WAS,27.0,35,17,18,0.486,436.5466666666667,80,155,0.516,0,1,0.0,46,103,0.447,39,93,132,23,25,15,14,15,47,63,206,-59,460.9,2,0,419.0,471.0,81,75,33,61,82,76,75,56,43,57,43,66,54,100,79,77,76,76,78,71,80,40,23,66,73,77,76,56,5,77,78,2,2015-16
201580,JaVale McGee,JaVale,1610612742,DAL,28.0,34,15,19,0.441,369.78333333333336,77,134,0.575,0,1,0.0,18,36,0.5,53,80,133,3,21,5,26,10,49,38,172,-54,408.1,1,0,370.0,404.0,82,79,37,69,86,77,78,22,43,57,43,88,84,91,69,79,75,98,83,90,67,32,25,81,79,75,82,61,5,81,82,1,2015-16
1626143,Jahlil Okafor,Jahlil,1610612755,PHI,20.0,53,6,47,0.113,1590.565,397,781,0.508,1,6,0.167,133,194,0.686,122,251,373,65,124,22,61,68,140,163,928,-494,1598.1,11,0,1533.0,1680.0,66,96,98,107,37,14,13,63,33,34,37,27,30,62,41,46,43,43,14,51,38,103,60,30,17,107,34,29,5,30,32,1,2015-16
203096,Jared Sullinger,Jared,1610612738,BOS,24.0,81,47,34,0.58,1914.62,351,806,0.435,29,103,0.282,103,161,0.64,194,479,673,187,102,75,47,50,209,163,834,213,2186.1,25,0,1967.0,2247.0,9,12,69,30,24,19,12,92,10,8,27,39,35,71,17,10,12,7,27,7,47,91,95,30,20,10,15,14,5,15,17,1,2015-16
203950,Jarnell Stokes,Jarnell,1610612763,MEM,22.0,7,1,6,0.143,18.583333333333332,3,5,0.6,0,0,0.0,1,2,0.5,1,3,4,1,0,1,0,0,1,1,7,9,16.3,0,0,14.0,16.0,104,106,10,104,108,105,106,12,43,75,43,106,103,91,105,106,106,104,108,98,104,1,1,104,107,45,105,74,5,106,106,2,2015-16
201160,Jason Smith,Jason,1610612753,ORL,30.0,76,33,43,0.434,1180.8616666666667,244,503,0.485,4,16,0.25,54,67,0.806,53,166,219,62,57,33,65,21,163,78,546,-37,1138.8,1,0,1027.0,1183.0,23,37,95,71,51,34,32,75,23,22,29,61,63,22,69,62,67,45,56,41,35,54,74,57,38,71,50,61,5,51,51,1,2015-16
201574,Jason Thompson,Jason,1610612761,TOR,29.0,47,38,9,0.809,471.3983333333333,52,108,0.481,5,15,0.333,38,54,0.704,32,102,134,29,15,12,20,8,80,39,147,-7,432.3,0,0,379.0,435.0,71,30,19,9,80,81,81,76,21,25,17,71,72,59,83,75,74,69,85,76,76,25,40,79,80,56,80,74,5,80,79,2,2015-16
201965,Jeff Ayres,Jeff,1610612746,LAC,29.0,17,11,6,0.647,106.61833333333334,12,23,0.522,0,1,0.0,6,6,1.0,4,18,22,5,6,0,3,3,18,7,30,-46,66.9,0,0,63.0,71.0,96,87,10,22,96,97,99,51,43,57,43,95,99,1,101,96,98,96,97,105,96,14,13,95,97,73,101,74,5,100,101,1,2015-16
203481,Jeff Withey,Jeff,1610612762,UTA,26.0,51,25,26,0.49,657.885,87,162,0.537,0,2,0.0,43,59,0.729,56,117,173,20,28,21,53,16,75,49,217,57,648.6,2,0,558.0,652.0,69,61,48,59,69,72,74,39,43,47,43,69,68,49,68,69,72,78,75,56,40,43,37,74,72,27,70,56,5,71,70,1,2015-16
201149,Joakim Noah,Joakim,1610612741,CHI,31.0,29,15,14,0.517,635.4233333333333,51,133,0.383,0,1,0.0,22,45,0.489,87,168,255,110,52,18,29,16,77,43,124,-34,684.0,1,0,583.0,740.0,87,79,26,51,70,82,79,106,43,57,43,85,78,97,49,61,59,20,60,65,63,43,38,78,83,69,67,61,5,69,66,1,2015-16
201202,Joel Anthony,Joel,1610612765,DET,33.0,19,12,7,0.632,95.70333333333333,6,10,0.6,0,0,0.0,6,8,0.75,8,13,21,1,2,2,12,1,15,6,18,-17,84.7,0,0,68.0,83.0,93,85,12,25,98,102,103,12,43,75,43,95,96,40,95,101,99,104,106,96,84,6,9,96,102,62,98,74,5,99,98,1,2015-16
203530,Joffrey Lauvergne,Joffrey,1610612743,DEN,24.0,59,24,35,0.407,1041.2433333333333,195,380,0.513,13,53,0.245,62,69,0.899,77,213,290,56,54,13,15,32,115,66,465,-221,927.0,5,0,880.0,951.0,59,63,73,78,55,47,47,58,17,16,31,54,62,6,52,51,52,49,58,74,79,73,51,65,51,102,58,40,5,57,57,1,2015-16
203948,Johnny O'Bryant III,Johnny,1610612749,MIL,23.0,66,27,39,0.409,857.085,86,209,0.411,1,1,1.0,27,40,0.675,65,111,176,32,31,18,8,18,100,39,200,-130,506.2,0,0,461.0,518.0,42,57,89,76,61,73,68,101,33,57,1,77,81,63,61,72,70,64,73,65,90,46,45,79,75,96,72,74,5,72,73,1,2015-16
202685,Jonas Valanciunas,Jonas,1610612761,TOR,24.0,60,40,20,0.667,1556.9216666666666,303,536,0.565,0,0,0.0,162,213,0.761,184,363,547,42,85,25,80,48,158,188,768,147,1717.4,22,0,1567.0,1714.0,54,25,40,20,38,24,26,27,43,75,43,20,25,36,19,30,27,55,33,48,25,87,71,24,23,14,28,17,5,28,29,1,2015-16
201941,Jordan Hill,Jordan,1610612754,IND,28.0,73,40,33,0.548,1512.6666666666667,278,549,0.506,0,1,0.0,89,125,0.712,156,295,451,87,92,36,37,31,155,91,645,48,1443.7,9,0,1329.0,1489.0,28,25,66,40,40,25,25,64,43,57,43,44,45,56,30,38,36,36,31,38,55,70,69,52,30,30,39,32,5,37,39,1,2015-16
202712,Justin Harper,Justin,1610612751,BKN,26.0,5,4,1,0.8,35.083333333333336,4,10,0.4,4,9,0.444,1,2,0.5,0,1,1,0,2,1,0,0,3,1,13,-32,15.2,0,0,20.0,17.0,106,99,2,10,105,104,103,105,23,30,6,106,103,91,107,108,108,107,106,98,104,1,2,104,103,66,106,74,5,105,105,1,2015-16
203994,Jusuf Nurkić,Jusuf,1610612743,DEN,21.0,32,14,18,0.438,547.075,101,242,0.417,0,3,0.0,61,99,0.616,65,110,175,40,55,24,44,26,91,93,263,-7,682.0,4,0,614.0,722.0,84,82,33,70,74,69,63,97,43,42,43,55,55,76,61,73,71,58,57,50,49,62,41,49,69,56,68,44,5,68,67,1,2015-16
1626157,Karl-Anthony Towns,Karl-Anthony,1610612750,MIN,20.0,82,29,53,0.354,2626.485,625,1153,0.542,30,88,0.341,223,275,0.811,229,629,858,161,183,58,138,69,245,244,1503,-131,3179.1,52,0,2944.0,3271.0,1,50,104,88,3,1,3,36,9,10,15,8,13,19,9,4,4,13,2,16,4,104,105,12,2,97,3,2,5,3,3,1,2015-16
203482,Kelly Olynyk,Kelly,1610612738,BOS,25.0,69,40,29,0.58,1394.8466666666666,253,556,0.455,85,210,0.405,96,128,0.75,72,209,281,105,74,52,33,33,163,119,687,218,1362.7,1,0,1328.0,1433.0,38,25,59,32,45,31,24,85,3,4,8,41,44,40,57,52,54,23,39,23,60,74,74,40,27,9,42,61,5,38,40,1,2015-16
2570,Kendrick Perkins,Kendrick,1610612740,NOP,31.0,37,13,24,0.351,542.0416666666666,40,75,0.533,0,0,0.0,11,25,0.44,25,103,128,31,41,11,11,7,64,26,91,-77,316.1,0,0,294.0,347.0,77,84,45,90,76,85,86,40,43,75,43,90,88,101,88,74,77,66,67,79,87,23,31,85,87,84,84,74,5,84,84,1,2015-16
202338,Kevin Seraphin,Kevin,1610612752,NYK,26.0,48,15,33,0.313,526.4883333333333,84,205,0.41,0,2,0.0,19,23,0.826,31,95,126,47,43,8,36,12,67,20,187,-86,497.7,0,0,448.0,539.0,70,79,66,92,77,74,69,102,43,47,43,86,89,14,85,76,78,52,66,82,56,33,32,89,77,90,73,74,5,73,72,1,2015-16
201585,Kosta Koufos,Kosta,1610612758,SAC,27.0,78,32,46,0.41,1482.4,236,444,0.532,0,0,0.0,57,104,0.548,169,254,423,33,48,40,70,30,185,92,529,-229,1368.1,5,0,1205.0,1348.0,19,41,97,75,41,35,36,43,43,75,43,58,53,86,25,45,39,61,61,34,29,67,84,51,40,103,41,40,5,44,44,1,2015-16
204001,Kristaps Porziņģis,Kristaps,1610612752,NYK,20.0,72,28,44,0.389,2046.4616666666666,373,886,0.421,81,243,0.333,201,240,0.838,132,394,526,94,121,53,134,26,205,224,1028,12,2240.2,21,0,2103.0,2303.0,32,54,96,84,17,15,10,96,4,2,17,15,19,9,38,23,30,30,16,21,6,62,92,15,12,42,14,18,5,14,14,1,2015-16
203124,Kyle O'Quinn,Kyle,1610612752,NYK,26.0,65,26,39,0.4,764.2883333333333,129,271,0.476,5,22,0.227,46,60,0.767,76,174,250,72,61,20,49,18,107,57,309,-59,863.0,1,0,774.0,910.0,45,59,89,80,65,62,62,78,21,19,32,66,67,31,54,60,60,39,50,60,46,46,47,71,64,77,61,61,5,61,60,1,2015-16
202730,Lavoy Allen,Lavoy,1610612754,IND,27.0,79,43,36,0.544,1598.8066666666666,191,370,0.516,0,0,0.0,46,73,0.63,162,262,424,76,69,26,42,22,147,72,428,191,1185.8,4,0,1064.0,1208.0,17,16,75,41,36,50,48,55,43,75,43,66,61,72,27,44,38,38,42,45,52,55,64,62,54,11,48,44,5,48,50,1,2015-16
203512,Lucas Nogueira,Lucas,1610612761,TOR,23.0,29,17,12,0.586,224.73,28,44,0.636,1,3,0.333,8,15,0.533,18,28,46,7,11,12,12,3,29,11,65,24,191.7,0,0,167.0,197.0,87,75,23,26,90,91,93,2,33,42,17,92,92,89,91,92,91,93,90,76,84,14,18,94,91,38,90,74,5,90,90,1,2015-16
201188,Marc Gasol,Marc,1610612763,MEM,31.0,52,30,22,0.577,1791.045,328,707,0.464,2,3,0.667,203,245,0.829,58,304,362,196,118,50,70,25,141,230,861,11,1831.4,9,1,1661.0,1975.0,67,46,41,34,29,20,16,83,28,42,3,14,17,12,65,36,44,5,20,25,29,60,61,14,18,43,25,32,3,25,22,1,2015-16
101162,Marcin Gortat,Marcin,1610612764,WAS,32.0,75,35,40,0.467,2255.9166666666665,433,764,0.567,0,1,0.0,146,207,0.705,222,519,741,106,121,47,96,50,193,213,1012,63,2368.2,41,0,2145.0,2394.0,27,33,93,65,10,10,14,24,43,57,43,24,27,58,11,8,8,22,16,26,17,91,87,17,14,25,13,6,5,13,13,1,2015-16
201578,Marreese Speights,Marreese,1610612744,GSW,28.0,72,64,8,0.889,832.4166666666666,197,456,0.432,24,62,0.387,94,114,0.825,77,162,239,61,66,19,34,31,117,114,512,11,983.3,1,0,942.0,1032.0,32,1,17,3,62,46,34,93,13,14,9,42,48,15,52,64,62,48,46,62,59,70,52,44,45,43,56,61,5,54,56,1,2015-16
203486,Mason Plumlee,Mason,1610612757,POR,26.0,82,44,38,0.537,2083.5133333333333,267,517,0.516,0,4,0.0,215,335,0.642,201,427,628,226,154,68,85,64,253,272,749,36,2146.6,15,0,1909.0,2288.0,1,15,83,44,16,26,29,54,43,38,43,9,7,69,16,18,16,3,8,11,24,102,108,8,24,36,18,26,5,18,15,1,2015-16
2588,Matt Bonner,Matt,1610612759,SAS,36.0,30,25,5,0.833,205.91166666666666,29,57,0.509,15,34,0.441,3,4,0.75,3,24,27,9,3,6,1,2,16,5,76,63,139.9,0,0,141.0,142.0,86,61,7,7,92,90,91,62,16,18,7,99,100,40,103,93,95,91,102,86,100,8,12,99,90,25,92,74,5,92,92,1,2015-16
203086,Meyers Leonard,Meyers,1610612757,POR,24.0,61,33,28,0.541,1332.5933333333332,195,435,0.448,86,228,0.377,35,46,0.761,51,263,314,92,77,8,18,8,183,61,511,100,1026.8,4,0,1055.0,1087.0,49,37,55,42,48,47,39,88,2,3,10,72,76,35,72,43,49,32,36,82,77,25,83,69,46,19,54,44,5,49,53,1,2015-16
203488,Mike Muscala,Mike,1610612737,ATL,24.0,60,34,26,0.567,564.8916666666667,76,152,0.5,12,39,0.308,31,39,0.795,38,79,117,34,27,13,27,2,72,35,195,-33,479.4,0,0,438.0,500.0,54,35,48,39,73,78,77,67,18,17,24,75,82,27,80,80,82,60,76,74,65,8,35,83,76,67,74,74,5,76,74,1,2015-16
203101,Miles Plumlee,Miles,1610612749,MIL,27.0,61,23,38,0.377,869.8966666666666,140,233,0.601,0,0,0.0,34,59,0.576,94,138,232,16,40,21,50,14,73,54,314,-101,789.4,0,0,704.0,791.0,49,65,83,86,59,59,64,11,43,75,43,73,68,83,47,67,64,80,68,56,43,38,36,72,63,93,64,74,5,64,64,1,2015-16
1626167,Myles Turner,Myles,1610612754,IND,20.0,60,32,28,0.533,1367.185,264,530,0.498,3,14,0.214,88,121,0.727,68,264,332,41,67,25,86,24,158,122,619,-69,1344.9,4,0,1217.0,1366.0,54,41,55,45,47,27,27,70,26,26,34,45,47,51,59,42,48,56,44,48,23,59,71,39,34,82,43,44,5,43,43,1,2015-16
1737,Nazr Mohammed,Nazr,1610612760,OKC,38.0,5,5,0,1.0,19.458333333333332,3,5,0.6,0,0,0.0,2,2,1.0,1,3,4,0,3,0,0,0,4,1,8,-3,9.8,0,0,12.0,12.0,106,98,1,1,107,105,106,12,43,75,43,102,103,1,105,106,106,107,102,105,104,1,3,104,105,51,108,74,5,108,108,1,2015-16
2403,Nene,ene,1610612764,WAS,33.0,57,28,29,0.491,1093.91,209,384,0.544,0,3,0.0,107,185,0.578,52,207,259,97,76,54,26,22,156,165,525,31,1145.3,1,0,1041.0,1218.0,62,54,59,57,54,41,44,35,43,42,43,36,32,82,71,53,57,27,37,20,67,55,70,29,42,37,49,61,5,50,47,1,2015-16
203457,Nerlens Noel,Nerlens,1610612755,PHI,22.0,67,10,57,0.149,1965.245,306,587,0.521,1,2,0.5,134,227,0.59,154,388,542,122,158,118,100,39,192,195,747,-460,2076.4,16,0,1848.0,2187.0,41,91,107,103,22,23,22,52,33,47,4,26,22,78,32,24,28,17,6,2,16,80,86,22,25,106,19,24,5,20,19,1,2015-16
203999,Nikola Jokić,Nikola,1610612743,DEN,21.0,80,31,49,0.388,1732.5516666666667,307,600,0.512,28,84,0.333,154,190,0.811,181,379,560,189,104,79,50,57,208,198,796,93,2034.5,16,0,1831.0,2121.0,15,45,101,85,31,22,20,59,11,11,17,22,31,20,21,25,26,6,25,5,43,96,94,21,22,22,21,24,5,22,20,1,2015-16
201593,Nikola Pekovic,Nikola,1610612750,MIN,30.0,12,2,10,0.167,156.315,19,50,0.38,0,0,0.0,16,20,0.8,7,14,21,11,9,1,0,2,22,18,54,-63,89.7,0,0,88.0,100.0,99,103,20,101,94,94,92,107,43,75,43,89,90,23,96,98,99,85,91,98,104,8,16,91,93,79,95,74,5,95,95,1,2015-16
202696,Nikola Vučević,Nikola,1610612753,ORL,25.0,65,28,37,0.431,2036.8216666666667,533,1046,0.51,2,9,0.222,113,150,0.753,174,402,576,179,123,53,70,56,173,159,1181,-46,2386.7,29,0,2184.0,2484.0,45,54,79,72,18,6,7,61,28,30,33,34,37,39,24,21,23,8,15,21,29,95,80,32,9,73,12,11,5,12,12,1,2015-16
201600,Omer Asik,Omer,1610612740,NOP,29.0,68,29,39,0.426,1178.1733333333334,104,195,0.533,0,0,0.0,61,112,0.545,120,294,414,26,60,21,23,38,124,104,269,-205,876.8,2,0,797.0,867.0,40,50,89,73,52,68,71,40,43,75,43,55,50,88,43,39,40,74,52,56,70,77,55,48,68,101,60,56,5,60,61,1,2015-16
2200,Pau Gasol,Pau,1610612741,CHI,35.0,72,36,36,0.5,2291.358333333333,467,995,0.469,24,69,0.348,229,289,0.792,155,638,793,294,164,42,146,59,148,261,1187,-3,2979.6,46,2,2674.0,3132.0,32,32,75,55,7,9,8,80,13,12,13,6,10,28,31,3,6,1,5,32,3,97,65,9,8,51,4,5,2,4,4,1,2015-16
203135,Robert Sacre,Robert,1610612747,LAL,27.0,25,2,23,0.08,320.09,31,75,0.413,0,0,0.0,25,38,0.658,32,40,72,14,12,4,10,9,43,26,87,-33,224.4,0,0,201.0,229.0,91,103,44,108,88,89,86,99,43,75,43,80,83,64,83,89,88,82,88,91,88,29,22,85,89,67,89,74,5,89,89,1,2015-16
201577,Robin Lopez,Robin,1610612752,NYK,28.0,82,32,50,0.39,2218.94,357,662,0.539,0,1,0.0,128,161,0.795,268,334,602,114,133,16,129,27,182,141,842,-99,2037.4,15,0,1848.0,2107.0,1,41,102,83,13,17,18,38,43,57,43,29,35,26,2,31,18,19,12,70,8,65,82,38,19,92,20,26,5,20,21,1,2015-16
201579,Roy Hibbert,Roy,1610612747,LAL,29.0,81,17,64,0.21,1877.87,182,411,0.443,0,2,0.0,117,145,0.807,132,266,398,95,76,32,110,30,252,150,481,-684,1451.1,3,0,1258.0,1495.0,9,75,108,99,25,53,42,89,43,47,43,31,39,21,38,40,41,29,37,43,15,67,107,36,48,108,38,50,5,42,38,1,2015-16
203497,Rudy Gobert,Rudy,1610612762,UTA,24.0,61,33,28,0.541,1932.0733333333333,198,354,0.559,0,0,0.0,161,283,0.569,208,460,668,91,114,45,135,42,163,240,557,150,1921.1,20,0,1676.0,1947.0,49,37,55,42,23,45,50,30,43,75,43,21,11,84,14,15,13,33,22,30,5,83,74,13,37,13,23,19,5,23,23,1,2015-16
200797,Ryan Hollins,Ryan,1610612763,MEM,31.0,37,18,19,0.486,459.67333333333335,49,79,0.62,0,0,0.0,26,42,0.619,47,51,98,10,24,6,21,13,62,49,124,-148,313.6,0,0,286.0,323.0,77,72,37,60,81,83,83,5,43,75,43,79,80,75,75,87,85,88,79,86,74,35,30,74,83,98,86,74,5,85,85,2,2015-16
1626257,Salah Mejri,Salah,1610612742,DAL,30.0,34,16,18,0.471,397.23,49,78,0.628,0,1,0.0,27,46,0.587,41,82,123,10,23,8,36,15,54,44,125,43,396.6,3,0,346.0,400.0,82,78,33,64,85,83,84,3,43,57,43,77,76,79,78,78,79,88,81,82,56,40,27,77,82,34,83,50,5,83,83,1,2015-16
201619,Sasha Kaun,Sasha,1610612739,CLE,31.0,25,18,7,0.72,95.395,9,17,0.529,0,0,0.0,5,11,0.455,12,14,26,3,7,4,5,5,11,6,23,-3,78.7,0,0,70.0,82.0,91,72,12,11,99,101,101,45,43,75,43,97,95,99,93,98,96,98,95,91,92,19,8,96,101,51,99,74,5,98,99,1,2015-16
203963,Shayne Whittington,Shayne,1610612754,IND,25.0,7,4,3,0.571,40.71666666666667,5,11,0.455,0,2,0.0,1,2,0.5,5,7,12,3,5,1,1,0,7,2,11,-6,30.9,0,0,30.0,35.0,104,99,4,38,104,103,102,86,43,47,43,106,103,91,100,105,103,98,99,98,100,1,6,103,104,55,104,74,5,103,103,1,2015-16
201150,Spencer Hawes,Spencer,1610612766,CHA,28.0,57,30,27,0.526,1035.0033333333333,124,306,0.405,38,102,0.373,54,65,0.831,51,193,244,109,58,22,27,13,111,60,340,45,885.3,1,0,829.0,949.0,62,46,53,49,56,66,56,104,7,9,11,61,65,11,72,57,61,21,54,51,65,35,49,70,60,32,59,61,5,59,58,1,2015-16
203500,Steven Adams,Steven,1610612760,OKC,22.0,80,54,26,0.675,2014.3883333333333,261,426,0.613,0,0,0.0,114,196,0.582,219,314,533,62,84,42,89,31,223,195,636,478,1677.6,6,0,1493.0,1686.0,15,7,48,18,19,30,40,7,43,75,43,32,29,81,12,35,29,45,34,32,22,70,101,22,33,1,31,38,5,31,31,1,2015-16
204028,Tarik Black,Tarik,1610612747,LAL,24.0,39,6,33,0.154,495.59,57,104,0.548,0,0,0.0,19,45,0.422,44,113,157,16,22,14,18,9,78,38,133,20,419.4,0,0,370.0,418.0,75,96,66,102,79,80,82,34,43,75,43,86,78,103,77,71,73,80,82,73,77,29,39,81,81,40,81,74,5,81,81,1,2015-16
201168,Tiago Splitter,Tiago,1610612737,ATL,31.0,36,21,15,0.583,579.4733333333334,81,155,0.523,0,2,0.0,39,48,0.813,45,75,120,30,24,20,12,19,71,46,201,102,462.0,0,0,415.0,477.0,80,67,29,28,72,75,75,49,43,47,43,70,75,18,76,81,81,68,79,60,84,49,34,76,74,18,75,74,5,78,76,1,2015-16
202353,Tibor Pleiss,Tibor,1610612762,UTA,26.0,12,7,5,0.583,81.54,11,25,0.44,0,2,0.0,2,2,1.0,6,9,15,2,8,1,2,4,19,1,24,-16,46.0,0,0,47.0,52.0,99,94,7,28,100,98,97,90,43,47,43,102,103,1,99,102,102,102,93,98,98,17,14,104,100,61,102,74,5,102,102,1,2015-16
1495,Tim Duncan,Tim,1610612759,SAS,40.0,61,50,11,0.82,1536.4266666666667,215,441,0.488,0,2,0.0,92,131,0.702,115,332,447,163,90,47,78,38,125,112,522,426,1587.9,11,0,1382.0,1670.0,49,10,22,8,39,39,37,73,43,47,43,43,42,60,44,33,37,11,32,26,26,77,56,45,43,3,35,29,5,36,33,1,2015-16
202389,Timofey Mozgov,Timofey,1610612739,CLE,29.0,76,52,24,0.684,1325.5883333333334,203,359,0.565,1,7,0.143,68,95,0.716,110,227,337,33,71,22,57,30,159,116,475,2,1094.9,2,0,1004.0,1115.0,23,8,45,15,49,43,49,26,33,32,38,53,56,53,45,49,46,61,40,51,39,67,73,42,49,48,51,56,5,53,52,1,2015-16
202684,Tristan Thompson,Tristan,1610612739,CLE,25.0,82,57,25,0.695,2269.266666666667,247,420,0.588,0,0,0.0,149,242,0.616,268,470,738,62,61,38,51,38,202,224,643,357,1827.6,23,0,1621.0,1772.0,1,4,47,13,9,32,41,17,43,75,43,23,18,77,2,13,9,45,50,35,42,77,89,15,31,5,26,16,5,26,28,1,2015-16
203092,Tyler Zeller,Tyler,1610612738,BOS,26.0,60,38,22,0.633,709.9383333333334,138,290,0.476,0,0,0.0,88,108,0.815,62,116,178,29,46,10,22,20,97,93,364,-65,671.1,1,0,635.0,696.0,54,30,41,24,67,60,58,79,43,75,43,45,52,17,64,70,69,69,63,80,72,50,44,49,58,80,69,61,5,66,69,1,2015-16
2199,Tyson Chandler,Tyson,1610612756,PHX,33.0,66,18,48,0.273,1617.9133333333334,183,314,0.583,0,1,0.0,106,171,0.62,175,401,576,64,93,36,44,23,145,155,472,-393,1406.2,20,0,1272.0,1416.0,42,72,100,96,35,52,55,18,43,57,43,37,33,74,23,22,23,44,30,38,49,58,62,33,50,105,40,19,5,40,41,1,2015-16
1626161,Willie Cauley-Stein,Willie,1610612758,SAC,22.0,66,26,40,0.394,1411.545,191,339,0.563,0,2,0.0,81,125,0.648,134,218,352,37,46,47,66,22,146,89,463,-78,1233.9,3,0,1078.0,1228.0,42,59,93,81,44,50,51,28,43,47,43,48,45,67,37,50,45,59,63,26,34,55,63,53,52,86,45,50,5,46,45,1,2015-16
203186,Willie Reed,Willie,1610612751,BKN,26.0,39,8,31,0.205,425.6333333333333,76,133,0.571,0,0,0.0,30,55,0.545,49,73,122,10,16,6,30,8,47,63,182,-80,435.4,0,0,386.0,432.0,75,92,62,100,83,78,79,23,43,75,43,76,71,87,74,82,80,88,84,86,62,25,23,66,78,87,79,74,5,79,80,1,2015-16
2585,Zaza Pachulia,Zaza,1610612742,DAL,32.0,76,40,36,0.526,2004.1066666666666,219,470,0.466,0,3,0.0,212,276,0.768,249,469,718,128,119,64,22,48,181,260,650,0,1842.6,26,0,1668.0,1882.0,23,25,75,49,20,38,33,81,43,42,43,11,12,30,5,14,10,16,19,14,72,87,81,10,29,50,24,12,5,24,25,1,2015-16
1627773,AJ Hammons,AJ,1610612742,DAL,24.0,22,4,18,0.182,163.23166666666665,17,42,0.405,5,10,0.5,9,20,0.45,8,28,36,4,10,1,13,5,21,13,48,-5,129.2,0,0,121.0,134.0,83,91,25,97,85,84,85,92,26,32,2,84,82,93,91,84,85,88,84,91,77,17,17,85,84,45,84,69,5,84,85,1,2016-17
201143,Al Horford,Al,1610612738,BOS,31.0,68,46,22,0.676,2193.2616666666668,379,801,0.473,86,242,0.355,108,135,0.8,95,370,465,337,115,52,86,25,138,124,952,215,2314.5,8,0,2116.0,2505.0,45,15,37,13,17,19,12,77,7,7,16,28,35,23,44,21,29,3,19,21,19,57,58,36,16,8,15,30,5,14,14,1,2016-17
2744,Al Jefferson,Al,1610612754,IND,32.0,66,33,33,0.5,930.635,235,471,0.499,0,1,0.0,65,85,0.765,75,203,278,57,33,19,16,32,125,74,535,-98,1026.1,1,0,940.0,1032.0,48,37,65,43,60,36,30,67,43,58,43,48,52,30,57,47,53,44,66,60,76,67,48,56,38,82,48,58,5,50,50,1,2016-17
1626210,Alan Williams,Alan,1610612756,PHX,24.0,47,11,36,0.234,707.7133333333334,138,267,0.517,0,1,0.0,70,112,0.625,94,198,292,23,37,27,32,20,125,100,346,2,870.9,15,0,779.0,861.0,70,81,72,94,66,60,59,49,43,58,43,46,41,69,46,52,51,70,61,49,58,50,48,45,59,38,59,17,5,61,61,1,2016-17
203458,Alex Len,Alex,1610612756,PHX,24.0,77,21,56,0.273,1559.5966666666666,230,463,0.497,3,12,0.25,150,208,0.721,156,354,510,44,102,38,98,47,242,155,613,-397,1597.0,11,0,1442.0,1619.0,18,65,101,91,27,37,33,68,29,30,35,18,22,43,24,24,23,55,24,32,11,86,97,26,32,101,28,24,5,28,28,1,2016-17
201582,Alexis Ajinca,Alexis,1610612740,NOP,29.0,39,15,24,0.385,584.335,89,178,0.5,0,4,0.0,29,40,0.725,46,131,177,12,31,20,22,13,77,45,207,-60,532.4,1,0,480.0,534.0,74,73,39,71,71,68,68,63,43,40,43,73,73,42,72,66,67,80,69,58,70,38,29,74,71,75,70,58,5,70,70,1,2016-17
2760,Anderson Varejao,Anderson,1610612744,GSW,34.0,14,12,2,0.857,91.86166666666666,5,14,0.357,0,0,0.0,8,11,0.727,12,15,27,10,8,3,3,0,16,10,18,-30,75.4,0,0,67.0,83.0,88,79,3,1,90,93,93,96,43,73,43,86,86,41,85,90,89,82,86,86,91,1,13,86,93,61,90,69,5,92,90,1,2016-17
203083,Andre Drummond,Andre,1610612765,DET,23.0,81,36,45,0.444,2409.4216666666666,483,911,0.53,2,7,0.286,137,355,0.386,345,770,1115,90,152,124,89,58,237,293,1105,-275,3065.0,49,0,2738.0,3039.0,5,32,90,58,11,8,8,41,36,36,32,19,9,96,1,3,1,29,9,1,17,95,95,10,10,97,6,5,5,6,7,1,2016-17
101106,Andrew Bogut,Andrew,1610612739,CLE,32.0,27,8,19,0.296,583.1833333333333,38,81,0.469,0,1,0.0,3,11,0.273,56,162,218,49,43,13,25,2,86,28,79,-34,485.1,0,0,422.0,509.0,82,83,29,87,72,82,82,78,43,58,43,93,86,98,65,60,65,52,57,75,65,12,36,79,83,66,74,69,5,74,72,2,2016-17
203076,Anthony Davis,Anthony,1610612740,NOP,24.0,75,31,44,0.413,2707.661666666667,770,1526,0.505,40,134,0.299,519,647,0.802,172,712,884,157,181,94,167,56,168,521,2099,51,3997.3,49,0,3702.0,4080.0,23,42,86,63,3,2,1,59,14,12,31,1,2,22,17,5,7,13,4,3,3,93,70,2,1,27,1,5,5,2,1,1,2016-17
202620,Arinze Onuaku,Arinze,1610612753,ORL,29.0,8,3,5,0.375,28.333333333333332,2,4,0.5,0,0,0.0,0,0,0.0,2,4,6,2,2,0,1,0,3,1,4,-15,15.2,0,0,14.0,17.0,93,93,11,75,96,98,98,63,43,73,43,99,100,99,97,98,97,94,96,97,92,1,2,98,98,49,98,69,5,98,98,1,2016-17
203382,Aron Baynes,Aron,1610612765,DET,30.0,75,34,41,0.453,1162.545,143,279,0.513,0,0,0.0,79,94,0.84,111,222,333,32,50,17,39,21,166,124,365,137,930.6,2,0,842.0,930.0,23,34,81,56,48,59,57,54,43,73,43,42,48,9,38,42,43,63,54,68,48,51,68,36,58,17,57,49,5,57,57,1,2016-17
202687,Bismack Biyombo,Bismack,1610612753,ORL,24.0,81,29,52,0.358,1793.415,179,339,0.528,0,0,0.0,125,234,0.534,157,410,567,74,95,25,91,44,202,205,483,-346,1527.4,10,0,1356.0,1546.0,5,51,99,83,24,45,45,46,43,73,43,23,17,84,22,17,18,35,27,51,16,81,85,19,41,100,31,28,5,32,32,1,2016-17
1626246,Boban Marjanovic,Boban,1610612765,DET,28.0,35,16,19,0.457,293.27,72,132,0.545,0,0,0.0,47,58,0.81,46,84,130,9,10,6,12,11,25,52,191,32,404.5,5,0,366.0,393.0,76,70,29,55,83,74,75,31,43,73,43,58,64,19,72,77,77,84,84,81,80,30,19,69,72,31,79,38,5,79,80,1,2016-17
2564,Boris Diaw,Boris,1610612762,UTA,35.0,73,45,28,0.616,1282.6933333333334,146,327,0.446,20,81,0.247,26,35,0.743,46,112,158,170,87,18,9,8,83,56,338,20,776.6,0,0,740.0,917.0,34,16,48,24,40,57,50,87,23,18,38,74,78,36,72,70,72,10,30,62,83,24,32,66,60,33,64,69,5,63,58,1,2016-17
201572,Brook Lopez,Brook,1610612751,BKN,29.0,75,20,55,0.267,2222.0316666666668,555,1172,0.474,134,387,0.346,295,364,0.81,121,282,403,176,184,38,124,50,192,297,1539,-156,2588.6,2,0,2576.0,2780.0,23,66,100,93,15,4,4,76,1,1,20,5,7,18,36,34,35,9,3,32,6,88,83,9,4,90,12,49,5,9,10,1,2016-17
1627778,Chinanu Onuaku,Chinanu,1610612745,HOU,20.0,5,2,3,0.4,51.6,5,7,0.714,0,0,0.0,4,4,1.0,2,8,10,3,4,3,1,0,6,2,14,-45,38.5,0,0,35.0,42.0,97,94,6,65,94,93,96,3,43,73,43,90,94,1,97,94,96,91,91,86,92,1,7,94,94,70,95,69,5,94,94,1,2016-17
2365,Chris Andersen,Chris,1610612739,CLE,38.0,12,8,4,0.667,113.79333333333334,9,22,0.409,0,3,0.0,10,14,0.714,9,22,31,5,5,5,7,2,20,10,28,8,103.7,0,0,88.0,105.0,89,83,9,14,88,91,90,91,43,43,43,83,84,45,88,88,87,87,90,82,84,12,16,86,89,37,86,69,5,86,86,1,2016-17
203991,Clint Capela,Clint,1610612745,HOU,23.0,65,44,21,0.677,1551.3016666666667,362,563,0.643,0,0,0.0,94,177,0.531,178,348,526,63,87,34,79,58,179,136,818,215,1795.7,15,0,1633.0,1809.0,50,18,34,12,28,21,25,9,43,73,43,36,26,86,15,25,21,42,30,38,21,95,79,32,23,8,25,17,5,26,25,1,2016-17
203469,Cody Zeller,Cody,1610612766,CHA,24.0,62,33,29,0.532,1725.4716666666666,253,443,0.571,0,1,0.0,133,196,0.679,135,270,405,99,65,62,58,55,189,160,639,210,1568.5,6,0,1383.0,1602.0,54,37,50,35,25,30,34,23,43,58,43,21,24,55,32,38,34,24,41,13,33,92,82,25,29,10,29,34,5,30,29,1,2016-17
202332,Cole Aldrich,Cole,1610612750,MIN,28.0,62,23,39,0.371,531.045,45,86,0.523,0,0,0.0,15,22,0.682,51,107,158,25,17,25,23,7,85,26,105,-30,459.1,1,0,384.0,457.0,54,63,78,77,76,80,81,47,43,73,43,80,80,54,68,72,72,69,79,51,69,21,35,80,81,61,76,58,5,77,77,1,2016-17
1626245,Cristiano Felicio,Cristiano,1610612741,CHI,24.0,66,31,35,0.47,1040.0733333333333,128,221,0.579,0,0,0.0,60,93,0.645,124,187,311,40,33,25,17,18,110,72,316,-34,842.2,3,0,751.0,833.0,48,42,70,52,56,62,63,20,43,73,43,53,49,64,35,55,45,60,66,51,74,47,43,57,62,66,62,46,5,62,63,1,2016-17
1627745,Damian Jones,Damian,1610612744,GSW,22.0,10,7,3,0.7,85.08333333333333,8,16,0.5,0,0,0.0,3,10,0.3,9,14,23,0,6,1,4,1,15,6,19,-28,55.6,0,0,52.0,57.0,92,87,6,11,91,92,91,63,43,73,43,93,89,97,88,91,91,98,87,91,89,8,12,90,92,59,93,69,5,93,93,1,2016-17
101135,David Lee,David,1610612759,SAS,34.0,79,58,21,0.734,1476.9583333333333,248,420,0.59,0,0,0.0,80,113,0.708,149,292,441,124,82,31,40,41,125,89,576,315,1422.2,7,0,1283.0,1478.0,15,2,34,7,31,31,37,17,43,73,43,41,40,46,28,29,31,17,33,43,46,79,48,50,37,4,34,33,5,35,34,1,2016-17
201599,DeAndre Jordan,DeAndre,1610612746,LAC,28.0,81,51,30,0.63,2570.305,412,577,0.714,0,2,0.0,205,425,0.482,298,816,1114,96,115,51,134,22,212,336,1029,455,2949.8,41,0,2609.0,2890.0,5,5,55,19,5,12,24,4,43,48,43,11,5,92,3,1,2,26,19,23,5,52,88,6,13,1,7,8,5,8,9,1,2016-17
202326,DeMarcus Cousins,DeMarcus,1610612740,NOP,26.0,72,30,42,0.417,2465.3633333333332,647,1432,0.452,131,363,0.361,517,670,0.772,152,642,794,332,269,100,93,105,278,589,1942,-25,3702.8,46,2,3585.0,3979.0,37,49,83,62,10,3,3,85,2,2,15,2,1,27,27,8,9,4,1,2,13,101,101,1,3,54,3,7,2,3,3,2,2016-17
202324,Derrick Favors,Derrick,1610612762,UTA,25.0,50,33,17,0.66,1185.6116666666667,203,417,0.487,3,10,0.3,67,109,0.615,92,213,305,56,60,45,40,31,103,91,476,57,1121.0,6,0,1010.0,1148.0,66,37,23,15,46,41,38,72,29,32,30,47,44,71,49,43,48,49,46,27,46,66,41,49,42,25,45,34,5,46,46,1,2016-17
203473,Dewayne Dedmon,Dewayne,1610612759,SAS,27.0,76,55,21,0.724,1329.6883333333333,161,259,0.622,0,0,0.0,65,93,0.699,129,367,496,44,61,37,61,26,180,96,387,191,1281.2,6,0,1123.0,1265.0,22,4,34,8,36,52,60,13,43,73,43,48,49,49,33,22,26,55,44,34,30,59,80,47,54,14,38,34,5,40,40,1,2016-17
1627754,Diamond Stone,Diamond,1610612746,LAC,20.0,7,6,1,0.857,24.255,3,13,0.231,0,0,0.0,4,4,1.0,1,5,6,0,2,0,1,3,5,2,10,-27,18.2,0,0,18.0,19.0,95,89,1,1,99,97,94,101,43,73,43,90,94,1,100,97,97,98,96,97,92,15,5,94,96,57,97,69,5,97,97,1,2016-17
202700,Donatas Motiejunas,Donatas,1610612740,NOP,26.0,34,16,18,0.471,478.685,57,138,0.413,11,47,0.234,25,49,0.51,26,75,101,32,31,18,11,6,55,49,150,-120,375.2,0,0,352.0,402.0,77,70,25,50,80,77,73,90,25,24,39,75,69,87,82,79,81,63,69,62,81,20,23,71,77,85,80,69,5,80,79,1,2016-17
2730,Dwight Howard,Dwight,1610612737,ATL,31.0,74,37,37,0.5,2198.72,388,613,0.633,0,2,0.0,226,424,0.533,296,644,940,104,170,64,92,40,203,337,1002,-114,2584.0,53,0,2358.0,2618.0,30,29,74,43,16,16,22,11,43,48,43,8,6,85,4,7,6,22,6,12,14,78,86,5,14,84,13,4,5,13,13,1,2016-17
203939,Dwight Powell,Dwight,1610612742,DAL,25.0,77,30,47,0.39,1333.4533333333334,194,377,0.515,21,74,0.284,107,141,0.759,93,213,306,49,34,61,39,26,135,128,516,-168,1222.7,2,0,1092.0,1220.0,18,49,93,68,35,43,44,51,22,22,33,29,33,31,47,43,47,52,64,14,48,59,55,34,39,93,40,49,5,41,41,1,2016-17
204002,Edy Tavares,Edy,1610612739,CLE,25.0,2,1,1,0.5,27.6,4,5,0.8,0,0,0.0,0,3,0.0,4,7,11,1,2,0,6,0,3,2,8,10,38.7,0,0,32.0,39.0,99,98,1,43,97,96,97,2,43,73,43,99,96,99,95,95,95,96,96,97,85,1,2,94,97,36,94,69,5,95,95,2,2016-17
202683,Enes Freedom,Enes,1610612760,OKC,25.0,72,43,29,0.597,1532.835,402,737,0.545,5,38,0.132,224,285,0.786,195,287,482,67,123,32,38,91,154,234,1033,54,1798.9,18,0,1727.0,1859.0,37,19,50,28,30,13,14,31,26,26,41,10,13,24,13,31,27,38,15,41,51,99,65,14,12,26,24,15,5,21,24,1,2016-17
1626163,Frank Kaminsky,Frank,1610612766,CHA,24.0,75,31,44,0.413,1954.015,320,802,0.399,116,354,0.328,118,156,0.756,57,279,336,162,76,46,34,36,139,116,874,43,1684.2,4,0,1648.0,1774.0,23,42,86,63,22,24,11,93,3,3,25,26,31,32,64,36,42,11,35,26,55,73,59,39,20,28,26,40,5,25,26,1,2016-17
1627834,Georgios Papagiannis,Georgios,1610612758,SAC,19.0,22,7,15,0.318,355.01666666666665,56,102,0.549,0,2,0.0,12,14,0.857,24,62,86,20,24,3,17,2,44,19,124,-30,293.2,2,0,270.0,310.0,83,87,19,85,82,78,79,30,43,48,43,82,84,7,83,82,83,75,77,86,74,12,20,83,79,61,83,49,5,83,83,1,2016-17
203476,Gorgui Dieng,Gorgui,1610612750,MIN,27.0,82,31,51,0.378,2653.215,332,661,0.502,16,43,0.372,136,167,0.814,188,459,647,158,107,88,95,48,254,168,816,33,2271.4,13,0,2003.0,2328.0,1,42,97,73,4,23,18,61,24,25,11,20,27,15,14,13,14,12,21,6,12,87,99,23,24,30,16,20,5,17,16,1,2016-17
202328,Greg Monroe,Greg,1610612749,MIL,27.0,81,42,39,0.519,1822.6933333333334,387,726,0.533,0,4,0.0,177,239,0.741,167,365,532,187,140,92,38,66,168,225,951,137,2119.9,13,0,1930.0,2247.0,5,20,78,37,23,17,15,40,43,40,43,14,16,37,20,23,20,8,13,4,51,98,70,16,17,17,20,20,5,20,18,1,2016-17
202355,Hassan Whiteside,Hassan,1610612748,MIA,28.0,77,39,38,0.506,2513.3766666666666,542,973,0.557,0,0,0.0,225,358,0.628,293,795,1088,57,154,57,161,63,226,309,1309,97,3200.1,58,0,2890.0,3165.0,18,25,76,42,9,5,7,26,43,73,43,9,8,68,6,2,3,44,8,17,4,97,92,8,6,21,4,2,5,4,4,1,2016-17
101133,Ian Mahinmi,Ian,1610612764,WAS,30.0,31,19,12,0.613,554.8016666666666,65,111,0.586,0,0,0.0,43,75,0.573,47,103,150,19,34,33,24,10,90,60,173,31,518.5,0,0,456.0,532.0,79,67,17,25,75,76,77,18,43,73,43,62,56,79,71,73,75,76,64,39,66,28,37,63,75,32,71,69,5,72,71,1,2016-17
1627826,Ivica Zubac,Ivica,1610612747,LAL,20.0,38,8,30,0.211,608.515,126,238,0.529,0,3,0.0,32,49,0.653,41,118,159,30,30,14,33,24,66,51,284,-134,630.8,4,0,567.0,644.0,75,83,55,96,70,63,61,43,43,43,43,70,69,61,76,67,71,65,72,74,56,55,26,70,64,87,66,40,5,66,66,1,2016-17
201580,JaVale McGee,JaVale,1610612744,GSW,29.0,77,62,15,0.805,739.0983333333334,208,319,0.652,0,3,0.0,56,111,0.505,100,144,244,17,40,19,67,15,109,81,472,312,1008.3,0,0,905.0,1008.0,18,1,19,4,65,40,51,8,43,43,43,54,42,88,42,65,58,77,59,60,28,41,42,54,43,5,53,69,5,52,53,1,2016-17
1626143,Jahlil Okafor,Jahlil,1610612755,PHI,21.0,50,15,35,0.3,1133.9833333333333,242,471,0.514,0,0,0.0,106,158,0.671,81,159,240,58,91,20,49,45,122,141,590,-322,1081.0,2,0,1026.0,1153.0,66,73,70,86,49,35,30,53,43,73,43,31,30,56,54,63,61,43,28,58,37,83,47,31,35,99,47,49,5,44,45,1,2016-17
1627751,Jakob Poeltl,Jakob,1610612761,TOR,21.0,54,38,16,0.704,626.43,67,115,0.583,0,0,0.0,31,57,0.544,78,87,165,12,29,17,20,11,113,47,165,-6,463.0,0,0,416.0,465.0,60,27,22,9,68,75,76,19,43,73,43,72,65,83,55,76,68,80,74,68,72,30,46,73,76,46,75,69,5,75,76,1,2016-17
203096,Jared Sullinger,Jared,1610612761,TOR,25.0,11,2,9,0.182,117.73666666666666,15,47,0.319,3,18,0.167,4,8,0.5,10,17,27,3,4,4,1,4,17,9,37,-29,84.9,0,0,80.0,85.0,90,94,15,97,87,86,84,98,29,27,40,90,90,89,87,89,89,91,91,84,92,16,14,88,88,60,89,69,5,87,89,1,2016-17
203950,Jarnell Stokes,Jarnell,1610612743,DEN,23.0,2,0,2,0.0,6.543333333333333,1,1,1.0,0,0,0.0,1,2,0.5,1,1,2,2,0,1,0,0,3,1,3,0,11.4,0,0,9.0,12.0,99,100,3,100,101,99,101,1,43,73,43,98,97,89,100,99,101,94,101,91,99,1,2,98,100,39,100,69,5,100,100,1,2016-17
201160,Jason Smith,Jason,1610612764,WAS,31.0,74,45,29,0.608,1067.7433333333333,174,329,0.529,37,78,0.474,35,51,0.686,64,194,258,37,58,21,54,15,168,58,420,-10,952.1,0,0,902.0,977.0,30,16,50,26,54,46,48,45,16,20,6,67,68,53,61,53,56,62,47,57,35,41,70,64,49,47,56,69,5,53,55,1,2016-17
203481,Jeff Withey,Jeff,1610612762,UTA,27.0,51,33,18,0.647,432.34833333333336,55,103,0.534,0,1,0.0,36,48,0.75,52,69,121,7,14,16,32,15,52,37,146,-22,431.7,0,0,370.0,425.0,63,37,25,17,81,79,78,38,43,58,43,65,72,34,67,81,79,85,81,70,58,41,22,77,78,52,78,69,5,78,78,1,2016-17
201149,Joakim Noah,Joakim,1610612752,NYK,32.0,46,17,29,0.37,1014.5816666666667,99,202,0.49,0,1,0.0,34,78,0.436,162,241,403,103,58,30,37,12,127,81,232,-143,1013.1,5,0,872.0,1042.0,72,69,50,78,58,67,65,71,43,58,43,69,54,94,21,41,35,23,47,44,53,34,53,54,66,89,51,38,5,54,49,1,2016-17
201202,Joel Anthony,Joel,1610612759,SAS,34.0,19,15,4,0.789,121.965,10,16,0.625,0,0,0.0,5,8,0.625,8,23,31,3,4,2,6,1,11,6,25,-13,86.7,0,0,75.0,86.0,86,73,9,5,86,89,91,12,43,73,43,88,90,69,91,87,87,91,91,89,85,8,11,90,90,48,88,69,5,89,88,1,2016-17
203954,Joel Embiid,Joel,1610612755,PHI,23.0,31,13,18,0.419,786.06,200,429,0.466,36,98,0.367,191,244,0.783,61,182,243,66,117,27,76,36,112,219,627,67,1209.6,9,0,1178.0,1311.0,79,78,25,61,64,42,36,80,17,16,13,12,15,25,62,57,60,39,17,49,24,73,45,18,31,23,42,29,5,37,38,1,2016-17
203530,Joffrey Lauvergne,Joffrey,1610612741,CHI,25.0,70,41,29,0.586,980.105,148,336,0.44,33,98,0.337,46,73,0.63,72,179,251,70,56,25,6,25,83,72,375,-89,818.2,0,0,791.0,859.0,42,22,50,31,59,56,47,89,18,16,21,59,59,67,59,58,57,37,50,51,85,57,32,57,56,81,63,69,5,60,62,2,2016-17
203089,John Henson,John,1610612749,MIL,26.0,58,26,32,0.448,1122.5266666666666,159,309,0.515,0,1,0.0,74,107,0.692,92,203,295,57,52,29,78,18,151,106,392,-49,1100.5,0,0,958.0,1122.0,57,59,62,57,50,53,52,52,43,58,43,45,46,52,49,47,49,44,52,46,22,47,62,42,53,71,46,69,5,47,47,1,2016-17
203948,Johnny O'Bryant III,Johnny,1610612766,CHA,24.0,11,4,7,0.364,80.65166666666667,15,30,0.5,3,6,0.5,5,6,0.833,9,10,19,6,6,0,1,0,10,4,38,-26,66.8,0,0,68.0,72.0,90,91,13,80,92,86,88,63,29,37,2,88,92,11,88,93,93,86,87,97,92,1,10,92,87,55,92,69,5,91,92,2,2016-17
202685,Jonas Valanciunas,Jonas,1610612761,TOR,25.0,80,50,30,0.625,2065.475,391,702,0.557,1,2,0.5,176,217,0.811,226,533,759,57,106,37,63,34,216,222,959,108,2149.3,29,0,1976.0,2132.0,13,8,55,22,20,14,16,27,39,48,2,15,19,17,11,11,11,44,22,34,29,68,91,17,15,20,18,12,5,18,20,1,2016-17
201941,Jordan Hill,Jordan,1610612750,MIN,29.0,7,2,5,0.286,46.56666666666667,5,13,0.385,0,0,0.0,2,2,1.0,8,6,14,0,4,1,0,1,9,3,12,12,27.8,0,0,28.0,29.0,95,94,11,89,95,93,94,95,43,73,43,96,97,1,91,96,94,98,91,91,99,8,9,93,95,35,96,69,5,96,96,1,2016-17
203120,Justin Hamilton,Justin,1610612751,BKN,27.0,64,14,50,0.219,1176.5133333333333,174,379,0.459,55,180,0.306,39,52,0.75,71,191,262,55,43,29,43,19,91,56,442,-292,1011.9,1,0,958.0,1030.0,52,77,95,95,47,46,42,81,11,10,29,63,66,34,60,54,55,50,57,46,43,49,38,66,46,98,52,58,5,47,51,1,2016-17
203994,Jusuf Nurkić,Jusuf,1610612757,POR,22.0,65,34,31,0.523,1390.98,271,534,0.507,0,1,0.0,120,210,0.571,154,313,467,123,143,50,74,43,161,185,662,-53,1635.9,13,0,1500.0,1747.0,50,34,60,36,34,26,27,58,43,58,43,24,21,80,25,28,28,18,12,24,25,80,66,21,28,73,27,20,5,27,27,2,2016-17
1626157,Karl-Anthony Towns,Karl-Anthony,1610612750,MIN,21.0,82,31,51,0.378,3030.33,802,1480,0.542,101,275,0.367,356,428,0.832,296,711,1007,220,212,56,103,91,241,382,2061,-26,3864.4,62,1,3707.0,3985.0,1,42,97,73,1,1,2,34,6,5,14,3,4,12,4,6,5,6,2,18,9,99,96,4,2,55,2,1,4,1,2,1,2016-17
203482,Kelly Olynyk,Kelly,1610612738,BOS,26.0,75,49,26,0.653,1538.33,260,508,0.512,68,192,0.354,90,123,0.732,73,288,361,148,96,44,29,30,207,135,678,16,1456.2,2,0,1401.0,1554.0,23,10,42,16,29,28,28,55,9,9,17,39,39,39,58,30,39,15,26,28,62,64,87,33,27,34,33,49,5,29,31,1,2016-17
202338,Kevin Seraphin,Kevin,1610612754,IND,27.0,49,23,26,0.469,559.315,109,198,0.551,0,2,0.0,14,22,0.636,41,101,142,23,29,7,20,7,66,20,232,-101,488.9,0,0,451.0,501.0,68,63,42,53,74,65,66,29,43,48,43,81,80,66,76,74,76,70,74,79,72,21,26,82,66,83,72,69,5,73,73,1,2016-17
201585,Kosta Koufos,Kosta,1610612758,SAC,28.0,71,27,44,0.38,1419.3716666666667,216,392,0.551,0,1,0.0,38,62,0.613,118,285,403,47,61,36,48,28,172,66,470,-156,1215.1,4,0,1088.0,1219.0,40,55,86,72,33,38,41,28,43,58,43,64,62,72,37,32,35,54,44,36,38,63,74,60,44,90,41,40,5,42,42,1,2016-17
203124,Kyle O'Quinn,Kyle,1610612752,NYK,27.0,79,29,50,0.367,1229.1683333333333,215,413,0.521,2,17,0.118,64,83,0.771,157,282,439,117,76,36,104,27,174,98,496,-161,1542.3,6,0,1334.0,1589.0,15,51,95,79,43,39,39,48,36,28,42,50,53,28,22,34,32,20,35,36,8,62,77,46,40,92,30,34,5,34,30,1,2016-17
202336,Larry Sanders,Larry,1610612739,CLE,28.0,5,2,3,0.4,12.693333333333333,1,4,0.25,0,0,0.0,2,2,1.0,3,1,4,0,2,1,1,0,5,1,4,-1,12.8,0,0,12.0,14.0,97,94,6,65,100,99,98,99,43,73,43,96,97,1,96,99,99,98,96,91,92,1,5,98,98,40,99,69,5,99,99,1,2016-17
202730,Lavoy Allen,Lavoy,1610612754,IND,28.0,61,31,30,0.508,871.3216666666667,77,168,0.458,0,1,0.0,23,33,0.697,105,114,219,57,29,18,24,13,78,25,177,-124,622.3,2,0,537.0,636.0,56,42,55,40,62,73,69,84,43,58,43,77,79,50,40,69,64,44,74,62,66,38,31,81,74,86,67,49,5,68,67,1,2016-17
203512,Lucas Nogueira,Lucas,1610612761,TOR,24.0,57,34,23,0.596,1088.25,103,156,0.66,3,12,0.25,44,67,0.657,82,162,244,42,46,52,89,9,137,57,253,178,985.8,0,0,824.0,1004.0,58,34,38,29,53,66,71,7,29,30,35,60,60,59,53,60,58,58,56,21,17,26,56,65,65,15,54,69,5,58,54,1,2016-17
201188,Marc Gasol,Marc,1610612763,MEM,32.0,74,40,34,0.541,2531.0333333333333,532,1160,0.459,104,268,0.388,278,332,0.837,60,404,464,338,166,67,99,23,171,317,1446,64,2841.8,11,2,2684.0,3084.0,30,23,68,34,8,6,5,82,4,6,8,6,10,10,63,18,30,2,7,10,10,53,73,7,5,24,8,24,2,7,6,1,2016-17
101162,Marcin Gortat,Marcin,1610612764,WAS,33.0,82,49,33,0.598,2555.4783333333335,390,674,0.579,0,2,0.0,103,159,0.648,238,611,849,121,119,40,61,51,213,180,883,202,2267.3,36,0,2055.0,2277.0,1,10,65,27,6,15,17,21,43,48,43,33,29,63,10,9,8,19,16,30,30,90,89,22,19,11,17,11,5,15,17,1,2016-17
201578,Marreese Speights,Marreese,1610612746,LAC,29.0,82,51,31,0.622,1285.8616666666667,244,548,0.445,103,277,0.372,120,137,0.876,88,285,373,65,69,23,41,24,229,148,711,-33,1379.1,4,0,1380.0,1406.0,1,5,60,23,39,34,26,88,5,4,12,24,34,5,51,32,38,40,39,56,44,55,94,29,26,65,35,40,5,31,35,1,2016-17
1627850,Marshall Plumlee,Marshall,1610612752,NYK,24.0,21,6,15,0.286,170.18,16,30,0.533,0,0,0.0,8,19,0.421,23,28,51,10,12,4,4,5,23,17,40,-3,128.2,1,0,117.0,135.0,85,89,19,89,84,85,88,39,43,73,43,86,83,95,84,84,84,82,83,84,89,17,18,84,85,43,85,58,5,85,84,1,2016-17
203486,Mason Plumlee,Mason,1610612743,DEN,27.0,81,38,43,0.469,2147.58,334,623,0.536,0,6,0.0,174,300,0.58,170,435,605,284,134,69,92,51,226,252,842,-1,2343.0,19,0,2053.0,2498.0,5,27,84,54,19,22,21,36,43,37,43,16,12,78,18,15,16,5,14,9,14,90,92,13,21,40,14,13,5,16,15,2,2016-17
203086,Meyers Leonard,Meyers,1610612757,POR,25.0,74,37,37,0.5,1221.9033333333334,146,378,0.386,74,213,0.347,35,40,0.875,27,210,237,71,35,13,28,8,172,71,401,-30,879.9,1,0,865.0,903.0,30,29,74,43,44,57,43,94,8,8,19,67,73,6,81,46,63,36,63,75,63,24,74,59,50,61,58,58,5,55,59,1,2016-17
203488,Mike Muscala,Mike,1610612737,ATL,25.0,70,36,34,0.514,1236.8616666666667,170,337,0.504,46,110,0.418,49,64,0.766,76,164,240,95,55,30,41,10,97,83,435,-76,1023.5,0,0,958.0,1078.0,42,32,68,39,42,48,46,60,12,14,7,56,61,29,56,59,61,28,51,44,44,28,39,53,47,79,49,69,5,47,48,1,2016-17
1627861,Mike Tobey,Mike,1610612766,CHA,22.0,2,0,2,0.0,25.183333333333334,1,4,0.25,0,0,0.0,0,0,0.0,2,1,3,1,1,0,0,1,2,0,2,-17,6.1,0,0,6.0,7.0,99,100,3,100,98,99,98,99,43,73,43,99,100,99,97,99,100,96,100,97,99,8,1,101,101,50,101,69,5,101,101,1,2016-17
203101,Miles Plumlee,Miles,1610612766,CHA,28.0,45,19,26,0.422,484.61,44,92,0.478,0,0,0.0,25,39,0.641,38,57,95,21,30,18,13,12,73,40,113,-66,321.5,0,0,291.0,343.0,73,67,42,59,78,81,80,74,43,73,43,75,75,65,79,83,82,73,72,62,77,34,28,76,80,77,82,69,5,82,81,2,2016-17
1626167,Myles Turner,Myles,1610612754,IND,21.0,81,42,39,0.519,2541.005,444,869,0.511,40,115,0.348,245,303,0.809,139,450,589,106,105,74,172,45,262,257,1173,143,2671.8,15,0,2400.0,2712.0,5,20,78,37,7,10,9,56,14,13,18,7,11,20,31,14,17,21,23,8,2,83,100,12,8,16,11,17,5,12,12,1,2016-17
2403,Nene,ene,1610612745,HOU,34.0,67,47,20,0.701,1197.73,245,397,0.617,3,9,0.333,116,197,0.589,95,187,282,65,73,56,39,36,163,152,609,194,1256.9,0,0,1149.0,1306.0,46,12,33,10,45,33,40,14,29,34,22,27,23,77,44,55,52,40,37,18,48,73,67,27,34,13,39,69,5,39,39,1,2016-17
203457,Nerlens Noel,Nerlens,1610612742,DAL,23.0,51,24,27,0.471,1046.8233333333333,184,309,0.595,0,1,0.0,77,111,0.694,93,201,294,50,51,65,50,11,126,112,445,-83,1166.8,3,0,1019.0,1184.0,63,60,46,50,55,44,52,16,43,58,43,43,42,51,47,50,50,51,53,11,36,30,51,40,45,80,44,46,5,45,43,2,2016-17
203999,Nikola Jokić,Nikola,1610612743,DEN,22.0,73,37,36,0.507,2037.7283333333332,494,854,0.578,45,139,0.324,188,228,0.825,212,506,718,359,171,61,55,50,214,234,1221,299,2798.1,39,6,2575.0,3005.0,34,29,72,41,21,7,10,22,13,11,26,13,18,13,12,12,12,1,5,14,34,88,90,14,7,6,9,9,1,10,8,1,2016-17
202696,Nikola Vučević,Nikola,1610612753,ORL,26.0,75,27,48,0.36,2162.735,483,1031,0.468,23,75,0.307,107,160,0.669,176,603,779,208,117,76,74,34,180,151,1096,-140,2675.8,38,0,2406.0,2741.0,23,55,94,81,18,8,6,79,21,21,28,29,28,58,16,10,10,7,17,7,25,68,80,28,11,88,10,10,5,11,11,1,2016-17
201600,Omer Asik,Omer,1610612740,NOP,30.0,31,12,19,0.387,482.12333333333333,31,65,0.477,0,0,0.0,23,39,0.59,48,115,163,15,14,5,10,13,51,37,85,-60,334.1,1,0,293.0,323.0,79,79,29,69,79,83,83,75,43,73,43,77,75,76,70,68,69,78,81,82,82,38,21,77,82,75,81,58,5,81,82,1,2016-17
2200,Pau Gasol,Pau,1610612759,SAS,36.0,64,47,17,0.734,1626.735,303,604,0.502,56,104,0.538,130,184,0.707,107,394,501,150,81,24,70,37,110,161,792,227,1819.2,11,0,1687.0,1875.0,52,12,23,6,26,25,23,62,10,15,1,22,25,47,39,19,25,14,34,55,27,76,43,24,25,7,23,24,5,23,22,1,2016-17
201577,Robin Lopez,Robin,1610612741,CHI,29.0,81,40,41,0.494,2270.7566666666667,382,775,0.493,0,2,0.0,75,104,0.721,244,276,520,80,91,18,117,39,151,120,839,74,1897.0,8,0,1709.0,1924.0,5,23,81,49,14,18,13,70,43,48,43,44,47,43,9,37,22,32,28,62,7,77,62,38,22,22,22,30,5,22,21,1,2016-17
201579,Roy Hibbert,Roy,1610612743,DEN,30.0,48,24,24,0.5,682.31,80,147,0.544,0,0,0.0,61,75,0.813,54,98,152,21,32,8,46,12,100,64,221,-22,564.9,1,0,502.0,577.0,69,60,39,43,67,71,72,33,43,73,43,52,56,16,66,75,74,73,68,78,40,34,40,61,69,52,69,58,5,69,69,2,2016-17
203497,Rudy Gobert,Rudy,1610612762,UTA,25.0,81,51,30,0.63,2743.7466666666664,413,625,0.661,0,1,0.0,311,476,0.653,314,721,1035,97,147,49,214,56,246,420,1137,435,3166.5,58,0,2795.0,3155.0,5,5,55,19,2,11,20,6,43,58,43,4,3,60,2,4,4,25,10,25,1,93,98,3,9,2,5,2,5,5,5,1,2016-17
1626257,Salah Mejri,Salah,1610612742,DAL,31.0,73,29,44,0.397,905.0833333333334,88,137,0.642,1,3,0.333,36,61,0.59,97,211,308,14,40,32,61,9,152,87,213,-18,842.6,1,0,722.0,828.0,34,51,86,67,61,69,74,10,39,43,22,65,63,75,43,45,46,79,59,41,30,26,64,52,70,51,61,58,5,65,64,1,2016-17
1627746,Skal Labissiere,Skal,1610612758,SAC,21.0,33,9,24,0.273,611.6383333333333,117,218,0.537,3,8,0.375,52,74,0.703,51,111,162,27,37,16,13,16,64,64,289,-41,573.9,2,0,539.0,592.0,78,82,39,91,69,64,64,35,29,35,10,55,58,48,68,71,70,67,61,70,77,44,25,61,63,69,68,49,5,67,68,1,2016-17
201150,Spencer Hawes,Spencer,1610612749,MIL,29.0,54,27,27,0.5,797.1283333333333,134,277,0.484,25,81,0.309,44,52,0.846,38,153,191,81,49,15,30,16,77,55,337,-173,773.7,3,0,724.0,825.0,60,55,46,43,63,61,58,73,20,18,27,60,66,8,79,64,66,31,55,73,61,44,29,68,61,94,65,46,5,64,65,2,2016-17
1627757,Stephen Zimmerman,Stephen,1610612753,ORL,20.0,19,8,11,0.421,107.76,10,31,0.323,0,0,0.0,3,5,0.6,11,24,35,4,3,2,5,7,17,2,23,-40,89.0,0,0,76.0,87.0,86,83,16,60,89,89,86,97,43,73,43,93,93,74,86,86,86,88,95,89,88,21,14,94,91,68,87,69,5,88,87,1,2016-17
203500,Steven Adams,Steven,1610612760,OKC,23.0,80,47,33,0.588,2389.365,374,655,0.571,0,1,0.0,157,257,0.611,281,332,613,86,146,89,78,44,195,266,905,195,2124.6,16,0,1938.0,2191.0,13,12,65,30,12,20,19,24,43,58,43,17,14,73,8,26,15,30,11,5,22,81,84,11,18,12,19,16,5,19,19,1,2016-17
204028,Tarik Black,Tarik,1610612747,LAL,25.0,67,24,43,0.358,1090.8983333333333,150,294,0.51,1,2,0.5,82,109,0.752,144,199,343,39,58,29,44,30,173,101,383,-49,1014.1,2,0,912.0,1023.0,46,60,84,82,52,55,55,57,39,48,2,40,44,33,29,51,40,61,47,46,41,64,76,44,55,71,50,49,5,51,52,1,2016-17
1627748,Thon Maker,Thon,1610612749,MIL,20.0,57,31,26,0.544,562.1883333333334,83,181,0.459,28,74,0.378,32,49,0.653,40,74,114,23,17,10,26,12,84,44,226,-27,488.3,0,0,463.0,494.0,58,42,42,33,73,70,67,83,19,22,9,70,69,61,78,80,80,70,79,77,64,34,34,75,68,57,73,69,5,71,74,1,2016-17
201168,Tiago Splitter,Tiago,1610612755,PHI,32.0,8,1,7,0.125,75.96666666666667,14,31,0.452,2,6,0.333,9,11,0.818,8,14,22,4,6,1,1,5,8,7,39,-4,71.4,0,0,71.0,75.0,93,98,13,99,93,88,86,86,36,37,22,84,86,14,91,91,92,88,87,91,92,17,8,89,86,44,91,69,5,90,91,1,2016-17
202389,Timofey Mozgov,Timofey,1610612747,LAL,30.0,54,16,38,0.296,1103.86,169,328,0.515,0,1,0.0,63,78,0.808,104,160,264,43,72,16,31,26,133,93,401,-196,851.3,1,0,802.0,892.0,60,70,76,87,51,49,49,50,43,58,43,51,54,21,41,62,54,57,38,70,60,59,54,48,50,95,60,58,5,59,60,1,2016-17
202684,Tristan Thompson,Tristan,1610612739,CLE,26.0,78,50,28,0.641,2336.3816666666667,262,437,0.6,0,3,0.0,106,213,0.498,286,429,715,77,64,39,84,45,176,190,630,133,1908.5,19,0,1668.0,1868.0,17,8,48,18,13,27,35,15,43,43,43,31,20,91,7,16,13,34,43,31,20,83,78,20,30,19,21,13,5,24,23,1,2016-17
203092,Tyler Zeller,Tyler,1610612738,BOS,27.0,51,32,19,0.627,524.655,78,158,0.494,0,1,0.0,22,39,0.564,43,81,124,42,20,7,21,16,61,49,178,-2,453.8,1,0,400.0,470.0,63,41,29,21,77,72,70,69,43,58,43,79,75,81,75,78,78,58,78,79,71,44,24,71,73,42,77,58,5,76,75,1,2016-17
2199,Tyson Chandler,Tyson,1610612756,PHX,34.0,47,15,32,0.319,1297.61,153,228,0.671,0,0,0.0,91,124,0.734,153,386,539,30,65,33,24,11,126,102,397,-74,1194.8,12,0,1080.0,1167.0,70,73,62,84,38,54,62,5,43,73,43,37,38,38,26,20,19,65,41,39,66,30,51,43,52,78,43,23,5,43,44,1,2016-17
1626161,Willie Cauley-Stein,Willie,1610612758,SAC,23.0,75,29,46,0.387,1420.79,255,481,0.53,0,2,0.0,101,151,0.669,85,254,339,80,69,53,44,34,147,109,611,-206,1359.8,8,0,1224.0,1401.0,23,51,92,70,32,29,29,42,43,48,43,34,32,57,52,40,41,32,39,20,41,68,60,41,33,96,36,30,5,36,36,1,2016-17
203186,Willie Reed,Willie,1610612748,MIA,27.0,71,39,32,0.549,1030.7166666666667,162,285,0.568,1,4,0.25,49,88,0.557,129,203,332,26,31,18,47,23,137,89,374,36,975.4,4,0,863.0,953.0,40,25,62,32,57,51,56,25,39,40,35,56,51,82,33,47,44,68,69,62,39,53,56,50,57,29,55,40,5,56,56,1,2016-17
1626195,Willy Hernangomez,Willy,1610612752,NYK,23.0,72,27,45,0.375,1324.41,246,465,0.529,4,15,0.267,91,125,0.728,170,332,502,96,100,41,36,35,150,126,587,-54,1464.4,11,0,1343.0,1512.0,37,55,90,75,37,32,32,44,28,29,34,37,37,40,18,26,24,26,25,29,54,72,61,35,36,74,32,24,5,33,33,1,2016-17
2585,Zaza Pachulia,Zaza,1610612744,GSW,33.0,70,58,12,0.829,1268.3333333333333,164,307,0.534,0,2,0.0,98,126,0.778,140,270,410,132,87,59,33,34,166,147,426,418,1305.0,4,0,1152.0,1376.0,42,2,17,3,41,50,54,37,43,48,43,35,36,26,30,38,33,16,30,16,56,68,68,30,48,3,37,40,5,38,37,1,2016-17
201143,Al Horford,Al,1610612738,BOS,32.0,72,47,25,0.653,2277.025,368,753,0.489,97,226,0.429,94,120,0.783,103,428,531,339,132,43,78,26,138,134,927,345,2303.7,15,0,2136.0,2499.0,38,8,58,21,9,22,17,80,11,14,5,39,40,26,43,20,25,2,14,24,24,71,71,37,22,5,14,21,9,14,13,1,2017-18
2744,Al Jefferson,Al,1610612754,IND,33.0,36,17,19,0.472,483.56,111,208,0.534,0,3,0.0,30,36,0.833,30,113,143,30,21,16,23,19,66,33,252,-11,564.6,1,0,503.0,572.0,82,77,39,66,79,70,68,56,62,63,62,76,81,12,83,73,80,78,81,71,71,59,43,85,70,70,75,61,9,76,76,1,2017-18
1626210,Alan Williams,Alan,1610612756,PHX,25.0,5,1,4,0.2,70.335,7,18,0.389,0,0,0.0,6,9,0.667,3,19,22,8,7,5,1,3,13,9,20,1,69.4,0,0,62.0,76.0,112,114,12,111,105,104,105,111,62,87,62,100,102,69,109,99,101,95,99,91,106,20,17,102,105,54,102,76,9,102,102,1,2017-18
203458,Alex Len,Alex,1610612756,PHX,25.0,69,20,49,0.29,1395.3466666666666,214,378,0.566,1,3,0.333,158,231,0.684,175,343,518,82,78,27,61,43,158,189,587,-257,1517.6,12,0,1364.0,1533.0,42,69,110,103,43,45,47,34,52,63,32,19,18,64,17,32,27,41,43,57,33,96,82,22,39,114,37,26,9,39,40,1,2017-18
101161,Amir Johnson,Amir,1610612755,PHI,31.0,74,47,27,0.635,1170.3016666666667,140,260,0.538,10,32,0.313,52,85,0.612,123,207,330,118,55,45,44,27,192,74,342,9,1127.0,1,0,978.0,1175.0,29,8,64,24,52,57,60,54,34,34,36,63,57,87,36,52,48,23,56,19,49,74,98,65,60,49,51,61,9,52,52,1,2017-18
203083,Andre Drummond,Andre,1610612765,DET,24.0,78,37,41,0.474,2624.8483333333334,466,881,0.529,0,11,0.0,239,395,0.605,399,848,1247,237,200,114,127,60,250,338,1171,-53,3545.9,62,0,3137.0,3615.0,12,36,99,65,3,8,10,59,62,49,62,9,6,88,1,1,1,6,6,2,5,109,116,9,9,84,3,2,9,3,3,1,2017-18
101106,Andrew Bogut,Andrew,1610612747,LAL,33.0,24,7,17,0.292,216.395,17,25,0.68,0,0,0.0,2,2,1.0,26,52,78,15,19,4,13,1,40,6,36,-29,184.1,0,0,163.0,195.0,94,96,35,100,93,97,100,3,62,87,62,107,109,1,84,92,90,85,85,94,87,10,32,105,98,74,94,76,9,94,94,1,2017-18
1627790,Ante Zizic,Ante,1610612739,CLE,21.0,32,21,11,0.656,214.24,49,67,0.731,0,0,0.0,21,29,0.724,24,36,60,5,11,2,13,2,30,24,119,-39,232.5,0,0,214.0,234.0,86,63,25,20,94,87,93,1,62,87,62,83,84,50,85,95,93,100,93,98,87,16,25,89,89,82,91,76,9,93,93,1,2017-18
203076,Anthony Davis,Anthony,1610612740,NOP,25.0,75,45,30,0.6,2727.2366666666667,780,1462,0.534,55,162,0.34,495,598,0.828,187,644,831,174,162,115,193,45,159,558,2110,294,4130.2,50,1,3786.0,4213.0,27,13,70,34,2,1,1,57,19,18,31,1,1,14,11,5,5,12,9,1,1,99,84,1,1,9,1,4,3,1,1,1,2017-18
203382,Aron Baynes,Aron,1610612738,BOS,31.0,81,54,27,0.667,1484.4933333333333,210,446,0.471,3,21,0.143,59,78,0.756,130,304,434,93,80,22,51,33,200,109,482,185,1281.3,4,0,1158.0,1321.0,6,4,64,16,39,46,38,88,45,39,51,57,63,36,33,38,37,35,42,62,42,83,102,45,46,15,47,42,9,47,46,1,2017-18
1628389,Bam Adebayo,Bam,1610612748,MIA,20.0,69,34,35,0.493,1368.185,174,340,0.512,0,7,0.0,129,179,0.721,118,263,381,101,66,32,41,29,138,170,477,-31,1238.7,7,0,1105.0,1279.0,42,44,84,62,46,51,52,66,62,54,62,30,30,53,38,42,44,33,47,46,52,77,71,30,47,76,48,34,9,49,49,1,2017-18
202687,Bismack Biyombo,Bismack,1610612753,ORL,25.0,82,25,57,0.305,1494.89,183,352,0.52,0,1,0.0,102,157,0.65,144,324,468,66,84,21,95,40,158,155,468,-429,1392.6,7,0,1234.0,1416.0,1,55,118,97,38,50,50,62,62,76,62,35,36,78,24,34,34,50,39,64,17,93,82,34,50,118,42,34,9,44,44,1,2017-18
1626246,Boban Marjanovic,Boban,1610612746,LAC,29.0,39,18,21,0.462,337.87,79,148,0.534,0,0,0.0,77,97,0.794,48,96,144,22,36,10,11,14,51,78,235,55,467.8,1,0,443.0,486.0,81,75,45,69,88,77,75,55,62,87,62,46,49,24,74,80,79,81,68,81,91,50,37,62,73,30,81,61,9,80,81,2,2017-18
201148,Brandan Wright,Brandan,1610612745,HOU,30.0,28,11,17,0.393,380.875,59,102,0.578,0,0,0.0,21,33,0.636,33,62,95,13,8,13,26,7,32,26,139,42,381.5,0,0,325.0,377.0,90,94,35,82,84,84,87,27,62,87,62,83,82,81,81,89,86,88,97,80,68,36,27,87,84,32,85,76,9,85,85,2,2017-18
201572,Brook Lopez,Brook,1610612747,LAL,30.0,74,34,40,0.459,1734.9466666666667,369,793,0.465,112,325,0.345,111,158,0.703,74,220,294,126,98,30,98,23,195,161,961,-78,1788.8,4,0,1749.0,1891.0,29,44,96,70,29,21,13,90,4,3,28,33,34,60,61,51,54,20,29,51,15,66,101,32,17,92,33,42,9,27,29,1,2017-18
1628403,Caleb Swanigan,Caleb,1610612757,POR,21.0,27,16,11,0.593,189.34666666666666,24,60,0.4,1,8,0.125,12,18,0.667,15,39,54,14,18,5,3,4,37,15,61,-11,152.8,0,0,146.0,167.0,92,80,25,38,95,94,94,105,52,53,56,93,94,69,94,93,94,86,87,91,97,25,30,96,94,70,95,76,9,95,95,1,2017-18
1627778,Chinanu Onuaku,Chinanu,1610612745,HOU,21.0,1,0,1,0.0,21.566666666666666,2,5,0.4,0,0,0.0,0,0,0.0,1,3,4,1,3,0,0,0,4,2,4,-8,7.3,0,0,9.0,10.0,116,116,2,116,114,113,113,105,62,87,62,113,114,113,113,115,115,111,104,113,109,1,8,112,114,68,116,76,9,115,116,1,2017-18
203991,Clint Capela,Clint,1610612745,HOU,24.0,74,62,12,0.838,2034.1083333333333,441,676,0.652,0,1,0.0,144,257,0.56,241,561,802,68,103,58,137,65,185,217,1026,379,2572.4,42,0,2286.0,2549.0,29,1,29,2,16,10,24,6,62,76,62,24,16,96,6,7,7,49,24,11,2,112,91,16,14,2,9,6,9,12,12,1,2017-18
203469,Cody Zeller,Cody,1610612766,CHA,25.0,33,14,19,0.424,627.1833333333333,85,156,0.545,2,3,0.667,61,85,0.718,67,110,177,31,33,14,21,21,81,76,233,23,563.9,1,0,513.0,577.0,83,87,39,78,73,75,74,49,47,63,2,54,57,55,64,75,71,77,73,78,76,64,46,63,74,39,76,61,9,75,75,1,2017-18
202332,Cole Aldrich,Cole,1610612750,MIN,29.0,21,14,7,0.667,48.69833333333333,5,15,0.333,0,0,0.0,2,6,0.333,3,12,15,3,1,2,1,1,11,3,12,-2,42.5,0,0,36.0,42.0,96,87,17,16,107,107,107,114,62,87,62,107,104,111,109,106,106,104,112,98,106,10,15,108,109,64,107,76,9,107,107,1,2017-18
1626245,Cristiano Felicio,Cristiano,1610612741,CHI,25.0,55,13,42,0.236,977.45,127,215,0.591,0,2,0.0,54,81,0.667,83,150,233,55,54,16,11,19,104,66,308,-335,697.1,3,0,650.0,732.0,62,92,102,110,61,65,67,20,62,68,62,62,59,69,54,66,62,56,57,71,91,59,54,66,65,117,71,48,9,70,70,1,2017-18
1626177,Dakari Johnson,Dakari,1610612760,OKC,22.0,31,21,10,0.677,161.37,22,39,0.564,0,0,0.0,11,20,0.55,16,18,34,8,3,6,8,4,27,16,55,33,146.8,0,0,125.0,147.0,87,63,22,15,97,95,96,37,62,87,62,95,91,99,93,100,98,95,104,88,94,25,23,95,95,36,96,76,9,96,96,1,2017-18
1627745,Damian Jones,Damian,1610612744,GSW,23.0,15,7,8,0.467,88.71166666666667,11,22,0.5,0,0,0.0,3,5,0.6,5,9,14,2,4,1,3,3,14,10,25,0,52.8,0,0,49.0,55.0,101,96,18,67,101,101,101,70,62,87,62,105,107,89,105,107,107,106,102,105,97,20,19,99,101,58,105,76,9,105,105,1,2017-18
1628464,Daniel Theis,Daniel,1610612738,BOS,26.0,63,44,19,0.698,935.63,126,233,0.541,18,58,0.31,61,81,0.753,90,184,274,56,56,30,48,15,157,87,331,1,921.8,2,0,835.0,951.0,51,18,39,11,64,66,65,51,28,29,38,54,59,39,50,57,59,55,55,51,46,54,81,57,62,54,58,54,9,60,57,1,2017-18
202722,Davis Bertans,Davis,1610612759,SAS,25.0,77,43,34,0.558,1086.2083333333333,161,366,0.44,94,252,0.373,40,49,0.816,18,135,153,74,36,26,28,6,93,53,456,89,876.6,0,0,885.0,919.0,14,19,79,47,56,53,49,97,12,11,16,67,77,18,89,69,77,45,68,58,65,31,49,71,51,23,61,76,9,56,60,1,2017-18
201599,DeAndre Jordan,DeAndre,1610612746,LAC,29.0,77,39,38,0.506,2423.4366666666665,373,578,0.645,0,0,0.0,181,312,0.58,329,842,1171,117,137,39,70,33,203,291,927,-129,2697.7,46,0,2433.0,2659.0,14,32,92,59,7,20,30,8,62,87,62,13,10,92,3,2,2,24,12,33,28,83,104,10,22,99,7,5,9,9,10,1,2017-18
202326,DeMarcus Cousins,DeMarcus,1610612740,NOP,27.0,48,27,21,0.563,1737.07,406,864,0.47,104,294,0.354,294,394,0.746,105,512,617,257,242,79,76,61,183,376,1210,78,2558.9,38,3,2498.0,2806.0,73,51,45,46,28,13,11,89,9,6,25,6,7,44,42,11,17,4,1,5,26,110,89,6,8,26,10,8,2,8,8,1,2017-18
202324,Derrick Favors,Derrick,1610612762,UTA,26.0,77,46,31,0.597,2153.4016666666666,395,702,0.563,14,63,0.222,140,215,0.651,198,354,552,102,88,54,82,41,164,176,944,143,2079.4,15,0,1884.0,2108.0,14,12,73,37,11,15,22,38,31,27,47,25,21,77,8,30,22,31,36,13,20,94,87,29,19,19,18,21,9,20,19,1,2017-18
203473,Dewayne Dedmon,Dewayne,1610612737,ATL,28.0,62,18,44,0.29,1542.2733333333333,250,477,0.524,50,141,0.355,67,86,0.779,100,389,489,90,85,40,51,12,162,97,617,-158,1526.8,15,0,1428.0,1559.0,54,75,103,102,36,39,36,60,20,20,23,52,56,27,47,26,30,37,37,29,42,47,85,50,38,103,36,21,9,37,38,1,2017-18
1627738,Deyonta Davis,Deyonta,1610612763,MEM,21.0,62,16,46,0.258,942.6733333333333,161,265,0.608,0,0,0.0,38,57,0.667,75,175,250,40,32,15,39,6,125,48,360,-160,850.0,1,0,758.0,852.0,54,80,106,108,63,53,58,16,62,87,62,70,70,69,59,60,60,69,76,75,53,31,66,74,58,104,62,61,9,61,62,1,2017-18
1717,Dirk Nowitzki,Dirk,1610612742,DAL,40.0,77,24,53,0.312,1900.3383333333334,346,758,0.456,138,337,0.409,97,108,0.898,22,416,438,120,51,43,45,5,146,119,927,-55,1845.6,5,0,1799.0,1869.0,14,57,115,95,19,24,16,94,1,1,10,37,45,5,86,22,36,22,58,24,47,30,76,39,22,85,29,39,9,25,32,1,2017-18
1627734,Domantas Sabonis,Domantas,1610612754,IND,22.0,74,45,29,0.608,1810.12,340,661,0.514,13,37,0.351,168,224,0.75,165,407,572,151,137,40,32,48,220,216,861,34,1852.9,15,0,1741.0,1951.0,29,13,69,32,25,26,25,65,32,33,27,16,19,40,19,23,21,15,12,29,58,103,111,19,27,35,27,21,9,28,25,1,2017-18
2730,Dwight Howard,Dwight,1610612766,CHA,32.0,81,35,46,0.432,2463.3433333333332,506,911,0.555,1,7,0.143,334,582,0.574,255,757,1012,105,208,48,131,79,249,439,1347,89,3047.9,53,0,2823.0,3106.0,6,41,106,76,5,4,7,46,52,54,51,4,2,94,5,4,3,28,5,16,3,117,115,2,5,23,5,3,9,5,5,1,2017-18
203939,Dwight Powell,Dwight,1610612742,DAL,26.0,79,23,56,0.291,1671.745,255,430,0.593,28,84,0.333,133,185,0.719,135,309,444,91,59,67,32,25,186,217,671,6,1578.3,5,0,1432.0,1594.0,8,58,117,101,33,37,40,18,25,24,32,28,27,54,27,37,35,36,51,7,58,69,94,16,36,50,35,39,9,36,36,1,2017-18
202334,Ed Davis,Ed,1610612757,POR,29.0,78,48,30,0.615,1470.885,170,292,0.582,0,1,0.0,74,111,0.667,183,392,575,40,66,32,52,30,188,118,414,90,1350.0,6,0,1197.0,1321.0,12,6,70,30,40,52,56,26,62,76,62,49,44,69,12,25,20,69,47,46,40,80,97,40,53,22,46,37,9,45,46,1,2017-18
202327,Ekpe Udoh,Ekpe,1610612762,UTA,31.0,63,36,27,0.571,809.6716666666666,60,120,0.5,0,1,0.0,42,56,0.75,68,82,150,53,20,43,74,11,105,60,162,63,752.5,0,0,599.0,769.0,51,39,64,42,66,83,84,70,62,76,62,65,71,40,63,82,78,58,84,24,27,45,55,68,81,28,68,76,9,73,68,1,2017-18
2731,Emeka Okafor,Emeka,1610612740,NOP,35.0,26,16,10,0.615,353.235,48,95,0.505,0,0,0.0,18,22,0.818,47,73,120,8,13,8,25,11,30,21,114,0,356.0,0,0,308.0,349.0,93,80,22,30,86,90,88,67,62,87,62,89,89,16,76,84,84,95,91,84,69,45,25,90,90,58,86,76,9,87,86,1,2017-18
202683,Enes Freedom,Enes,1610612752,NYK,26.0,71,27,44,0.38,1829.7,422,713,0.592,0,2,0.0,156,184,0.848,273,507,780,105,122,36,37,68,187,177,1000,-185,2190.5,39,0,2031.0,2209.0,40,51,103,85,22,12,20,19,62,68,62,21,28,10,4,12,8,28,16,40,55,114,96,28,15,107,15,7,9,15,16,1,2017-18
203961,Eric Moreland,Eric,1610612765,DET,26.0,67,32,35,0.478,805.115,66,122,0.541,0,0,0.0,11,29,0.379,81,197,278,78,41,31,51,10,116,60,143,4,798.6,2,0,663.0,823.0,45,46,84,63,68,81,81,50,62,87,62,95,84,110,55,54,58,44,64,48,42,43,60,68,83,51,64,54,9,69,64,1,2017-18
1626163,Frank Kaminsky,Frank,1610612766,CHA,25.0,79,35,44,0.443,1835.1883333333333,307,716,0.429,104,274,0.38,155,194,0.799,46,242,288,129,66,36,19,39,95,145,873,-57,1511.1,0,0,1504.0,1584.0,8,41,103,74,21,31,19,99,9,10,14,22,25,22,77,46,56,19,47,40,78,91,50,36,25,86,38,76,9,34,37,1,2017-18
1627834,Georgios Papagiannis,Georgios,1610612757,POR,20.0,17,3,14,0.176,121.61166666666666,18,42,0.429,0,0,0.0,0,0,0.0,13,24,37,9,8,4,6,2,12,3,36,-5,115.9,0,0,102.0,121.0,100,108,31,114,100,96,95,100,62,87,62,113,114,113,96,98,97,93,97,94,95,16,16,108,98,66,97,76,9,97,97,2,2017-18
203476,Gorgui Dieng,Gorgui,1610612750,MIN,28.0,79,45,34,0.57,1332.615,186,388,0.479,19,61,0.311,79,102,0.775,106,254,360,71,59,45,39,29,147,94,470,-202,1201.5,2,0,1088.0,1224.0,8,13,79,44,48,49,43,84,27,28,37,45,47,30,41,43,45,48,51,19,53,77,78,53,49,109,50,54,9,50,50,1,2017-18
202328,Greg Monroe,Greg,1610612738,BOS,28.0,51,21,30,0.412,1040.8483333333334,218,386,0.565,0,0,0.0,88,119,0.739,109,241,350,114,94,44,23,27,95,105,524,-213,1222.0,9,1,1122.0,1303.0,70,63,70,80,60,44,44,35,62,87,62,43,41,45,40,47,47,25,31,22,71,74,50,46,43,110,49,31,3,48,48,3,2017-18
202355,Hassan Whiteside,Hassan,1610612748,MIA,29.0,54,30,24,0.556,1364.07,312,578,0.54,2,2,1.0,128,182,0.703,174,444,618,54,92,37,94,52,131,169,754,-79,1877.6,28,0,1690.0,1873.0,65,47,55,48,47,30,30,52,47,68,1,31,29,58,18,17,16,57,33,39,18,107,68,31,34,93,25,14,9,30,31,1,2017-18
101133,Ian Mahinmi,Ian,1610612764,WAS,31.0,77,42,35,0.545,1145.3266666666666,138,248,0.556,0,2,0.0,90,128,0.703,135,177,312,53,100,38,42,26,230,116,366,14,959.9,1,0,891.0,1024.0,14,24,84,50,54,58,61,45,62,68,62,41,38,59,27,58,51,58,26,35,51,71,113,41,57,46,55,61,9,55,54,1,2017-18
1628387,Ike Anigbogu,Ike,1610612754,IND,19.0,11,5,6,0.455,29.79,4,9,0.444,0,0,0.0,5,6,0.833,5,4,9,0,2,1,3,2,1,3,13,-14,33.8,0,0,30.0,34.0,104,104,14,72,112,109,110,96,62,87,62,101,104,12,105,113,113,113,108,105,97,16,1,108,108,73,110,76,9,110,109,1,2017-18
1627826,Ivica Zubac,Ivica,1610612747,LAL,21.0,43,19,24,0.442,409.82166666666666,61,122,0.5,0,1,0.0,39,51,0.765,45,78,123,25,26,8,15,12,47,46,161,42,389.1,1,0,355.0,403.0,78,72,55,75,83,82,81,70,62,76,62,69,76,35,78,83,82,80,78,84,84,47,35,78,82,32,84,61,9,84,84,1,2017-18
201580,JaVale McGee,JaVale,1610612744,GSW,30.0,65,45,20,0.692,615.3866666666667,136,219,0.621,0,6,0.0,38,52,0.731,59,110,169,33,27,21,57,8,91,44,310,39,769.3,0,0,668.0,779.0,48,13,44,13,74,60,66,14,62,59,62,70,75,47,70,75,74,74,77,64,36,37,47,79,64,34,67,76,9,68,67,1,2017-18
204022,Jack Cooley,Jack,1610612758,SAC,27.0,7,4,3,0.571,87.27333333333333,13,27,0.481,0,0,0.0,14,19,0.737,14,16,30,6,3,1,0,4,13,19,40,-4,85.0,0,0,78.0,85.0,109,107,7,42,102,99,99,83,62,87,62,90,92,46,95,101,100,98,104,105,109,25,17,91,97,65,101,76,9,101,101,1,2017-18
1626143,Jahlil Okafor,Jahlil,1610612751,BKN,22.0,28,7,21,0.25,352.83166666666665,77,138,0.558,1,4,0.25,21,29,0.724,21,64,85,12,21,3,18,14,51,36,176,-163,338.0,0,0,316.0,348.0,90,96,45,109,87,78,76,43,52,61,44,83,84,50,87,87,88,90,81,96,79,50,37,83,80,106,87,76,9,86,87,2,2017-18
1627751,Jakob Poeltl,Jakob,1610612761,TOR,22.0,82,59,23,0.72,1523.545,253,384,0.659,1,2,0.5,60,101,0.594,165,228,393,57,85,39,100,35,212,115,567,249,1456.1,4,0,1296.0,1491.0,1,2,53,10,37,38,45,5,52,68,3,56,48,90,19,49,42,53,37,33,13,86,107,42,41,11,41,42,9,42,42,1,2017-18
1628386,Jarrett Allen,Jarrett,1610612751,BKN,20.0,72,25,47,0.347,1441.115,234,397,0.589,5,15,0.333,114,147,0.776,144,244,388,49,82,28,88,39,147,110,587,-142,1392.1,4,0,1261.0,1421.0,38,55,108,88,41,40,41,23,37,45,32,32,37,29,24,45,43,63,41,55,19,91,78,44,39,101,43,42,9,43,43,1,2017-18
201160,Jason Smith,Jason,1610612764,WAS,32.0,33,15,18,0.455,284.74666666666667,45,115,0.391,4,32,0.125,19,21,0.905,18,35,53,14,16,3,13,8,44,26,113,-83,229.6,0,0,216.0,242.0,83,83,37,72,90,92,85,110,40,34,56,87,90,4,89,96,95,86,89,96,87,37,33,87,91,95,93,76,9,92,90,1,2017-18
203481,Jeff Withey,Jeff,1610612742,DAL,28.0,10,2,8,0.2,39.3,6,16,0.375,2,10,0.2,1,2,0.5,1,9,10,0,2,0,3,1,3,4,15,21,34.0,0,0,33.0,34.0,105,111,18,111,109,105,106,113,47,51,50,111,109,101,113,107,110,113,108,113,97,10,6,107,106,40,109,76,9,109,109,1,2017-18
201149,Joakim Noah,Joakim,1610612752,NYK,33.0,7,1,6,0.143,40.145,5,10,0.5,0,0,0.0,2,4,0.5,6,8,14,4,4,2,2,0,5,6,12,0,42.8,0,0,38.0,46.0,109,114,14,115,108,107,109,70,62,87,62,107,108,101,102,109,107,102,102,98,103,1,9,105,109,58,106,76,9,106,106,1,2017-18
1627762,Joel Bolomboy,Joel,1610612749,MIL,24.0,6,3,3,0.5,37.66,3,6,0.5,0,1,0.0,3,6,0.5,6,4,10,0,2,2,0,1,3,3,9,-13,25.0,0,0,23.0,25.0,111,108,7,60,110,111,112,70,62,76,62,105,104,101,102,113,110,113,108,98,109,10,6,108,111,72,112,76,9,111,112,1,2017-18
203954,Joel Embiid,Joel,1610612755,PHI,24.0,63,41,22,0.651,1912.135,510,1056,0.483,66,214,0.308,359,467,0.769,143,547,690,199,234,40,111,74,209,410,1445,486,2790.5,38,0,2702.0,2986.0,51,27,49,23,18,3,3,82,15,15,40,2,3,33,26,8,10,9,2,29,9,116,105,3,3,1,6,8,9,6,6,1,2017-18
203530,Joffrey Lauvergne,Joffrey,1610612759,SAS,26.0,55,30,25,0.545,533.9083333333333,98,190,0.516,0,5,0.0,30,47,0.638,63,108,171,41,33,9,3,20,45,38,226,-66,495.7,1,0,462.0,515.0,62,47,58,50,77,72,69,64,62,60,62,76,78,80,65,78,73,68,73,82,97,61,34,82,75,87,79,61,9,78,79,1,2017-18
1628381,John Collins,John,1610612737,ATL,20.0,74,21,53,0.284,1784.62,314,545,0.576,16,47,0.34,133,186,0.715,176,365,541,98,105,47,80,48,215,187,777,-220,1849.2,11,0,1686.0,1895.0,29,63,115,106,26,29,34,28,30,31,30,28,26,57,16,28,24,34,23,17,22,103,109,24,30,111,28,28,9,31,28,1,2017-18
203089,John Henson,John,1610612749,MIL,27.0,76,39,37,0.513,1969.505,287,502,0.572,1,7,0.143,90,158,0.57,150,363,513,114,84,45,109,31,202,149,665,165,1829.6,10,0,1601.0,1868.0,22,32,89,56,17,34,35,29,52,54,51,41,34,95,22,29,28,25,39,19,11,82,103,35,37,16,32,30,9,33,33,1,2017-18
202720,Jon Leuer,Jon,1610612765,DET,29.0,8,5,3,0.625,136.46666666666667,15,36,0.417,0,3,0.0,13,15,0.867,7,25,32,5,7,1,3,3,16,13,43,12,93.9,0,0,88.0,97.0,107,104,7,26,98,98,97,102,62,63,62,91,96,7,100,97,99,100,99,105,97,20,21,97,96,47,98,76,9,98,98,1,2017-18
202685,Jonas Valanciunas,Jonas,1610612761,TOR,26.0,77,56,21,0.727,1727.24,390,687,0.568,30,74,0.405,170,211,0.806,183,477,660,81,115,29,69,47,192,181,980,227,2072.5,26,0,1947.0,2096.0,14,3,45,9,30,16,23,33,24,26,11,15,22,20,12,14,12,42,17,53,29,102,98,27,16,13,20,18,9,18,20,1,2017-18
1628395,Jordan Bell,Jordan,1610612744,GSW,23.0,57,43,14,0.754,808.9133333333333,116,185,0.627,0,4,0.0,30,44,0.682,60,147,207,102,51,35,56,16,92,43,262,159,885.4,1,0,753.0,946.0,59,19,31,6,67,68,71,12,62,61,62,76,79,66,69,68,68,31,58,45,37,56,48,80,69,17,60,61,9,63,58,1,2017-18
1626175,Jordan Mickey,Jordan,1610612748,MIA,23.0,23,15,8,0.652,284.05833333333334,39,82,0.476,2,16,0.125,13,19,0.684,18,63,81,9,18,6,10,6,36,17,93,-30,233.7,0,0,217.0,240.0,95,83,18,22,91,93,90,86,47,44,56,91,92,63,89,88,89,93,87,88,93,31,28,92,93,75,90,76,9,91,91,1,2017-18
201177,Josh McRoberts,Josh,1610612742,DAL,31.0,2,2,0,1.0,5.75,0,1,0.0,0,1,0.0,0,0,0.0,0,0,0,0,0,0,0,0,2,0,0,0,0.0,0,0,0.0,0.0,115,111,1,1,117,118,118,118,62,76,62,113,114,113,116,117,117,113,115,113,109,1,5,117,118,58,118,76,9,118,118,1,2017-18
203944,Julius Randle,Julius,1610612747,LAL,23.0,82,35,47,0.427,2190.383333333333,504,904,0.558,10,45,0.222,305,425,0.718,181,473,654,210,213,43,45,105,274,340,1323,-81,2473.8,28,1,2373.0,2661.0,1,41,108,77,10,5,8,44,34,32,47,5,4,55,14,15,13,7,3,24,47,118,117,8,6,94,12,14,3,10,9,1,2017-18
1628383,Justin Patton,Justin,1610612750,MIN,21.0,1,0,1,0.0,3.7333333333333334,1,2,0.5,0,0,0.0,0,0,0.0,0,0,0,0,0,1,0,0,1,0,2,3,5.0,0,0,4.0,5.0,116,116,2,116,118,115,116,70,62,87,62,113,114,113,116,117,117,113,115,105,109,1,1,117,117,52,117,76,9,117,117,1,2017-18
203994,Jusuf Nurkić,Jusuf,1610612757,POR,23.0,79,48,31,0.608,2088.11,480,951,0.505,0,7,0.0,172,273,0.63,189,519,708,143,183,64,111,67,247,277,1132,157,2538.1,27,0,2333.0,2651.0,8,6,73,33,13,7,6,68,62,54,62,14,14,83,10,9,9,17,8,8,9,113,114,14,10,18,11,17,9,11,11,1,2017-18
1626157,Karl-Anthony Towns,Karl-Anthony,1610612750,MIN,22.0,82,47,35,0.573,2918.1883333333335,639,1172,0.545,120,285,0.421,345,402,0.858,238,774,1012,199,159,64,115,64,285,380,1743,372,3633.9,68,0,3432.0,3690.0,1,8,84,41,1,2,2,48,3,7,7,3,5,8,7,3,3,9,10,8,7,111,118,5,2,3,2,1,9,2,2,1,2017-18
203482,Kelly Olynyk,Kelly,1610612748,MIA,27.0,76,42,34,0.553,1778.6816666666666,316,636,0.497,106,280,0.379,134,174,0.77,89,342,431,207,147,62,35,38,222,217,872,233,1843.7,7,0,1810.0,2008.0,22,24,79,49,27,28,28,79,8,8,15,27,32,32,51,33,38,8,11,10,56,90,112,16,26,12,30,34,9,24,22,1,2017-18
2570,Kendrick Perkins,Kendrick,1610612739,CLE,33.0,1,0,1,0.0,14.533333333333333,1,2,0.5,0,0,0.0,1,2,0.5,0,1,1,2,1,1,0,1,1,1,3,3,9.2,0,0,8.0,11.0,116,116,2,116,116,115,116,70,62,87,62,111,109,101,116,116,116,106,112,105,109,10,1,113,116,52,115,76,9,116,115,1,2017-18
201567,Kevin Love,Kevin,1610612739,CLE,29.0,59,37,22,0.627,1651.0083333333334,334,729,0.458,137,330,0.415,234,266,0.88,101,445,546,103,90,43,24,49,120,232,1039,77,1959.7,31,0,1959.0,1992.0,58,36,49,25,34,27,18,92,2,2,9,10,15,6,45,16,23,30,34,24,70,105,61,15,13,27,22,11,9,16,23,1,2017-18
203920,Khem Birch,Khem,1610612753,ORL,25.0,42,14,28,0.333,578.4066666666666,68,126,0.54,0,0,0.0,42,61,0.689,70,110,180,34,21,15,21,8,56,54,178,11,532.0,3,0,464.0,534.0,79,87,67,91,75,80,79,53,62,87,62,65,68,62,62,75,70,73,81,75,76,37,39,70,79,48,77,48,9,77,77,1,2017-18
201585,Kosta Koufos,Kosta,1610612758,SAC,29.0,71,22,49,0.31,1391.065,222,389,0.571,0,0,0.0,33,74,0.446,149,323,472,87,49,47,32,23,146,95,477,-223,1361.9,6,0,1194.0,1360.0,40,61,110,96,44,42,42,31,62,87,62,74,64,108,23,36,32,39,60,17,58,66,76,51,47,112,45,37,9,46,45,1,2017-18
204001,Kristaps Porziņģis,Kristaps,1610612752,NYK,22.0,48,22,26,0.458,1553.1683333333333,390,889,0.439,90,228,0.395,218,275,0.793,62,254,316,57,93,36,115,43,141,285,1088,15,1912.7,5,0,1853.0,1971.0,73,61,61,71,35,16,9,98,13,13,13,11,13,25,67,43,50,53,32,40,7,96,73,11,11,44,24,39,9,23,24,1,2017-18
203124,Kyle O'Quinn,Kyle,1610612752,NYK,28.0,77,28,49,0.364,1386.595,224,384,0.583,4,17,0.235,98,127,0.772,121,349,470,158,100,36,98,37,192,112,550,-37,1653.0,8,0,1450.0,1738.0,14,50,110,86,45,41,45,24,40,43,46,36,39,31,37,31,33,14,26,40,15,89,98,43,42,80,34,32,9,35,34,1,2017-18
203512,Lucas Nogueira,Lucas,1610612761,TOR,25.0,49,36,13,0.735,417.84,49,80,0.613,5,19,0.263,19,28,0.679,18,69,87,22,16,23,43,4,49,27,122,88,441.4,0,0,368.0,451.0,72,39,30,8,82,87,91,15,37,40,43,87,87,67,89,85,87,81,89,61,50,25,36,86,88,25,82,76,9,83,82,1,2017-18
1628436,Luke Kornet,Luke,1610612752,NYK,22.0,20,6,14,0.3,326.48833333333334,49,125,0.392,28,79,0.354,8,11,0.727,11,53,64,26,12,6,16,3,28,17,134,-71,303.8,1,0,296.0,316.0,97,101,31,98,89,87,80,109,25,25,24,98,100,48,98,91,92,79,92,88,82,20,24,92,85,89,88,61,9,88,88,1,2017-18
1628493,Mangok Mathiang,Mangok,1610612766,CHA,25.0,4,3,1,0.75,19.8,4,7,0.571,0,0,0.0,0,1,0.0,3,7,10,0,0,1,0,0,5,1,8,1,23.0,0,0,20.0,21.0,113,108,2,7,115,109,111,30,62,87,62,113,113,113,109,111,110,113,115,105,109,1,9,113,112,54,113,76,9,113,113,1,2017-18
201188,Marc Gasol,Marc,1610612763,MEM,33.0,73,21,52,0.288,2408.335,434,1033,0.42,109,320,0.341,281,337,0.834,78,514,592,305,194,54,101,45,185,346,1258,-313,2696.9,25,1,2574.0,2925.0,36,63,114,105,8,11,4,101,6,4,29,7,8,11,56,10,19,3,7,13,12,99,91,7,7,115,8,19,3,7,7,1,2017-18
101162,Marcin Gortat,Marcin,1610612764,WAS,34.0,82,43,39,0.524,2074.495,290,560,0.518,0,0,0.0,110,163,0.675,181,442,623,151,99,40,61,53,175,185,690,107,1868.1,15,0,1666.0,1918.0,1,19,93,54,14,33,32,63,62,87,62,34,33,68,14,18,14,15,28,29,33,108,88,25,35,21,26,21,9,32,27,1,2017-18
201578,Marreese Speights,Marreese,1610612753,ORL,30.0,52,15,37,0.288,675.0333333333333,138,349,0.395,86,233,0.369,40,55,0.727,21,112,133,40,40,8,22,9,106,76,402,25,671.6,1,0,721.0,705.0,68,83,89,104,72,58,51,108,14,12,18,67,73,48,87,74,81,69,65,84,73,40,56,63,55,38,72,61,9,64,72,1,2017-18
1627850,Marshall Plumlee,Marshall,1610612749,MIL,25.0,8,5,3,0.625,51.75333333333333,1,3,0.333,0,0,0.0,12,16,0.75,4,13,17,2,3,0,1,2,10,10,14,-1,37.4,0,0,35.0,38.0,107,104,7,26,106,115,115,114,62,87,62,93,95,40,107,104,104,106,104,113,106,16,14,99,107,63,108,76,9,108,108,1,2017-18
203486,Mason Plumlee,Mason,1610612743,DEN,28.0,74,40,34,0.541,1439.45,221,368,0.601,0,1,0.0,82,179,0.458,132,268,400,142,102,49,81,27,184,159,524,-51,1505.0,3,0,1326.0,1598.0,29,29,79,52,42,43,48,17,62,76,62,44,30,106,31,41,41,18,25,15,21,74,90,33,43,83,40,48,9,40,35,1,2017-18
1627856,Matt Costello,Matt,1610612759,SAS,24.0,4,2,2,0.5,32.2,2,4,0.5,0,0,0.0,0,0,0.0,1,8,9,2,1,2,2,0,7,1,4,15,28.8,0,0,23.0,29.0,113,111,6,60,111,113,114,70,62,87,62,113,114,113,113,109,113,106,112,98,103,1,12,113,114,44,111,76,9,111,111,1,2017-18
203086,Meyers Leonard,Meyers,1610612757,POR,26.0,33,17,16,0.515,253.63666666666666,46,78,0.59,11,26,0.423,9,11,0.818,12,58,70,17,10,7,0,0,36,17,112,-35,232.5,0,0,224.0,237.0,83,77,34,55,92,91,92,22,33,38,6,97,100,16,97,90,91,84,94,87,109,1,28,92,92,79,91,76,9,90,92,1,2017-18
203488,Mike Muscala,Mike,1610612737,ATL,26.0,53,14,39,0.264,1060.0866666666666,143,312,0.458,62,167,0.371,57,62,0.919,56,174,230,51,42,31,27,9,80,61,405,-77,889.5,2,0,864.0,911.0,66,87,93,107,58,56,55,91,17,17,17,60,67,3,72,61,63,62,63,48,66,40,45,67,54,91,59,54,9,57,61,1,2017-18
203101,Miles Plumlee,Miles,1610612737,ATL,29.0,55,19,36,0.345,917.6316666666667,105,180,0.583,0,0,0.0,27,60,0.45,77,151,228,45,63,17,30,13,79,48,237,-157,656.1,1,0,604.0,696.0,62,72,88,89,65,71,72,24,62,87,62,80,69,107,58,65,64,66,50,69,62,49,44,74,72,102,73,61,9,72,73,1,2017-18
1626149,Montrezl Harrell,Montrezl,1610612746,LAC,24.0,76,39,37,0.513,1293.175,348,548,0.635,1,7,0.143,139,222,0.626,103,203,306,74,68,36,52,41,143,185,836,53,1510.2,0,0,1393.0,1554.0,22,32,89,56,49,23,33,10,52,54,51,26,20,84,43,53,52,45,46,40,40,94,74,25,28,31,39,76,9,38,39,1,2017-18
1626167,Myles Turner,Myles,1610612754,IND,22.0,65,39,26,0.6,1836.155,306,639,0.479,56,157,0.357,160,206,0.777,93,324,417,87,96,38,118,26,186,188,828,114,1830.9,11,0,1700.0,1887.0,48,32,61,34,20,32,27,85,18,19,22,17,24,28,49,34,40,39,30,35,6,71,94,23,29,20,31,28,9,29,30,1,2017-18
2403,Nene,ene,1610612745,HOU,35.0,52,42,10,0.808,758.4066666666666,136,239,0.569,0,2,0.0,68,107,0.636,54,122,176,45,38,28,14,23,123,81,340,264,706.7,0,0,645.0,732.0,68,24,22,3,69,60,63,32,62,68,62,50,46,82,73,70,72,66,67,55,85,66,65,59,61,10,70,76,9,71,70,1,2017-18
203457,Nerlens Noel,Nerlens,1610612742,DAL,24.0,30,6,24,0.2,471.64,55,105,0.524,0,1,0.0,21,28,0.75,48,120,168,20,26,31,22,9,59,41,131,-119,495.6,2,0,425.0,498.0,89,101,55,111,80,85,86,61,62,76,62,83,87,40,74,72,75,83,78,48,73,40,41,81,86,98,80,54,9,81,80,1,2017-18
2555,Nick Collison,Nick,1610612760,OKC,37.0,15,9,6,0.6,74.80666666666667,13,19,0.684,0,0,0.0,5,13,0.385,7,13,20,4,7,0,0,0,7,10,31,-5,54.0,0,0,55.0,59.0,101,95,14,34,103,99,104,2,62,87,62,101,97,109,100,104,103,102,99,113,109,1,12,99,100,66,104,76,9,103,104,1,2017-18
203999,Nikola Jokić,Nikola,1610612743,DEN,23.0,75,43,32,0.573,2442.505,504,1010,0.499,111,280,0.396,266,313,0.85,195,608,803,458,210,90,61,44,212,381,1385,352,3278.6,38,10,3059.0,3557.0,27,19,76,40,6,5,5,78,5,8,12,8,9,9,9,6,6,1,4,4,33,98,107,4,4,4,4,8,1,4,4,1,2017-18
202696,Nikola Vučević,Nikola,1610612753,ORL,27.0,57,17,40,0.298,1683.1283333333333,399,840,0.475,64,204,0.314,77,94,0.819,101,422,523,191,109,56,62,30,144,101,939,-34,2098.1,29,1,1953.0,2198.0,59,77,96,99,32,14,12,87,16,16,35,46,50,15,45,21,26,11,18,12,32,80,75,48,20,78,17,13,3,17,17,1,2017-18
201600,Omer Asik,Omer,1610612741,CHI,31.0,18,7,11,0.389,182.12666666666667,9,22,0.409,0,0,0.0,4,13,0.308,9,38,47,3,9,2,4,4,20,13,22,-32,91.9,0,0,84.0,93.0,98,96,25,83,96,102,101,104,62,87,62,104,97,112,99,94,96,104,96,98,96,25,22,97,102,77,99,76,9,99,100,2,2017-18
2200,Pau Gasol,Pau,1610612759,SAS,37.0,77,45,32,0.584,1811.9216666666666,287,627,0.458,43,120,0.358,158,209,0.756,129,490,619,238,108,24,79,36,121,195,775,62,2075.8,16,1,1881.0,2179.0,14,13,76,39,24,34,29,93,21,21,20,19,23,37,34,13,15,5,20,60,23,88,62,21,31,29,19,20,3,21,18,1,2017-18
1626158,Richaun Holmes,Richaun,1610612755,PHI,24.0,48,30,18,0.625,745.9216666666666,135,241,0.56,4,31,0.129,37,56,0.661,57,154,211,61,25,20,29,18,97,48,311,-38,777.7,1,0,685.0,791.0,73,47,37,26,70,62,62,40,40,36,55,73,71,75,71,64,67,52,80,67,64,58,52,74,63,81,66,61,9,66,66,1,2017-18
201577,Robin Lopez,Robin,1610612741,CHI,30.0,64,23,41,0.359,1689.7766666666666,342,645,0.53,4,14,0.286,68,90,0.756,134,156,290,124,107,14,53,25,109,98,756,-200,1384.0,3,0,1308.0,1495.0,50,58,99,87,31,25,26,58,40,46,42,50,54,38,29,63,55,21,21,78,38,69,59,49,32,108,44,48,9,41,41,1,2017-18
203497,Rudy Gobert,Rudy,1610612762,UTA,26.0,56,37,19,0.661,1816.04,276,444,0.622,0,0,0.0,204,299,0.682,165,436,601,80,107,44,129,50,153,280,756,343,2009.2,31,0,1783.0,2036.0,61,36,39,19,23,36,39,13,62,87,62,12,11,65,19,19,18,43,21,22,4,106,80,12,32,6,21,11,9,26,21,1,2017-18
1626257,Salah Mejri,Salah,1610612742,DAL,32.0,61,21,40,0.344,728.7566666666667,88,137,0.642,0,3,0.0,38,66,0.576,85,161,246,35,39,22,67,15,121,80,214,20,789.7,1,0,673.0,797.0,56,63,96,90,71,74,77,9,62,63,62,70,65,93,53,62,61,72,66,62,30,54,62,61,76,41,65,61,9,67,65,1,2017-18
201586,Serge Ibaka,Serge,1610612761,TOR,28.0,76,53,23,0.697,2093.2,379,784,0.483,107,297,0.36,94,118,0.797,78,400,478,62,90,29,99,29,209,95,959,307,1919.6,8,0,1862.0,1945.0,22,5,53,12,12,19,14,81,7,5,19,39,42,23,56,24,31,51,34,53,14,77,105,51,18,8,23,32,9,22,26,1,2017-18
1627746,Skal Labissiere,Skal,1610612758,SAC,22.0,60,19,41,0.317,1240.2516666666668,205,458,0.448,18,51,0.353,95,118,0.805,98,189,287,72,73,25,49,21,132,120,523,-118,1124.4,3,0,1048.0,1176.0,57,72,99,93,50,47,37,95,28,30,26,38,42,21,48,56,57,47,44,59,45,64,69,38,45,97,52,48,9,51,51,1,2017-18
203500,Steven Adams,Steven,1610612760,OKC,24.0,76,43,33,0.566,2486.8516666666665,448,712,0.629,0,2,0.0,160,286,0.559,384,301,685,88,128,92,78,46,215,278,1056,321,2392.0,28,0,2169.0,2427.0,22,19,78,45,4,9,21,11,62,68,62,17,12,97,2,39,11,38,15,3,24,101,109,13,12,7,13,14,9,13,14,1,2017-18
204028,Tarik Black,Tarik,1610612745,HOU,26.0,51,40,11,0.784,536.5,75,127,0.591,1,11,0.091,29,63,0.46,63,100,163,13,35,21,30,10,107,52,180,-74,513.1,2,0,459.0,522.0,70,29,25,4,76,79,78,21,52,49,61,79,66,105,65,79,76,88,71,64,62,43,58,72,78,90,78,54,9,79,78,1,2017-18
1628418,Thomas Bryant,Thomas,1610612747,LAL,20.0,15,7,8,0.467,72.285,8,21,0.381,1,10,0.1,5,9,0.556,3,14,17,6,2,1,2,0,6,9,22,-9,58.4,0,0,52.0,60.0,101,96,18,67,104,103,103,112,52,51,60,101,102,98,109,103,104,98,108,105,103,1,11,102,102,69,103,76,9,104,103,1,2017-18
1627748,Thon Maker,Thon,1610612749,MIL,21.0,74,40,34,0.541,1237.885,130,316,0.411,31,104,0.298,65,93,0.699,75,150,225,46,44,38,53,20,162,82,356,-162,924.0,0,0,840.0,946.0,29,29,79,52,51,64,54,103,23,23,41,53,51,61,59,66,65,65,62,35,38,61,85,58,59,105,57,76,9,59,58,1,2017-18
202389,Timofey Mozgov,Timofey,1610612751,BKN,31.0,31,12,19,0.387,359.48333333333335,52,93,0.559,4,18,0.222,23,30,0.767,32,66,98,11,33,5,13,6,39,35,131,-89,286.1,0,0,280.0,305.0,87,93,39,84,85,86,89,42,40,42,47,82,83,34,82,86,85,91,73,91,87,31,31,84,86,96,89,76,9,89,89,1,2017-18
1628396,Tony Bradley,Tony,1610612762,UTA,20.0,9,6,3,0.667,29.1,3,11,0.273,0,1,0.0,2,2,1.0,4,7,11,1,0,0,0,1,1,1,8,1,22.7,0,0,20.0,21.0,106,101,7,16,113,111,108,116,62,76,62,107,109,1,107,111,109,111,115,113,109,10,1,113,112,54,114,76,9,113,113,1,2017-18
202684,Tristan Thompson,Tristan,1610612739,CLE,27.0,53,27,26,0.509,1072.245,132,235,0.562,0,0,0.0,43,79,0.544,126,226,352,33,36,16,17,20,102,93,307,-138,841.9,3,0,758.0,824.0,66,51,61,58,57,63,64,39,62,87,62,64,61,100,35,50,46,74,68,71,80,61,53,56,66,100,63,48,9,61,63,1,2017-18
203092,Tyler Zeller,Tyler,1610612749,MIL,28.0,66,27,39,0.409,1108.16,187,334,0.56,10,28,0.357,57,79,0.722,110,195,305,47,47,15,35,34,126,94,441,26,980.5,0,0,903.0,990.0,46,51,93,81,55,48,53,41,34,37,21,60,61,52,39,55,53,64,61,75,56,85,67,53,52,37,54,76,9,54,55,2,2017-18
2199,Tyson Chandler,Tyson,1610612756,PHX,35.0,46,15,31,0.326,1150.6933333333334,121,187,0.647,0,0,0.0,58,93,0.624,134,284,418,53,59,16,27,6,106,105,300,-244,951.1,4,0,857.0,953.0,77,83,73,92,53,67,70,7,62,87,62,59,51,85,29,40,39,58,51,71,66,31,56,46,67,113,56,42,9,58,56,1,2017-18
1626161,Willie Cauley-Stein,Willie,1610612758,SAC,24.0,73,23,50,0.315,2043.8233333333333,388,773,0.502,3,12,0.25,153,247,0.619,131,379,510,172,109,77,67,69,185,208,932,-323,2125.0,12,0,1905.0,2218.0,36,58,113,94,15,18,15,69,45,47,44,23,17,86,32,27,29,13,18,6,30,115,91,20,21,116,16,26,9,19,15,1,2017-18
203186,Willie Reed,Willie,1610612765,DET,28.0,42,20,22,0.476,427.855,81,121,0.669,1,2,0.5,32,55,0.582,35,86,121,10,19,9,22,14,56,48,195,16,429.2,1,0,389.0,429.0,79,69,49,64,81,76,83,4,52,68,3,75,73,91,80,81,83,92,85,82,73,50,39,74,77,42,83,61,9,82,83,2,2017-18
1626195,Willy Hernangomez,Willy,1610612766,CHA,24.0,48,20,28,0.417,494.325,91,164,0.555,5,12,0.417,59,90,0.656,61,122,183,33,35,18,16,14,64,81,246,0,582.1,4,0,535.0,597.0,73,69,67,79,78,73,73,47,37,47,8,57,54,76,68,70,69,74,71,68,82,50,42,59,71,58,74,42,9,74,74,2,2017-18
1628380,Zach Collins,Zach,1610612757,POR,20.0,66,41,25,0.621,1045.45,115,289,0.398,35,113,0.31,27,42,0.643,45,176,221,52,58,17,31,17,133,49,292,16,721.2,0,0,696.0,761.0,46,27,58,29,59,69,57,107,22,22,39,80,80,79,78,59,66,61,54,69,61,57,70,73,68,42,69,76,9,65,69,1,2017-18
2585,Zaza Pachulia,Zaza,1610612744,GSW,34.0,69,47,22,0.681,971.7466666666667,149,264,0.564,0,1,0.0,75,93,0.806,89,232,321,109,72,38,17,35,122,94,373,196,1014.7,2,0,913.0,1077.0,42,8,49,14,62,55,59,36,62,76,62,48,51,19,51,48,49,27,45,35,80,86,64,53,56,14,53,54,9,53,53,1,2017-18
1627753,Zhou Qi,hou Qi,1610612745,HOU,22.0,18,14,4,0.778,123.96666666666667,6,32,0.188,2,19,0.105,8,12,0.667,6,16,22,2,10,2,14,3,14,8,22,-67,89.4,0,0,80.0,96.0,98,87,12,5,99,105,98,117,47,40,59,98,99,69,102,101,101,106,94,98,85,20,19,104,102,88,100,76,9,100,99,1,2017-18
201143,Al Horford,Al,1610612738,BOS,33.0,68,41,27,0.603,1972.6833333333334,387,723,0.535,73,203,0.36,78,95,0.821,120,338,458,283,102,59,86,29,126,121,925,258,2232.1,10,1,2029.0,2384.0,35,20,45,28,21,21,20,45,11,10,19,51,55,12,35,32,30,4,23,18,20,60,53,42,21,8,22,34,3,23,18,1,2018-19
1626210,Alan Williams,Alan,1610612751,BKN,26.0,5,1,4,0.2,25.533333333333335,8,13,0.615,0,1,0.0,2,4,0.5,4,15,19,3,1,1,0,0,2,3,18,16,47.3,0,0,42.0,46.0,91,95,12,93,94,90,92,18,62,69,62,90,89,87,90,90,91,92,93,91,94,1,4,90,90,37,90,73,8,90,90,1,2018-19
203458,Alex Len,Alex,1610612737,ATL,26.0,77,28,49,0.364,1544.075,320,648,0.494,74,204,0.363,140,216,0.648,158,266,424,86,97,27,69,45,200,157,854,-163,1682.8,9,0,1630.0,1738.0,16,44,96,78,33,27,24,70,10,9,14,26,23,62,30,35,33,38,26,44,29,82,78,30,27,91,32,36,8,30,31,1,2018-19
101161,Amir Johnson,Amir,1610612755,PHI,32.0,51,32,19,0.627,529.1716666666666,79,157,0.503,12,40,0.3,31,41,0.756,47,100,147,60,45,16,13,6,99,45,201,-70,509.4,0,0,478.0,555.0,56,34,30,21,71,70,69,64,33,34,36,73,75,36,68,73,71,52,58,58,75,20,43,74,71,70,70,73,8,70,70,1,2018-19
203083,Andre Drummond,Andre,1610612765,DET,25.0,79,40,39,0.506,2646.89,561,1052,0.533,5,38,0.132,243,412,0.59,423,809,1232,112,175,136,138,90,272,325,1370,176,3663.4,69,0,3267.0,3648.0,14,22,78,51,3,7,7,47,44,36,56,10,7,80,1,1,1,23,5,1,6,99,99,9,8,13,3,1,8,5,4,1,2018-19
101106,Andrew Bogut,Andrew,1610612744,GSW,34.0,11,8,3,0.727,134.36333333333334,18,36,0.5,0,0,0.0,3,3,1.0,12,43,55,11,8,3,8,1,22,8,39,10,146.5,0,0,127.0,149.0,86,82,9,5,87,87,87,67,62,76,62,89,90,1,86,84,83,85,87,86,80,9,15,88,88,41,87,73,8,87,87,1,2018-19
1629116,Angel Delgado,Angel,1610612746,LAC,24.0,2,0,2,0.0,14.766666666666667,1,5,0.2,0,0,0.0,1,2,0.5,2,2,4,0,0,1,0,2,2,1,3,3,10.8,0,0,9.0,10.0,98,99,7,99,96,97,97,98,62,76,62,91,91,87,94,96,95,97,96,91,94,13,4,94,97,44,97,73,8,97,97,1,2018-19
1627790,Ante Zizic,Ante,1610612739,CLE,22.0,59,13,46,0.22,1081.9683333333332,183,331,0.553,0,0,0.0,93,132,0.705,108,212,320,53,61,13,22,35,113,121,459,-80,966.5,4,0,902.0,990.0,46,76,94,92,47,48,49,40,62,76,62,44,40,50,42,47,45,60,43,65,66,73,49,42,48,75,52,45,8,52,52,1,2018-19
203076,Anthony Davis,Anthony,1610612740,NOP,26.0,56,25,31,0.446,1849.8833333333334,530,1026,0.517,48,145,0.331,344,433,0.794,174,498,672,218,112,88,135,40,132,368,1452,133,3142.4,37,0,2836.0,3229.0,53,51,62,64,23,9,8,58,20,17,29,5,5,21,24,13,16,10,20,5,8,76,56,6,7,15,8,10,8,8,8,1,2018-19
203382,Aron Baynes,Aron,1610612738,BOS,32.0,51,32,19,0.627,820.795,105,223,0.471,21,61,0.344,53,62,0.855,88,152,240,57,40,12,34,12,125,96,284,130,755.5,3,0,694.0,776.0,56,34,30,21,55,63,62,82,27,29,24,62,67,4,49,64,60,55,64,68,53,35,52,53,63,16,61,49,8,64,61,1,2018-19
1628389,Bam Adebayo,Bam,1610612748,MIA,21.0,82,39,43,0.476,1912.6,280,486,0.576,3,15,0.2,166,226,0.735,165,432,597,184,121,71,65,31,203,227,729,21,2008.4,11,0,1785.0,2102.0,1,23,88,57,22,34,33,32,46,48,48,17,22,43,26,20,22,13,16,8,34,66,80,17,33,35,27,31,8,28,27,1,2018-19
202687,Bismack Biyombo,Bismack,1610612766,CHA,26.0,54,24,30,0.444,782.4416666666667,89,156,0.571,0,0,0.0,58,91,0.637,81,166,247,33,34,11,41,23,103,82,236,-133,703.9,3,0,620.0,705.0,55,54,60,65,59,68,70,34,62,76,62,58,57,66,53,60,57,73,67,71,46,52,45,58,67,87,65,49,8,65,66,1,2018-19
1626246,Boban Marjanovic,Boban,1610612755,PHI,30.0,58,31,27,0.534,680.6583333333333,160,260,0.615,4,10,0.4,98,131,0.748,87,178,265,54,59,16,27,18,90,93,422,3,891.0,6,0,831.0,924.0,49,37,45,43,67,53,59,18,45,53,7,40,41,37,50,58,53,58,45,58,58,45,38,55,52,44,54,40,8,54,55,2,2018-19
201572,Brook Lopez,Brook,1610612749,MIL,31.0,81,60,21,0.741,2321.595,355,786,0.452,187,512,0.365,112,133,0.842,33,363,396,98,82,51,179,15,189,127,1009,584,2239.2,2,0,2150.0,2291.0,4,1,32,4,9,25,16,85,1,1,12,30,39,7,73,27,39,29,34,23,3,39,73,39,18,1,21,53,8,17,22,1,2018-19
101112,Channing Frye,Channing,1610612739,CLE,36.0,36,7,29,0.194,340.995,43,117,0.368,32,79,0.405,11,14,0.786,4,48,52,20,13,6,5,3,44,16,129,-146,241.4,0,0,255.0,254.0,75,85,56,96,80,80,74,94,24,25,6,84,86,25,90,82,84,80,80,81,84,15,22,83,79,89,82,73,8,82,82,1,2018-19
203991,Clint Capela,Clint,1610612745,HOU,25.0,67,44,23,0.657,2248.7283333333335,474,732,0.648,0,0,0.0,166,261,0.636,298,550,848,96,94,44,102,62,168,224,1114,232,2619.6,45,0,2350.0,2592.0,37,14,38,18,10,13,19,9,62,76,62,17,15,68,4,9,8,30,29,29,17,91,69,19,14,10,14,7,8,14,14,1,2018-19
203469,Cody Zeller,Cody,1610612766,CHA,26.0,49,22,27,0.449,1242.9633333333334,190,345,0.551,6,22,0.273,111,141,0.787,110,223,333,102,62,38,41,42,164,152,497,42,1224.6,4,0,1096.0,1271.0,60,60,45,62,42,43,48,41,40,44,43,31,36,23,40,41,41,27,42,36,46,80,65,32,41,30,43,45,8,43,43,1,2018-19
1626245,Cristiano Felicio,Cristiano,1610612741,CHI,26.0,60,16,44,0.267,746.3966666666666,95,179,0.531,0,4,0.0,50,73,0.685,79,139,218,37,33,11,7,24,69,67,240,-130,578.1,0,0,531.0,586.0,45,69,92,87,64,65,67,49,62,61,62,64,64,56,56,66,66,68,68,71,82,54,32,64,65,86,69,73,8,69,69,1,2018-19
1627745,Damian Jones,Damian,1610612744,GSW,24.0,24,15,9,0.625,409.61833333333334,53,74,0.716,0,0,0.0,24,37,0.649,31,44,75,28,16,12,25,11,63,36,130,16,357.0,0,0,307.0,372.0,82,72,17,23,76,77,80,2,62,76,62,77,77,61,75,83,82,74,77,68,61,34,27,77,78,37,80,73,8,80,80,1,2018-19
201599,DeAndre Jordan,DeAndre,1610612752,NYK,30.0,69,25,44,0.362,2047.1833333333334,286,446,0.641,0,0,0.0,186,264,0.705,225,677,902,156,153,42,73,31,167,249,758,-214,2266.4,42,0,2046.0,2317.0,34,51,92,79,18,33,35,11,62,76,62,15,14,50,11,6,5,16,9,33,27,66,67,15,31,96,19,8,8,22,20,2,2018-19
202326,DeMarcus Cousins,DeMarcus,1610612744,GSW,28.0,30,23,7,0.767,770.5783333333334,178,371,0.48,26,95,0.274,106,144,0.736,43,204,247,107,72,40,44,32,109,173,488,65,1124.9,10,0,1036.0,1201.0,79,57,16,3,60,50,41,79,25,24,42,35,34,42,69,49,57,26,37,35,44,70,47,28,42,24,49,34,8,48,48,1,2018-19
1629028,Deandre Ayton,Deandre,1610612756,PHX,20.0,71,17,54,0.239,2182.6883333333335,509,870,0.585,0,4,0.0,141,189,0.746,223,506,729,125,126,61,67,43,209,198,1159,-383,2479.3,39,0,2269.0,2522.0,32,67,98,89,13,10,11,31,62,61,62,25,28,38,13,11,13,17,14,16,31,81,83,25,12,100,15,9,8,15,15,1,2018-19
202324,Derrick Favors,Derrick,1610612762,UTA,27.0,76,46,30,0.605,1766.4716666666666,363,619,0.586,17,78,0.218,154,228,0.675,207,353,560,89,84,56,106,41,163,176,897,186,2104.5,15,0,1887.0,2121.0,22,12,60,27,25,24,26,29,30,26,47,20,20,58,16,29,25,35,31,19,14,77,64,27,23,12,26,26,8,26,26,1,2018-19
203473,Dewayne Dedmon,Dewayne,1610612737,ATL,29.0,64,24,40,0.375,1609.2066666666667,259,526,0.492,83,217,0.382,92,113,0.814,105,375,480,90,84,69,71,25,214,100,693,-173,1740.0,11,0,1626.0,1773.0,40,54,83,77,31,36,31,71,6,8,11,45,47,14,44,24,29,34,31,11,28,57,87,50,35,93,30,31,8,31,30,1,2018-19
1627738,Deyonta Davis,Deyonta,1610612737,ATL,22.0,9,3,6,0.333,118.435,15,22,0.682,0,1,0.0,6,10,0.6,10,26,36,5,3,3,5,0,12,6,36,-22,107.7,0,0,93.0,106.0,88,88,15,83,88,89,89,6,62,69,62,88,88,77,88,86,88,87,90,86,84,1,12,89,89,56,88,73,8,88,88,1,2018-19
202700,Donatas Motiejunas,Donatas,1610612759,SAS,28.0,3,3,0,1.0,12.783333333333333,3,6,0.5,0,0,0.0,0,2,0.0,2,1,3,1,3,0,1,1,6,1,6,-16,11.1,0,0,12.0,14.0,94,88,1,1,97,94,96,67,62,76,62,95,91,95,94,98,97,94,90,96,91,9,8,94,95,53,96,73,8,96,96,1,2018-19
2730,Dwight Howard,Dwight,1610612764,WAS,33.0,9,4,5,0.444,229.53666666666666,43,69,0.623,0,0,0.0,29,48,0.604,24,59,83,4,16,7,4,8,34,48,115,-50,237.6,3,0,224.0,239.0,88,87,14,65,83,80,82,14,62,76,62,75,71,76,80,80,80,89,77,79,87,27,18,73,82,64,83,49,8,83,83,1,2018-19
203939,Dwight Powell,Dwight,1610612742,DAL,27.0,77,31,46,0.403,1662.535,290,486,0.597,39,127,0.307,196,254,0.772,140,271,411,112,67,44,50,27,201,256,815,15,1691.2,6,0,1565.0,1732.0,16,37,94,73,29,32,33,23,22,20,34,13,16,31,32,34,37,23,39,29,42,58,79,14,28,39,31,40,8,32,32,1,2018-19
202334,Ed Davis,Ed,1610612751,BKN,30.0,81,42,39,0.519,1446.0116666666668,186,302,0.616,0,2,0.0,100,162,0.617,216,478,694,61,64,35,33,24,226,144,472,94,1536.3,6,0,1363.0,1492.0,4,18,78,48,37,47,50,16,62,65,62,38,32,75,15,17,14,51,41,37,54,54,91,36,46,19,35,40,8,37,37,1,2018-19
202327,Ekpe Udoh,Ekpe,1610612762,UTA,32.0,51,35,16,0.686,320.01166666666666,50,72,0.694,0,0,0.0,19,30,0.633,27,63,90,28,13,10,31,4,36,26,119,-51,379.0,1,0,319.0,388.0,56,26,25,10,81,78,81,4,62,76,62,79,79,70,78,79,78,74,80,75,55,17,19,80,80,67,78,60,8,79,79,1,2018-19
202683,Enes Freedom,Enes,1610612757,POR,27.0,67,28,39,0.418,1639.3783333333333,375,683,0.549,10,34,0.294,155,197,0.787,257,402,659,116,118,32,26,58,167,198,915,-188,1935.8,32,0,1816.0,1980.0,37,44,78,70,30,23,22,42,35,37,38,19,26,24,6,22,18,21,18,38,59,89,67,25,22,94,28,13,8,27,29,2,2018-19
203961,Eric Moreland,Eric,1610612761,TOR,27.0,5,3,2,0.6,43.20666666666666,3,7,0.429,1,1,1.0,0,0,0.0,4,16,20,4,5,1,1,1,9,0,7,-17,38.0,0,0,36.0,41.0,91,88,7,29,91,94,94,89,55,69,1,95,96,95,90,89,90,89,88,91,91,9,11,97,94,54,92,73,8,92,92,2,2018-19
1626163,Frank Kaminsky,Frank,1610612766,CHA,26.0,47,22,25,0.468,754.69,138,298,0.463,50,139,0.36,79,107,0.738,39,124,163,63,41,12,12,12,68,80,405,42,726.1,2,0,729.0,766.0,62,60,42,59,62,57,51,83,17,19,18,50,50,40,70,68,70,49,63,68,77,35,29,59,55,30,63,53,8,60,63,1,2018-19
203476,Gorgui Dieng,Gorgui,1610612750,MIN,29.0,76,33,43,0.434,1031.2216666666666,189,377,0.501,19,56,0.339,88,106,0.83,81,230,311,72,57,48,41,21,134,104,485,-117,1176.2,2,0,1065.0,1207.0,22,32,88,68,50,44,40,66,29,30,26,48,51,9,53,40,46,44,48,24,46,50,57,48,43,83,47,53,8,47,47,1,2018-19
202328,Greg Monroe,Greg,1610612755,PHI,29.0,43,28,15,0.651,479.9166666666667,92,189,0.487,1,5,0.2,45,72,0.625,67,105,172,24,32,14,8,19,66,52,230,-72,506.4,0,0,471.0,516.0,68,44,23,19,74,66,65,75,55,59,48,66,65,72,59,72,69,78,70,63,80,46,28,70,69,71,71,73,8,71,71,3,2018-19
1628385,Harry Giles III,Harry,1610612758,SAC,21.0,58,26,32,0.448,819.99,175,348,0.503,0,6,0.0,58,91,0.637,66,156,222,85,73,31,22,12,150,99,408,-106,887.9,0,0,821.0,959.0,49,48,65,63,56,51,46,65,62,57,62,58,57,66,61,62,65,40,36,39,66,35,60,51,54,81,55,73,8,55,54,1,2018-19
202355,Hassan Whiteside,Hassan,1610612748,MIA,30.0,72,33,39,0.458,1674.2266666666667,388,680,0.571,2,16,0.125,109,243,0.449,257,560,817,56,97,46,136,50,192,226,887,19,2400.4,36,0,2126.0,2362.0,29,32,78,61,27,20,23,33,52,46,57,33,19,93,6,8,9,56,26,26,7,86,74,18,25,36,18,11,8,19,19,1,2018-19
101133,Ian Mahinmi,Ian,1610612764,WAS,32.0,34,12,22,0.353,497.76666666666665,47,104,0.452,3,16,0.188,42,61,0.689,48,80,128,25,21,25,16,9,84,58,139,-34,432.1,1,0,377.0,440.0,77,78,36,81,73,79,77,84,46,46,52,69,68,55,67,77,75,77,74,47,71,30,35,68,77,60,75,60,8,76,75,1,2018-19
1628387,Ike Anigbogu,Ike,1610612754,IND,20.0,3,2,1,0.667,6.15,0,3,0.0,0,0,0.0,0,0,0.0,1,2,3,1,1,0,1,0,0,0,0,-2,7.1,0,0,6.0,8.0,94,92,3,12,98,99,98,99,62,76,62,95,96,95,97,96,97,94,93,96,91,1,1,97,99,48,98,73,8,98,98,1,2018-19
1629353,Isaac Humphries,Isaac,1610612737,ATL,21.0,5,1,4,0.2,56.43333333333333,6,21,0.286,3,11,0.273,0,0,0.0,4,7,11,0,0,1,0,4,7,3,15,-22,31.2,0,0,31.0,29.0,91,95,12,93,90,93,90,96,46,52,43,95,96,95,90,92,93,97,96,91,94,17,10,90,93,56,93,73,8,93,94,1,2018-19
1628392,Isaiah Hartenstein,Isaiah,1610612745,HOU,21.0,28,15,13,0.536,221.26,20,41,0.488,2,6,0.333,11,14,0.786,21,26,47,15,13,7,12,6,56,14,53,39,175.9,0,0,155.0,187.0,81,72,19,42,84,86,86,73,52,57,27,84,86,25,82,86,86,83,80,79,77,20,25,84,86,33,84,73,8,86,84,1,2018-19
1627826,Ivica Zubac,Ivica,1610612746,LAC,22.0,59,32,27,0.542,1039.2,212,379,0.559,0,0,0.0,101,126,0.802,115,247,362,63,70,14,51,47,137,112,525,41,1178.9,8,0,1080.0,1208.0,46,34,45,41,49,39,39,38,62,76,62,37,42,18,37,37,40,49,38,63,40,84,58,45,38,32,46,38,8,45,46,2,2018-19
201580,JaVale McGee,JaVale,1610612747,LAL,31.0,75,35,40,0.467,1670.6933333333334,400,641,0.624,1,12,0.083,96,152,0.632,195,371,566,52,108,47,148,21,208,158,897,-158,2131.2,14,0,1906.0,2152.0,24,26,83,60,28,18,25,13,55,50,60,42,33,71,17,25,24,61,21,25,5,50,82,29,23,90,25,27,8,25,25,1,2018-19
1626143,Jahlil Okafor,Jahlil,1610612740,NOP,23.0,59,23,36,0.39,934.8483333333334,212,362,0.586,1,5,0.2,59,89,0.663,82,196,278,40,52,15,40,30,96,97,484,-118,990.6,6,0,913.0,1007.0,46,57,74,76,51,39,44,30,55,59,48,57,59,59,52,52,51,65,50,61,49,63,40,52,45,84,50,40,8,51,51,1,2018-19
1627751,Jakob Poeltl,Jakob,1610612759,SAS,23.0,77,43,34,0.558,1272.655,187,290,0.645,0,0,0.0,49,92,0.533,178,232,410,93,48,29,68,19,124,89,423,88,1297.5,1,0,1120.0,1310.0,16,15,69,39,41,46,54,10,62,76,62,65,56,86,22,39,38,31,55,41,30,46,50,56,51,21,41,60,8,42,41,1,2018-19
1628991,Jaren Jackson Jr.,Jaren,1610612763,MEM,19.0,58,23,35,0.397,1514.6883333333333,298,589,0.506,51,142,0.359,151,197,0.766,73,199,272,64,98,52,82,41,220,205,798,-103,1524.4,2,0,1453.0,1600.0,49,57,72,74,34,31,27,63,16,18,20,21,26,32,58,50,52,48,25,20,22,77,90,22,29,80,36,53,8,34,35,1,2018-19
1628386,Jarrett Allen,Jarrett,1610612751,BKN,21.0,80,42,38,0.525,2095.97,335,568,0.59,6,45,0.133,197,278,0.709,191,481,672,110,103,43,120,48,184,268,873,-119,2230.4,24,0,1987.0,2254.0,9,18,77,46,17,26,28,26,40,32,55,12,12,49,19,16,16,25,22,31,11,85,72,13,26,85,23,18,8,24,23,1,2018-19
201160,Jason Smith,Jason,1610612740,NOP,33.0,20,10,10,0.5,190.51666666666668,21,59,0.356,9,26,0.346,14,16,0.875,16,36,52,14,13,3,7,2,30,13,65,-49,165.4,0,0,160.0,175.0,84,79,18,52,85,85,83,95,37,42,23,82,84,3,84,85,84,84,80,86,82,13,17,85,85,63,86,73,8,84,86,3,2018-19
201149,Joakim Noah,Joakim,1610612763,MEM,34.0,42,14,28,0.333,692.485,110,213,0.516,0,1,0.0,78,109,0.716,58,180,238,89,50,20,31,24,96,83,298,4,820.1,4,0,727.0,867.0,71,75,52,83,66,60,63,59,62,69,62,51,49,48,63,57,62,35,53,53,55,54,40,57,61,43,56,45,8,61,56,1,2018-19
203954,Joel Embiid,Joel,1610612755,PHI,25.0,64,43,21,0.672,2154.305,580,1199,0.484,79,263,0.3,522,649,0.804,160,711,871,234,226,46,122,76,211,493,1761,373,3435.2,58,2,3281.0,3604.0,40,15,32,11,15,5,5,77,8,5,35,1,1,17,29,4,6,7,3,26,10,97,84,1,2,5,5,4,2,4,5,1,2018-19
1628381,John Collins,John,1610612737,ATL,21.0,61,24,37,0.393,1828.4016666666666,465,831,0.56,55,158,0.348,203,266,0.763,219,376,595,121,120,22,39,65,199,230,1188,-76,2146.5,32,0,2081.0,2208.0,43,54,75,75,24,14,13,36,14,15,21,11,13,33,14,23,23,20,17,50,51,92,77,16,11,73,24,13,8,21,24,1,2018-19
202685,Jonas Valanciunas,Jonas,1610612763,MEM,27.0,49,31,18,0.633,1091.1733333333334,301,538,0.559,14,48,0.292,147,185,0.795,106,313,419,70,90,19,53,41,146,149,763,71,1496.8,16,0,1410.0,1538.0,60,37,28,20,46,30,29,37,32,31,39,23,29,20,43,33,35,46,30,54,38,77,59,34,30,23,37,25,8,35,36,2,2018-19
203944,Julius Randle,Julius,1610612740,NOP,24.0,73,31,42,0.425,2231.635,571,1089,0.524,67,195,0.344,356,487,0.731,162,472,634,229,208,52,45,91,246,368,1565,-12,2752.3,31,1,2689.0,2948.0,28,37,86,69,11,6,6,52,13,12,25,3,3,45,28,18,19,9,4,20,43,100,95,6,6,52,9,16,3,9,9,1,2018-19
1628383,Justin Patton,Justin,1610612755,PHI,22.0,3,2,1,0.667,20.6,2,7,0.286,0,2,0.0,1,2,0.5,2,4,6,3,0,2,0,0,5,1,5,-3,22.7,0,0,18.0,23.0,94,92,3,12,95,96,94,96,62,65,62,91,91,87,94,94,94,92,96,89,94,1,7,94,96,50,95,73,8,95,95,1,2018-19
203994,Jusuf Nurkić,Jusuf,1610612757,POR,24.0,72,45,27,0.625,1973.5533333333333,420,826,0.508,3,29,0.103,282,365,0.773,243,505,748,233,168,71,103,66,250,307,1125,428,2726.1,36,1,2457.0,2861.0,29,13,45,23,20,16,14,61,46,41,58,8,9,30,9,12,11,8,6,8,15,93,96,10,13,2,10,11,3,11,11,1,2018-19
1626157,Karl-Anthony Towns,Karl-Anthony,1610612750,MIN,23.0,77,34,43,0.442,2544.66,681,1314,0.518,142,355,0.4,376,450,0.836,263,691,954,259,240,67,125,77,292,446,1880,56,3749.3,54,0,3619.0,3928.0,16,31,88,67,5,3,3,55,2,2,7,2,4,8,5,5,4,5,2,12,9,98,100,3,1,27,2,6,8,1,2,1,2018-19
202702,Kenneth Faried,Kenneth,1610612745,HOU,29.0,37,21,16,0.568,728.1766666666666,156,265,0.589,8,25,0.32,64,99,0.646,97,153,250,20,33,17,23,20,82,77,384,62,801.0,14,0,742.0,794.0,74,62,25,36,65,54,58,27,38,43,32,56,54,63,47,63,56,80,68,57,64,49,34,61,56,25,59,27,8,57,60,2,2018-19
201567,Kevin Love,Kevin,1610612739,CLE,30.0,22,7,15,0.318,597.9116666666666,109,283,0.385,53,147,0.361,103,114,0.904,33,206,239,48,42,6,5,17,54,78,374,-56,723.8,12,0,736.0,742.0,83,85,23,85,69,61,55,92,15,16,17,36,46,2,73,48,61,63,61,81,84,42,23,60,58,68,64,30,8,59,64,1,2018-19
1626172,Kevon Looney,Kevon,1610612744,GSW,23.0,80,56,24,0.7,1481.3233333333333,217,347,0.625,1,10,0.1,65,105,0.619,194,223,417,123,51,46,53,30,211,96,500,306,1430.9,1,0,1239.0,1460.0,9,2,40,8,36,38,47,12,55,53,59,55,53,74,18,41,36,19,52,26,38,63,84,53,40,7,38,60,8,39,38,1,2018-19
203920,Khem Birch,Khem,1610612753,ORL,26.0,50,26,24,0.52,642.8616666666667,91,151,0.603,0,1,0.0,58,83,0.699,79,111,190,38,20,18,29,12,72,67,240,44,646.0,1,0,562.0,647.0,59,48,40,47,68,67,72,22,62,69,62,58,62,53,56,70,67,67,76,55,57,35,33,64,65,29,68,60,8,68,68,1,2018-19
201585,Kosta Koufos,Kosta,1610612758,SAC,30.0,42,21,21,0.5,501.56166666666667,73,153,0.477,0,0,0.0,10,24,0.417,52,125,177,36,27,15,18,8,68,27,156,-32,494.4,0,0,435.0,504.0,71,62,32,52,72,71,71,80,62,76,62,86,81,94,65,67,68,71,72,61,69,27,29,79,73,58,72,73,8,72,72,1,2018-19
203124,Kyle O'Quinn,Kyle,1610612754,IND,29.0,45,27,18,0.6,370.71666666666664,69,136,0.507,1,12,0.083,17,21,0.81,29,90,119,56,31,9,25,6,68,21,156,5,453.8,1,0,400.0,489.0,66,47,28,29,78,73,73,62,55,50,60,80,82,16,76,75,77,56,71,77,61,20,29,82,73,42,73,60,8,73,73,1,2018-19
200746,LaMarcus Aldridge,LaMarcus,1610612759,SAS,33.0,81,48,33,0.593,2686.65,684,1319,0.519,10,42,0.238,349,412,0.847,251,493,744,194,144,43,107,45,179,381,1727,90,3216.8,32,0,2975.0,3309.0,4,8,66,31,1,2,2,54,35,33,45,4,7,5,8,15,12,11,10,31,13,82,71,5,3,20,7,13,8,7,7,1,2018-19
1628436,Luke Kornet,Luke,1610612752,NYK,23.0,46,9,37,0.196,784.0033333333333,107,283,0.378,70,193,0.363,38,46,0.826,28,107,135,54,25,27,42,6,41,51,322,-57,747.0,1,0,719.0,772.0,65,81,75,95,58,62,55,93,12,13,15,70,74,10,77,71,73,58,73,44,45,20,21,72,60,69,62,60,8,62,62,1,2018-19
201188,Marc Gasol,Marc,1610612761,TOR,34.0,79,39,40,0.494,2435.985,390,870,0.448,99,273,0.363,192,253,0.759,80,547,627,349,155,84,86,36,217,287,1071,160,2701.9,19,1,2486.0,2906.0,14,23,83,55,8,19,11,86,3,3,16,14,18,35,55,10,20,2,8,6,20,74,88,11,17,14,11,21,3,10,10,2,2018-19
101162,Marcin Gortat,Marcin,1610612746,LAC,35.0,47,25,22,0.532,750.4816666666667,99,186,0.532,0,0,0.0,35,48,0.729,67,194,261,65,50,6,24,16,92,65,233,-98,683.7,1,0,619.0,714.0,62,51,36,45,63,64,66,48,62,76,62,72,71,46,59,53,55,47,53,81,63,41,39,66,68,79,67,60,8,66,65,1,2018-19
203486,Mason Plumlee,Mason,1610612743,DEN,29.0,82,54,28,0.659,1730.92,262,442,0.593,2,10,0.2,111,198,0.561,165,359,524,243,126,66,76,34,252,201,637,72,1930.3,9,0,1690.0,2073.0,1,3,52,17,26,35,36,25,52,53,48,31,25,83,26,28,28,6,14,13,25,72,97,24,36,22,29,36,8,29,28,1,2018-19
203086,Meyers Leonard,Meyers,1610612757,POR,27.0,61,35,26,0.574,877.6783333333333,132,242,0.545,50,111,0.45,43,51,0.843,49,184,233,75,43,13,9,6,105,54,357,-77,772.1,2,0,759.0,806.0,43,26,43,35,53,58,61,43,17,22,4,67,70,6,66,56,63,43,59,65,79,20,46,69,59,74,60,53,8,56,59,1,2018-19
203488,Mike Muscala,Mike,1610612747,LAL,27.0,64,35,29,0.547,1305.8816666666667,145,361,0.402,89,256,0.348,70,85,0.824,57,187,244,76,48,22,38,10,130,68,449,33,987.8,1,0,978.0,1025.0,40,26,56,40,40,56,45,91,4,6,22,53,61,11,64,55,59,42,55,50,52,32,55,63,50,34,51,60,8,50,50,2,2018-19
203101,Miles Plumlee,Miles,1610612737,ATL,30.0,18,1,17,0.056,172.92166666666665,32,48,0.667,0,0,0.0,16,30,0.533,16,23,39,17,10,6,4,3,14,23,80,-43,172.3,0,0,156.0,183.0,85,95,27,98,86,84,85,8,62,76,62,81,79,85,84,88,87,82,85,81,87,15,13,81,84,62,85,73,8,85,85,1,2018-19
1629011,Mitchell Robinson,Mitchell,1610612752,NYK,21.0,66,16,50,0.242,1359.5083333333334,202,291,0.694,0,0,0.0,81,135,0.6,177,246,423,37,35,52,161,23,217,114,485,-202,1652.1,11,0,1371.0,1621.0,39,69,97,88,38,41,53,5,62,76,62,49,38,77,23,38,34,68,66,20,4,52,88,44,43,95,34,31,8,36,34,1,2018-19
1628964,Mo Bamba,Mo,1610612753,ORL,21.0,47,19,28,0.404,766.1933333333334,117,243,0.481,21,70,0.3,37,63,0.587,64,169,233,39,43,13,64,15,102,63,292,-240,818.1,1,0,739.0,834.0,62,65,52,71,61,59,60,78,27,28,36,71,66,81,62,59,63,66,59,65,35,39,44,67,62,97,57,60,8,58,58,1,2018-19
1626149,Montrezl Harrell,Montrezl,1610612746,LAC,25.0,82,48,34,0.585,2158.1483333333335,546,888,0.615,3,17,0.176,266,414,0.643,184,351,535,162,132,71,110,72,255,361,1361,59,2657.0,17,0,2423.0,2763.0,1,8,69,33,14,8,9,20,46,45,54,9,6,64,20,30,26,14,12,8,12,95,98,8,9,26,12,23,8,12,12,1,2018-19
1629021,Moritz Wagner,Moritz,1610612747,LAL,22.0,43,15,28,0.349,446.18,71,171,0.415,22,77,0.286,43,53,0.811,17,68,85,24,39,11,13,17,57,38,207,-97,378.0,0,0,386.0,412.0,68,72,52,82,75,72,68,90,26,27,41,67,69,15,83,78,79,78,65,71,75,42,26,75,70,77,79,73,8,75,78,1,2018-19
1626167,Myles Turner,Myles,1610612754,IND,23.0,74,43,31,0.581,2118.8166666666666,380,780,0.487,76,196,0.388,148,201,0.736,101,430,531,115,100,60,199,33,195,205,984,121,2470.7,17,0,2224.0,2522.0,25,15,62,34,16,22,17,74,9,11,9,22,24,41,45,21,27,22,24,17,1,71,76,22,19,17,16,23,8,16,15,1,2018-19
2403,Nene,ene,1610612745,HOU,36.0,42,29,13,0.69,545.7833333333333,60,116,0.517,0,3,0.0,31,47,0.66,34,89,123,26,11,18,15,9,87,52,151,101,425.6,0,0,366.0,425.0,71,42,19,9,70,75,75,57,62,64,62,73,73,60,72,76,76,76,84,55,73,30,36,70,75,18,76,73,8,77,76,1,2018-19
203457,Nerlens Noel,Nerlens,1610612760,OKC,25.0,77,48,29,0.623,1055.6166666666666,162,276,0.587,0,0,0.0,54,79,0.684,127,198,325,45,48,66,96,10,166,101,378,-75,1273.5,2,0,1072.0,1279.0,16,8,56,25,48,52,57,28,62,76,62,61,63,57,34,51,43,64,55,13,18,32,66,49,57,72,42,53,8,46,42,1,2018-19
203999,Nikola Jokić,Nikola,1610612743,DEN,24.0,80,53,27,0.663,2503.5866666666666,616,1206,0.511,83,270,0.307,289,352,0.821,228,637,865,580,248,108,55,67,228,418,1604,315,3753.0,56,12,3458.0,4118.0,9,4,45,15,7,4,4,60,6,4,33,7,10,13,10,7,7,1,1,3,37,94,93,4,5,6,1,5,1,2,1,1,2018-19
202696,Nikola Vučević,Nikola,1610612753,ORL,28.0,80,41,39,0.513,2510.1766666666667,701,1354,0.518,84,231,0.364,179,227,0.789,224,736,960,307,159,81,89,60,157,216,1665,218,3628.5,60,1,3356.0,3749.0,9,20,78,50,6,1,1,56,5,7,13,16,21,22,12,2,3,3,7,7,19,90,63,20,4,11,4,3,3,3,3,1,2018-19
2200,Pau Gasol,Pau,1610612749,MIL,38.0,30,17,13,0.567,360.545,42,94,0.447,6,13,0.462,28,40,0.7,22,115,137,52,16,5,15,6,29,33,118,-33,404.4,1,0,353.0,419.0,79,67,19,37,79,82,79,87,40,49,3,76,76,52,81,69,72,61,77,85,73,20,16,78,81,59,77,60,8,78,77,2,2018-19
1626158,Richaun Holmes,Richaun,1610612756,PHX,25.0,70,16,54,0.229,1183.6883333333333,222,365,0.608,0,0,0.0,128,175,0.731,115,216,331,60,52,42,79,29,194,151,572,-172,1370.2,5,0,1205.0,1386.0,33,69,98,90,44,37,43,21,62,76,62,29,31,44,37,44,42,52,50,33,23,60,75,33,37,92,39,44,8,40,40,1,2018-19
1629057,Robert Williams III,Robert,1610612738,BOS,21.0,32,18,14,0.563,282.84,36,51,0.706,0,0,0.0,9,15,0.6,27,54,81,7,10,9,40,4,36,12,81,-50,325.7,0,0,267.0,323.0,78,66,22,38,82,83,84,3,62,76,62,87,85,77,78,81,81,86,85,77,49,17,19,86,83,64,81,73,8,81,81,1,2018-19
201577,Robin Lopez,Robin,1610612741,CHI,31.0,74,20,54,0.27,1605.6816666666666,304,535,0.568,7,31,0.226,89,123,0.724,140,146,286,89,96,11,78,19,124,147,704,-142,1351.7,2,0,1264.0,1435.0,25,64,98,86,32,29,30,35,39,40,46,46,45,47,32,65,50,35,28,71,24,46,50,35,34,88,40,53,8,38,39,1,2018-19
203497,Rudy Gobert,Rudy,1610612762,UTA,27.0,81,50,31,0.617,2576.6866666666665,476,712,0.669,0,0,0.0,332,522,0.636,309,732,1041,161,130,66,187,56,231,468,1284,384,3403.7,66,0,2992.0,3406.0,4,7,62,26,4,12,21,7,62,76,62,6,2,68,3,3,2,15,13,13,2,88,94,2,10,4,6,2,8,6,6,1,2018-19
1626257,Salah Mejri,Salah,1610612742,DAL,33.0,36,13,23,0.361,399.12666666666667,55,112,0.491,11,34,0.324,20,32,0.625,36,95,131,35,21,10,26,8,55,37,141,-50,437.7,1,0,390.0,450.0,75,76,38,80,77,76,76,72,34,37,31,78,78,72,71,74,74,72,74,75,59,27,24,76,76,64,74,60,8,74,74,1,2018-19
201586,Serge Ibaka,Serge,1610612761,TOR,29.0,74,53,21,0.716,2010.375,464,877,0.529,49,169,0.29,135,177,0.763,156,445,601,99,114,29,103,30,211,154,1112,257,2263.7,22,0,2125.0,2307.0,25,4,32,7,19,15,10,50,19,14,40,28,30,34,31,19,21,28,19,41,15,63,84,31,15,9,20,19,8,20,21,1,2018-19
203500,Steven Adams,Steven,1610612760,OKC,25.0,80,47,33,0.588,2669.258333333333,481,809,0.595,0,2,0.0,146,292,0.5,391,369,760,124,135,117,76,50,204,278,1108,389,2650.0,29,0,2378.0,2695.0,9,11,66,32,2,11,15,24,62,65,62,24,11,87,2,26,10,18,11,2,25,86,81,12,16,3,13,17,8,13,13,1,2018-19
1628418,Thomas Bryant,Thomas,1610612764,WAS,21.0,72,29,43,0.403,1496.3433333333332,309,502,0.616,33,99,0.333,107,137,0.781,113,341,454,92,60,25,67,31,126,130,758,-107,1656.8,14,0,1521.0,1672.0,29,42,88,72,35,28,32,17,23,23,27,34,37,28,39,31,31,32,44,47,31,66,53,38,31,82,33,27,8,33,33,1,2018-19
1629118,Thomas Welsh,Thomas,1610612743,DEN,23.0,11,8,3,0.727,36.306666666666665,7,13,0.538,3,7,0.429,1,2,0.5,0,4,4,5,1,0,0,0,3,2,18,2,29.3,0,0,30.0,32.0,86,82,9,5,92,92,92,44,46,56,5,91,91,87,99,94,95,87,93,96,94,1,6,92,90,46,94,73,8,94,93,1,2018-19
1628396,Tony Bradley,Tony,1610612762,UTA,21.0,3,2,1,0.667,35.9,8,16,0.5,0,0,0.0,1,2,0.5,9,6,15,1,3,2,2,0,6,2,17,-18,45.5,1,0,41.0,46.0,94,92,3,12,93,90,91,67,62,76,62,91,91,87,89,93,92,94,90,89,90,1,8,92,92,55,91,60,8,91,90,1,2018-19
202684,Tristan Thompson,Tristan,1610612739,CLE,28.0,43,8,35,0.186,1197.6883333333333,201,380,0.529,0,0,0.0,68,106,0.642,173,265,438,86,59,28,16,36,89,122,470,-302,1197.6,19,0,1082.0,1212.0,68,82,72,97,43,42,38,51,62,76,62,54,51,65,25,36,32,38,45,43,71,74,37,41,47,99,45,21,8,44,45,1,2018-19
1629093,Tyler Davis,Tyler,1610612760,OKC,22.0,1,1,0,1.0,0.9116666666666666,0,1,0.0,0,0,0.0,0,0,0.0,1,0,1,0,0,0,0,0,0,0,0,0,1.2,0,0,1.0,1.0,99,95,1,1,100,99,99,99,62,76,62,95,96,95,97,99,99,97,96,96,94,1,1,97,99,47,100,73,8,100,100,1,2018-19
203092,Tyler Zeller,Tyler,1610612763,MEM,29.0,6,3,3,0.5,92.84666666666666,16,30,0.533,0,1,0.0,14,18,0.778,11,13,24,4,4,1,3,1,20,11,46,12,88.8,0,0,82.0,90.0,90,88,9,52,89,88,88,46,62,69,62,82,83,29,87,91,89,89,89,91,89,9,14,87,87,40,89,73,8,89,89,2,2018-19
2199,Tyson Chandler,Tyson,1610612747,LAL,36.0,55,26,29,0.473,874.7566666666667,61,99,0.616,0,1,0.0,51,87,0.586,92,215,307,37,42,21,23,6,110,72,173,-36,686.9,3,0,605.0,686.0,54,48,56,58,54,74,78,15,62,69,62,63,60,82,48,45,48,68,61,52,64,20,48,62,72,61,66,49,8,67,67,2,2018-19
1628976,Wendell Carter Jr.,Wendell,1610612741,CHI,20.0,44,10,34,0.227,1109.8,180,371,0.485,6,32,0.188,89,112,0.795,87,220,307,78,65,26,58,28,152,107,455,-292,1127.4,7,0,1014.0,1170.0,67,79,69,91,45,49,41,76,40,39,52,46,48,19,50,43,48,41,40,46,36,59,62,47,49,98,48,39,8,49,49,1,2018-19
1626161,Willie Cauley-Stein,Willie,1610612758,SAC,25.0,81,39,42,0.481,2212.5466666666666,412,741,0.556,1,2,0.5,140,254,0.551,181,497,678,194,84,96,51,74,227,216,965,54,2426.6,22,0,2132.0,2472.0,4,23,86,56,12,17,18,39,55,65,2,26,16,84,21,14,15,11,31,4,40,96,92,20,20,28,17,19,8,18,17,1,2018-19
1626195,Willy Hernangomez,Willy,1610612766,CHA,25.0,58,31,27,0.534,811.8533333333334,153,295,0.519,15,39,0.385,100,144,0.694,117,194,311,60,58,16,20,31,98,110,421,-94,934.2,4,0,879.0,960.0,49,37,45,43,57,55,52,53,31,35,10,38,34,54,36,53,46,52,47,58,68,66,42,46,53,76,53,45,8,53,53,1,2018-19
1628380,Zach Collins,Zach,1610612757,POR,21.0,77,51,26,0.662,1355.7366666666667,189,400,0.473,40,121,0.331,94,126,0.746,109,215,324,71,77,25,66,29,174,126,512,-11,1203.3,0,0,1129.0,1251.0,16,6,43,16,39,44,37,81,21,21,30,43,42,38,41,45,44,45,35,47,33,60,70,40,39,51,44,73,8,41,44,1,2018-19
2585,Zaza Pachulia,Zaza,1610612765,DET,35.0,68,35,33,0.515,878.165,85,193,0.44,0,4,0.0,97,124,0.782,99,166,265,91,57,31,17,17,151,138,267,-97,808.5,0,0,719.0,858.0,35,26,66,49,52,69,64,88,62,61,62,41,44,27,46,60,53,33,48,39,70,42,61,37,64,77,58,73,8,62,57,1,2018-19
1627753,Zhou Qi,hou Qi,1610612745,HOU,23.0,1,0,1,0.0,0.955,1,1,1.0,0,0,0.0,0,0,0.0,0,0,0,0,0,0,0,0,0,0,2,-2,2.0,0,0,2.0,2.0,99,99,3,99,99,97,99,1,62,76,62,95,96,95,99,99,100,97,96,96,94,1,1,97,98,48,99,73,8,99,99,1,2018-19
201143,Al Horford,Al,1610612755,PHI,34.0,67,39,28,0.582,2025.5433333333333,319,709,0.45,99,283,0.35,61,80,0.763,103,353,456,270,80,52,61,24,142,92,798,127,2009.2,6,0,1849.0,2133.0,10,16,71,38,7,17,15,85,7,7,29,48,52,29,32,18,21,4,23,8,25,72,74,45,19,19,15,37,5,15,14,1,2019-20
203458,Alex Len,Alex,1610612758,SAC,27.0,55,18,37,0.327,970.5233333333333,177,319,0.555,16,59,0.271,68,105,0.648,100,221,321,50,55,23,48,21,127,88,438,-111,1056.2,8,0,967.0,1072.0,43,55,90,82,50,41,39,41,37,37,51,44,40,66,34,44,38,50,42,51,36,65,68,50,43,89,46,32,5,45,47,2,2019-20
203083,Andre Drummond,Andre,1610612739,CLE,26.0,57,21,36,0.368,1878.2016666666666,418,784,0.533,5,35,0.143,169,294,0.575,250,614,864,152,203,109,93,93,201,253,1010,-191,2677.8,47,0,2435.0,2784.0,35,42,87,70,10,10,11,49,47,42,69,13,9,82,2,3,3,11,3,1,10,103,98,10,13,98,6,4,5,5,4,2,2019-20
1627790,Ante Zizic,Ante,1610612739,CLE,23.0,22,4,18,0.182,220.62166666666667,41,72,0.569,0,0,0.0,14,19,0.737,18,48,66,6,10,7,5,5,27,19,96,14,210.2,1,0,192.0,210.0,82,93,37,99,86,82,80,36,74,86,74,82,84,44,86,84,85,90,86,81,88,23,17,83,82,36,84,64,5,85,85,1,2019-20
203076,Anthony Davis,Anthony,1610612747,LAL,27.0,62,46,16,0.742,2131.193333333333,551,1096,0.503,72,218,0.33,444,525,0.846,142,435,577,200,154,91,143,41,156,406,1618,240,3158.4,29,0,2935.0,3297.0,22,6,30,11,5,2,1,60,13,14,43,1,1,8,20,14,13,6,7,2,3,91,79,1,1,8,2,12,5,2,2,1,2019-20
1628394,Anžejs Pasečņiks,Anžejs,1610612764,WAS,24.0,27,9,18,0.333,436.89666666666665,61,116,0.526,0,3,0.0,34,58,0.586,42,65,107,18,24,9,12,3,75,65,156,-4,350.4,0,0,323.0,362.0,79,79,37,75,74,77,76,53,74,71,74,63,59,80,69,77,75,79,73,76,75,18,35,57,76,49,78,74,5,78,79,1,2019-20
203382,Aron Baynes,Aron,1610612756,PHX,33.0,42,19,23,0.452,934.4366666666666,183,381,0.48,59,168,0.351,56,75,0.747,71,166,237,67,50,10,23,16,141,98,481,-46,914.9,3,0,910.0,951.0,63,50,51,56,52,39,33,70,16,16,28,50,53,40,50,52,54,39,49,70,59,52,73,43,36,73,51,42,5,50,51,1,2019-20
1628389,Bam Adebayo,Bam,1610612748,MIA,22.0,72,44,28,0.611,2416.9616666666666,440,790,0.557,2,14,0.143,264,382,0.691,176,559,735,368,204,82,93,60,182,327,1146,244,2901.0,40,3,2601.0,3142.0,2,9,71,33,1,7,10,39,59,53,69,3,4,53,11,6,6,2,2,4,10,98,92,5,9,7,3,7,3,3,3,1,2019-20
202687,Bismack Biyombo,Bismack,1610612766,CHA,27.0,53,18,35,0.34,1029.0416666666667,151,278,0.543,0,0,0.0,91,151,0.603,120,188,308,50,48,10,49,33,116,130,393,-153,966.6,8,0,869.0,978.0,47,55,86,74,48,47,49,46,74,86,74,29,30,78,28,50,43,50,50,70,34,82,57,30,47,95,50,32,5,51,50,1,2019-20
1626246,Boban Marjanovic,Boban,1610612742,DAL,31.0,44,21,23,0.477,421.89166666666665,121,211,0.573,4,17,0.235,43,57,0.754,66,131,197,20,30,8,10,15,56,51,289,49,579.4,6,0,546.0,580.0,58,42,51,52,75,57,60,33,51,52,58,54,60,32,52,61,61,78,65,79,79,49,30,66,59,28,66,37,5,66,67,1,2019-20
1629626,Bol Bol,Bol,1610612743,DEN,20.0,7,2,5,0.286,86.93833333333333,14,28,0.5,4,9,0.444,8,10,0.8,5,14,19,6,10,2,6,1,11,7,40,-21,85.8,0,0,85.0,95.0,94,96,14,90,91,90,91,61,51,57,10,87,89,18,91,92,91,90,86,89,86,9,14,91,91,64,91,74,5,91,91,1,2019-20
201572,Brook Lopez,Brook,1610612749,MIL,32.0,68,53,15,0.779,1816.9366666666667,292,671,0.435,102,325,0.314,127,152,0.836,58,254,312,99,70,46,163,22,163,134,813,526,1892.9,4,0,1744.0,1950.0,7,1,27,5,14,21,17,90,6,4,46,19,28,9,56,35,42,27,31,16,2,67,84,28,18,1,18,40,5,18,18,1,2019-20
1628981,Bruno Fernando,Bruno,1610612737,ATL,21.0,56,18,38,0.321,712.5283333333333,103,199,0.518,5,37,0.135,29,51,0.569,67,131,198,49,42,18,17,20,107,54,240,-94,614.1,1,0,562.0,641.0,39,55,92,84,62,62,62,55,47,40,73,70,63,83,51,61,60,53,54,59,71,60,51,62,66,83,65,64,5,65,65,1,2019-20
1627767,Cheick Diallo,Cheick,1610612756,PHX,23.0,47,20,27,0.426,478.54,92,142,0.648,1,3,0.333,34,39,0.872,30,101,131,22,32,11,12,11,55,36,219,-47,446.2,1,0,419.0,463.0,53,45,68,63,71,69,73,17,63,71,35,63,70,4,76,68,69,75,63,66,75,40,29,74,70,74,75,64,5,73,75,1,2019-20
1629002,Chimezie Metu,Chimezie,1610612759,SAS,23.0,18,8,10,0.444,105.28,24,42,0.571,0,2,0.0,10,13,0.769,12,21,33,10,10,3,6,2,7,8,58,-9,129.6,0,0,119.0,138.0,86,82,20,58,90,87,88,35,74,77,74,86,87,26,90,90,90,87,86,88,86,14,8,90,87,52,89,74,5,89,89,1,2019-20
1628449,Chris Boucher,Chris,1610612761,TOR,27.0,62,45,17,0.726,818.605,141,299,0.472,38,118,0.322,91,116,0.784,107,170,277,26,28,22,61,19,114,92,411,99,1003.4,5,0,918.0,989.0,22,8,32,13,57,52,43,75,24,24,45,29,33,21,30,51,47,72,70,53,25,56,53,45,46,22,49,39,5,49,49,1,2019-20
203991,Clint Capela,Clint,1610612737,ATL,26.0,39,22,17,0.564,1279.3033333333333,244,388,0.629,0,0,0.0,55,104,0.529,168,369,537,48,63,33,72,40,102,107,543,60,1511.4,27,0,1338.0,1491.0,66,40,32,41,32,28,31,22,74,86,74,51,41,88,13,17,19,56,34,32,20,90,47,37,33,25,27,13,5,29,28,1,2019-20
203469,Cody Zeller,Cody,1610612766,CHA,27.0,58,18,40,0.31,1340.6083333333333,251,479,0.524,18,75,0.24,122,179,0.682,160,251,411,88,75,40,25,44,140,180,642,-221,1387.2,10,0,1289.0,1424.0,32,55,96,86,27,26,24,54,35,34,57,24,21,55,17,37,27,28,26,22,56,93,72,18,26,99,32,26,5,32,32,1,2019-20
1626245,Cristiano Felicio,Cristiano,1610612741,CHI,27.0,22,6,16,0.273,385.71666666666664,34,54,0.63,0,2,0.0,18,23,0.783,55,47,102,16,18,10,2,7,34,19,86,-57,250.4,0,0,228.0,256.0,82,88,30,94,77,83,85,21,74,77,74,79,80,23,59,85,79,81,79,70,93,29,20,83,84,76,82,74,5,82,82,1,2019-20
1627745,Damian Jones,Damian,1610612737,ATL,25.0,55,15,40,0.273,886.9416666666667,121,178,0.68,2,9,0.222,62,84,0.738,74,132,206,35,28,26,40,25,149,79,306,-256,775.7,0,0,681.0,780.0,43,68,96,94,54,57,67,10,59,57,62,47,50,43,49,60,59,66,70,43,45,74,77,54,58,101,55,74,5,58,55,1,2019-20
1629655,Daniel Gafford,Daniel,1610612741,CHI,21.0,43,15,28,0.349,609.0533333333333,94,134,0.701,0,0,0.0,32,60,0.533,52,54,106,21,29,13,56,8,98,57,220,-29,556.7,0,0,485.0,575.0,61,68,71,72,65,67,75,6,74,86,74,65,57,87,63,82,76,77,69,65,30,33,45,61,69,67,68,74,5,68,68,1,2019-20
1628464,Daniel Theis,Daniel,1610612738,BOS,28.0,65,42,23,0.646,1566.135,241,426,0.566,32,96,0.333,87,114,0.763,140,286,426,111,54,37,84,29,219,140,601,203,1587.7,7,0,1412.0,1612.0,15,12,51,21,22,30,28,37,28,30,35,31,35,28,23,27,26,21,44,26,17,77,100,27,28,11,25,35,5,24,24,1,2019-20
201599,DeAndre Jordan,DeAndre,1610612751,BKN,31.0,56,27,29,0.482,1234.1666666666667,191,287,0.666,0,0,0.0,83,122,0.68,141,420,561,105,74,18,52,19,114,129,465,-39,1431.7,13,0,1271.0,1446.0,39,36,75,50,35,36,46,14,74,86,74,35,32,56,21,15,15,24,27,59,32,56,53,31,39,71,30,22,5,33,30,1,2019-20
1629731,Dean Wade,Dean,1610612739,CLE,23.0,12,1,11,0.083,71.41666666666667,9,13,0.692,2,4,0.5,0,1,0.0,3,16,19,2,3,2,4,0,8,2,20,-9,60.8,0,0,55.0,61.0,89,99,23,100,92,94,95,8,59,67,5,98,98,98,94,91,91,94,93,89,90,1,11,97,94,52,93,74,5,93,93,1,2019-20
1629028,Deandre Ayton,Deandre,1610612756,PHX,21.0,38,20,18,0.526,1236.335,310,568,0.546,3,13,0.231,67,89,0.753,147,289,436,72,80,26,58,37,117,92,690,98,1493.2,23,0,1369.0,1522.0,68,45,37,44,34,19,21,44,54,54,59,45,48,33,19,25,23,36,23,43,29,86,59,45,23,23,28,17,5,27,27,1,2019-20
1629608,Dewan Hernandez,Dewan,1610612761,TOR,23.0,6,6,0,1.0,28.235,5,14,0.357,1,2,0.5,3,5,0.6,5,9,14,3,3,1,0,5,6,3,14,11,35.3,0,0,34.0,37.0,96,88,1,1,97,95,93,100,63,77,5,94,94,79,91,97,95,93,93,93,97,23,7,96,95,39,96,74,5,96,96,1,2019-20
203473,Dewayne Dedmon,Dewayne,1610612737,ATL,30.0,44,17,27,0.386,773.655,102,255,0.4,22,107,0.206,30,36,0.833,60,189,249,22,57,25,41,13,133,53,256,-28,728.8,3,0,681.0,747.0,58,62,68,69,61,63,55,97,33,26,65,68,71,10,54,49,53,75,40,47,43,42,70,63,64,66,59,42,5,58,59,2,2019-20
1627734,Domantas Sabonis,Domantas,1610612754,IND,24.0,62,37,25,0.597,2158.65,458,848,0.54,17,67,0.254,214,296,0.723,189,582,771,310,170,47,30,56,195,303,1147,163,2598.2,50,4,2399.0,2769.0,22,19,61,34,4,6,6,47,36,35,54,9,8,49,9,4,5,3,5,15,54,97,96,6,8,13,7,2,2,8,5,1,2019-20
1629234,Drew Eubanks,Drew,1610612759,SAS,23.0,22,13,9,0.591,272.22,43,67,0.642,1,1,1.0,20,26,0.769,28,57,85,15,21,5,17,8,37,28,107,-71,276.5,0,0,252.0,288.0,82,76,17,37,83,80,83,18,63,83,1,76,79,26,79,81,81,84,75,86,71,33,23,78,79,80,81,74,5,81,81,1,2019-20
2730,Dwight Howard,Dwight,1610612747,LAL,34.0,69,52,17,0.754,1305.7133333333334,202,277,0.729,3,5,0.6,110,214,0.514,172,335,507,45,84,31,79,14,222,207,517,162,1438.9,9,0,1292.0,1444.0,6,2,32,7,30,33,50,4,54,64,3,27,15,91,12,21,20,57,20,38,18,45,101,14,34,15,29,28,5,31,31,1,2019-20
203939,Dwight Powell,Dwight,1610612742,DAL,28.0,40,25,15,0.625,1060.5383333333334,146,229,0.638,10,39,0.256,74,111,0.667,75,152,227,59,36,34,22,13,102,116,376,195,868.9,1,0,784.0,889.0,64,38,27,25,45,50,59,19,38,39,53,40,37,61,48,56,55,41,61,30,63,42,47,35,51,12,52,64,5,53,52,1,2019-20
202334,Ed Davis,Ed,1610612762,UTA,31.0,28,16,12,0.571,303.4716666666667,22,46,0.478,0,0,0.0,7,14,0.5,35,70,105,12,13,11,9,6,61,24,51,-108,242.0,0,0,208.0,240.0,78,63,26,40,80,88,87,71,74,86,74,88,86,92,71,76,78,86,84,66,81,26,32,81,88,88,83,74,5,83,83,1,2019-20
202683,Enes Freedom,Enes,1610612738,BOS,28.0,58,36,22,0.621,983.3383333333334,199,348,0.572,1,7,0.143,70,99,0.707,163,268,431,56,56,22,41,36,100,89,469,211,1203.2,9,0,1083.0,1201.0,32,21,47,28,49,34,36,34,63,59,69,42,45,51,15,30,24,43,41,53,43,84,46,48,38,10,40,28,5,41,41,1,2019-20
1628450,Eric Mika,Eric,1610612758,SAC,25.0,1,0,1,0.0,19.041666666666668,2,3,0.667,0,0,0.0,2,2,1.0,2,5,7,0,0,0,0,0,5,1,6,8,14.4,0,0,13.0,13.0,102,101,2,101,99,99,101,12,74,86,74,96,97,1,97,98,98,100,100,99,97,1,6,98,99,40,99,74,5,99,99,1,2019-20
1626163,Frank Kaminsky,Frank,1610612756,PHX,27.0,39,19,20,0.487,777.4233333333333,138,307,0.45,41,124,0.331,61,90,0.678,35,141,176,75,37,14,10,19,75,73,378,-9,736.7,1,0,718.0,776.0,66,50,43,48,59,54,40,87,23,23,42,48,47,58,71,58,63,33,59,62,79,56,35,55,50,52,58,64,5,55,56,1,2019-20
1629048,Goga Bitadze,Goga,1610612754,IND,20.0,54,32,22,0.593,471.2916666666667,70,150,0.467,8,42,0.19,24,33,0.727,25,81,106,23,28,10,37,3,65,26,172,-14,446.7,1,0,403.0,465.0,45,27,47,36,72,75,70,79,42,38,68,73,74,48,80,74,76,73,70,70,49,18,33,79,75,56,74,64,5,75,74,1,2019-20
203476,Gorgui Dieng,Gorgui,1610612763,MEM,30.0,63,20,43,0.317,1096.4966666666667,166,364,0.456,54,152,0.355,78,101,0.772,91,263,354,73,60,51,59,23,124,110,464,-103,1268.3,9,0,1165.0,1294.0,18,45,102,85,43,45,34,84,20,19,24,38,42,25,41,33,36,35,37,10,28,70,64,36,40,85,38,28,5,36,38,2,2019-20
1628385,Harry Giles III,Harry,1610612758,SAC,22.0,46,22,24,0.478,667.0033333333333,139,251,0.554,0,2,0.0,38,49,0.776,43,145,188,60,44,22,18,16,119,58,316,-129,707.6,2,0,644.0,744.0,55,40,59,51,63,53,56,42,74,77,74,58,64,24,67,57,62,40,53,53,70,52,61,60,56,91,61,52,5,61,60,1,2019-20
202355,Hassan Whiteside,Hassan,1610612757,POR,31.0,67,34,33,0.507,2008.0833333333333,436,702,0.621,4,7,0.571,164,239,0.686,258,647,905,78,120,26,196,39,196,216,1040,114,2789.0,51,0,2471.0,2767.0,10,24,84,45,8,8,16,25,51,59,4,14,12,54,1,2,2,31,11,43,1,87,97,12,11,21,4,1,5,4,6,1,2019-20
1627740,Henry Ellenson,Henry,1610612751,BKN,23.0,5,2,3,0.4,15.116666666666667,1,7,0.143,0,4,0.0,0,0,0.0,2,4,6,1,0,0,0,1,1,0,2,12,10.7,0,0,9.0,10.0,97,96,9,65,100,100,99,102,74,67,74,98,99,98,97,99,99,97,100,99,97,9,2,99,100,37,100,74,5,100,100,1,2019-20
101133,Ian Mahinmi,Ian,1610612764,WAS,33.0,38,15,23,0.395,807.825,104,210,0.495,5,26,0.192,70,113,0.619,78,140,218,49,45,31,44,21,114,102,283,-80,798.1,1,0,705.0,824.0,68,68,51,68,58,61,61,65,47,45,67,42,36,75,46,59,58,53,51,38,39,65,53,40,61,81,54,64,5,57,54,1,2019-20
1628392,Isaiah Hartenstein,Isaiah,1610612745,HOU,22.0,23,16,7,0.696,266.02166666666665,44,67,0.657,0,5,0.0,19,28,0.679,29,61,90,18,16,9,12,2,41,26,107,40,289.0,2,0,257.0,296.0,81,63,16,16,84,79,83,15,74,64,74,78,76,57,78,79,80,79,81,76,75,14,26,79,79,30,80,52,5,80,80,1,2019-20
1627826,Ivica Zubac,Ivica,1610612746,LAC,23.0,72,49,23,0.681,1326.0,236,385,0.613,0,2,0.0,124,166,0.747,197,346,543,82,61,16,66,28,168,126,596,231,1555.6,10,0,1385.0,1549.0,2,5,51,18,28,31,32,27,74,77,74,22,24,39,8,20,17,30,36,61,23,76,87,32,29,9,26,26,5,26,26,1,2019-20
203210,JaMychal Green,JaMychal,1610612746,LAC,30.0,63,43,20,0.683,1307.0416666666667,151,352,0.429,92,238,0.387,36,48,0.75,77,311,388,49,54,29,24,20,174,44,430,149,1074.1,7,0,1065.0,1075.0,18,11,43,17,29,47,35,91,10,11,18,61,66,35,47,23,33,53,44,41,57,60,89,71,45,16,44,35,5,42,46,1,2019-20
201580,JaVale McGee,JaVale,1610612747,LAL,32.0,68,51,17,0.75,1130.0916666666667,195,306,0.637,3,6,0.5,53,82,0.646,125,265,390,37,55,36,94,19,159,87,446,131,1304.5,2,0,1136.0,1300.0,7,3,32,8,40,35,41,20,54,62,5,52,51,69,27,32,32,63,42,28,9,56,80,51,42,18,35,52,5,37,37,1,2019-20
1626143,Jahlil Okafor,Jahlil,1610612740,NOP,24.0,30,9,21,0.3,466.94166666666666,101,162,0.623,1,3,0.333,40,62,0.645,48,79,127,37,38,7,22,15,67,61,243,-101,499.9,2,0,466.0,531.0,74,79,45,88,73,64,69,24,63,71,35,55,56,70,64,75,71,63,58,81,63,49,34,58,65,84,70,52,5,71,70,1,2019-20
1627751,Jakob Poeltl,Jakob,1610612759,SAS,24.0,66,30,36,0.455,1171.1166666666666,166,266,0.624,0,0,0.0,40,86,0.465,131,244,375,116,54,37,95,24,126,96,372,119,1338.0,4,0,1127.0,1375.0,13,31,87,55,37,45,52,23,74,86,74,55,49,94,26,38,35,19,44,26,8,72,67,44,52,20,33,40,5,38,34,1,2019-20
1629667,Jalen McDaniels,Jalen,1610612766,CHA,22.0,16,7,9,0.438,293.32166666666666,33,70,0.471,9,24,0.375,14,17,0.824,15,50,65,13,11,8,3,3,36,18,89,-23,208.5,0,0,198.0,213.0,87,86,17,60,81,84,81,76,39,46,21,82,85,12,88,83,87,85,85,79,92,18,21,86,83,65,85,74,5,84,84,1,2019-20
1628991,Jaren Jackson Jr.,Jaren,1610612763,MEM,20.0,57,28,29,0.491,1621.9933333333333,353,753,0.469,145,368,0.394,139,186,0.747,55,207,262,78,99,40,92,64,232,187,990,-104,1718.4,3,0,1739.0,1804.0,35,33,75,47,21,15,12,78,2,3,15,17,20,38,59,47,50,31,15,22,12,99,103,17,15,86,22,42,5,19,22,1,2019-20
1628386,Jarrett Allen,Jarrett,1610612751,BKN,22.0,70,33,37,0.471,1851.8633333333332,302,465,0.649,0,6,0.0,171,270,0.633,216,455,671,110,77,40,92,44,162,274,775,45,2064.2,30,0,1820.0,2062.0,4,26,90,53,11,20,26,16,74,62,74,12,11,72,5,11,9,22,25,22,12,93,82,9,20,29,14,10,5,17,15,1,2019-20
1629637,Jaxson Hayes,Jaxson,1610612740,NOP,20.0,64,28,36,0.438,1079.715,174,259,0.672,1,4,0.25,123,190,0.647,97,162,259,56,53,26,55,14,161,145,472,-58,1056.8,3,0,950.0,1086.0,16,33,87,60,44,44,54,11,63,67,55,23,19,67,39,54,52,43,47,43,31,45,81,24,37,77,45,42,5,47,45,1,2019-20
201149,Joakim Noah,Joakim,1610612746,LAC,35.0,5,4,1,0.8,50.166666666666664,4,8,0.5,0,0,0.0,6,8,0.75,5,11,16,7,6,1,1,0,9,5,14,-19,43.7,0,0,41.0,50.0,97,93,2,3,94,96,98,61,74,86,74,89,90,35,91,94,93,89,92,93,95,1,12,92,95,61,95,74,5,95,95,1,2019-20
203954,Joel Embiid,Joel,1610612755,PHI,26.0,51,32,19,0.627,1505.815,382,801,0.477,57,172,0.331,351,435,0.807,141,452,593,152,159,45,65,42,174,344,1172,163,2282.6,37,0,2194.0,2399.0,49,27,40,24,23,14,8,73,17,15,41,2,2,17,21,12,11,11,6,18,24,92,89,4,6,13,12,9,5,12,11,1,2019-20
203089,John Henson,John,1610612765,DET,29.0,40,8,32,0.2,600.2066666666667,95,171,0.556,8,36,0.222,23,46,0.5,46,116,162,54,36,24,42,11,78,53,221,-19,658.4,1,0,577.0,689.0,64,82,81,98,66,66,68,40,42,41,62,74,67,92,65,64,66,47,61,50,41,40,37,63,68,61,63,64,5,63,63,2,2019-20
202685,Jonas Valanciunas,Jonas,1610612763,MEM,28.0,70,32,38,0.457,1845.1033333333332,432,739,0.585,32,91,0.352,148,200,0.74,213,575,788,131,127,30,76,39,185,193,1044,5,2377.1,39,1,2207.0,2412.0,4,27,92,54,12,9,13,29,28,31,27,16,17,42,6,5,4,15,10,40,19,87,93,15,10,44,9,8,4,11,10,1,2019-20
203944,Julius Randle,Julius,1610612752,NYK,25.0,64,21,43,0.328,2080.4,463,1006,0.46,64,231,0.277,258,352,0.733,151,471,622,198,193,51,22,65,178,278,1248,-244,2317.4,30,0,2278.0,2485.0,16,42,102,80,6,5,4,82,14,13,50,4,5,47,18,10,10,7,4,10,63,100,91,8,3,100,11,10,5,9,9,1,2019-20
1628383,Justin Patton,Justin,1610612765,DET,23.0,5,2,3,0.4,24.241666666666667,4,10,0.4,1,4,0.25,0,0,0.0,1,4,5,2,2,0,0,0,4,0,9,-16,16.0,0,0,17.0,18.0,97,96,9,65,98,96,96,97,63,67,55,98,99,98,100,99,100,94,97,99,97,1,5,99,98,58,98,74,5,98,98,1,2019-20
203994,Jusuf Nurkić,Jusuf,1610612757,POR,25.0,8,6,2,0.75,253.13833333333332,54,109,0.495,2,10,0.2,31,35,0.886,23,59,82,32,19,11,16,2,39,45,141,-4,349.4,3,0,311.0,368.0,93,88,6,8,85,78,77,64,59,56,66,66,72,3,83,80,83,68,78,66,73,14,25,69,78,49,79,42,5,79,78,1,2019-20
1626157,Karl-Anthony Towns,Karl-Anthony,1610612750,MIN,24.0,35,10,25,0.286,1187.03,316,622,0.508,114,277,0.412,180,226,0.796,95,283,378,153,110,33,42,36,117,191,926,-15,1724.1,24,0,1721.0,1835.0,71,78,61,90,36,18,18,59,4,8,12,11,13,20,40,28,34,10,12,32,41,84,59,16,17,57,21,16,5,20,20,1,2019-20
203482,Kelly Olynyk,Kelly,1610612748,MIA,29.0,67,41,26,0.612,1300.305,184,398,0.462,95,234,0.406,86,100,0.86,44,261,305,116,71,45,23,14,173,105,549,60,1222.0,3,0,1201.0,1290.0,10,14,66,32,31,37,30,80,9,12,14,32,44,5,66,34,44,19,30,18,59,45,88,38,32,25,39,42,5,35,39,1,2019-20
201567,Kevin Love,Kevin,1610612739,CLE,31.0,56,16,40,0.286,1779.87,327,727,0.45,146,390,0.374,187,219,0.854,54,493,547,178,140,33,19,29,90,163,987,-269,1926.4,23,0,1962.0,2046.0,39,63,96,90,16,16,14,86,1,2,22,10,14,7,61,9,16,8,8,32,68,77,40,20,16,102,17,17,5,13,16,1,2019-20
203920,Khem Birch,Khem,1610612753,ORL,27.0,48,19,29,0.396,922.0183333333333,73,143,0.51,0,1,0.0,66,101,0.653,91,129,220,50,31,20,23,10,91,81,212,-130,649.0,0,0,568.0,661.0,52,50,75,67,53,74,72,57,74,83,74,46,42,64,41,63,56,50,64,57,59,38,41,53,72,93,64,74,5,64,64,1,2019-20
204001,Kristaps Porziņģis,Kristaps,1610612742,DAL,24.0,57,32,25,0.561,1813.7766666666666,398,932,0.427,142,403,0.352,226,283,0.799,100,440,540,102,92,41,115,33,185,222,1164,268,2341.0,25,0,2260.0,2376.0,35,27,61,42,15,11,5,92,3,1,25,8,10,19,34,13,18,25,17,21,7,82,93,11,7,3,10,14,5,10,12,1,2019-20
1629734,Kyle Alexander,Kyle,1610612748,MIA,23.0,2,0,2,0.0,13.366666666666667,1,2,0.5,0,0,0.0,0,0,0.0,2,1,3,0,1,0,0,0,1,0,2,-3,4.6,0,0,5.0,5.0,100,101,6,101,101,100,102,61,74,86,74,98,99,98,97,102,102,100,99,99,97,1,2,99,100,48,103,74,5,102,102,1,2019-20
203124,Kyle O'Quinn,Kyle,1610612755,PHI,30.0,29,18,11,0.621,312.6333333333333,42,85,0.494,7,27,0.259,11,20,0.55,34,82,116,51,20,7,24,2,37,22,102,-33,390.7,2,0,338.0,413.0,76,55,23,28,79,81,79,66,44,44,52,84,83,85,73,73,73,48,77,81,57,14,23,82,81,69,77,52,5,77,77,1,2019-20
200746,LaMarcus Aldridge,LaMarcus,1610612759,SAS,34.0,53,23,30,0.434,1753.9383333333333,391,793,0.493,61,157,0.389,158,191,0.827,103,289,392,129,74,36,87,20,128,163,1001,-129,1959.9,14,0,1829.0,2020.0,47,39,78,62,17,12,9,67,15,18,17,15,18,11,32,25,31,16,27,28,15,60,69,20,14,91,16,21,5,16,17,1,2019-20
1626204,Larry Nance Jr.,Larry,1610612739,CLE,27.0,56,16,40,0.286,1472.1133333333332,229,431,0.531,56,159,0.352,50,74,0.676,106,303,409,123,60,56,22,15,91,101,564,-156,1413.3,12,0,1308.0,1453.0,39,63,96,90,25,32,27,51,19,17,26,53,54,59,31,24,28,17,37,6,63,49,41,41,31,96,31,23,5,30,29,1,2019-20
1628374,Lauri Markkanen,Lauri,1610612741,CHI,23.0,50,18,32,0.36,1491.5783333333334,251,591,0.425,109,317,0.344,126,153,0.824,60,253,313,74,81,42,23,39,96,122,737,-68,1337.6,3,0,1363.0,1393.0,51,55,81,71,24,26,19,94,5,5,32,21,27,12,54,36,41,34,22,20,59,87,43,33,22,79,34,42,5,28,33,1,2019-20
1628436,Luke Kornet,Luke,1610612741,CHI,24.0,36,11,25,0.306,558.5433333333333,82,187,0.439,31,108,0.287,20,28,0.714,22,62,84,32,14,11,26,6,54,29,215,-42,460.8,0,0,436.0,474.0,70,77,61,87,69,70,66,88,31,25,49,76,76,50,84,78,82,68,82,66,55,26,28,77,71,72,73,74,5,72,73,1,2019-20
201188,Marc Gasol,Marc,1610612761,TOR,35.0,44,35,9,0.795,1161.1566666666668,119,279,0.427,57,148,0.385,36,49,0.735,31,244,275,147,59,34,38,7,124,84,331,267,1038.5,3,0,954.0,1116.0,58,23,17,4,38,59,48,93,17,20,19,61,64,46,75,38,48,13,39,30,47,29,64,52,55,4,48,42,5,46,44,1,2019-20
1629716,Marques Bolden,Marques,1610612739,CLE,22.0,1,0,1,0.0,2.816666666666667,0,0,0.0,0,0,0.0,0,0,0.0,0,2,2,0,0,1,0,0,1,0,0,4,5.4,0,0,4.0,5.0,102,101,2,101,103,103,103,103,74,86,74,98,99,98,103,101,103,100,100,93,97,1,2,99,103,45,102,74,5,103,102,1,2019-20
203486,Mason Plumlee,Mason,1610612743,DEN,30.0,61,38,23,0.623,1057.2983333333334,177,288,0.615,0,5,0.0,83,155,0.535,98,219,317,154,82,33,38,22,143,144,437,-55,1179.4,2,0,1050.0,1275.0,28,17,51,26,46,41,45,26,74,64,74,35,26,86,37,45,39,9,21,32,47,67,75,25,44,75,42,52,5,43,40,1,2019-20
203086,Meyers Leonard,Meyers,1610612748,MIA,28.0,51,34,17,0.667,1033.9316666666666,119,234,0.509,53,128,0.414,18,28,0.643,30,230,260,55,39,14,15,10,107,52,309,77,751.5,2,0,735.0,766.0,49,24,32,19,47,59,58,58,22,22,11,79,76,71,76,43,51,46,57,62,74,38,51,65,57,24,56,52,5,54,58,1,2019-20
1629662,Mfiondu Kabengele,Mfiondu,1610612746,LAC,22.0,12,9,3,0.75,64.41666666666667,14,32,0.438,9,20,0.45,5,5,1.0,1,10,11,2,2,2,2,4,9,4,42,-1,68.2,0,0,72.0,69.0,89,79,9,8,93,90,90,89,39,49,9,93,94,1,100,96,97,94,97,89,93,22,12,94,89,47,92,74,5,92,92,1,2019-20
203488,Mike Muscala,Mike,1610612760,OKC,28.0,47,26,21,0.553,571.7666666666667,77,189,0.407,54,143,0.378,18,22,0.818,16,92,108,40,17,9,12,7,58,40,226,-17,461.6,0,0,470.0,477.0,53,37,45,43,67,72,64,96,20,21,20,79,81,15,87,69,74,62,80,76,75,29,31,72,67,59,72,74,5,70,72,1,2019-20
1629011,Mitchell Robinson,Mitchell,1610612752,NYK,22.0,61,20,41,0.328,1412.325,253,341,0.742,0,0,0.0,84,148,0.568,186,242,428,36,37,52,119,20,194,132,590,-107,1633.6,8,0,1396.0,1603.0,28,45,101,81,26,25,38,3,74,86,74,34,31,84,10,40,25,65,59,8,6,60,95,29,30,87,24,32,5,25,25,1,2019-20
1628964,Mo Bamba,Mo,1610612753,ORL,22.0,62,30,32,0.484,878.3683333333333,132,286,0.462,37,107,0.346,31,46,0.674,100,202,302,42,42,23,86,25,116,45,332,20,1042.4,2,0,931.0,1045.0,22,31,81,49,55,55,47,81,25,26,30,66,67,60,34,48,45,60,54,51,16,74,57,69,54,35,47,52,5,48,48,1,2019-20
1626149,Montrezl Harrell,Montrezl,1610612746,LAC,26.0,63,44,19,0.698,1749.1266666666668,471,812,0.58,0,18,0.0,231,351,0.658,163,282,445,107,108,39,72,71,146,301,1173,251,2092.5,12,0,1947.0,2165.0,18,9,40,15,18,4,7,31,74,51,74,7,6,63,15,29,22,23,13,25,20,102,76,7,5,6,13,23,5,14,13,1,2019-20
1629021,Moritz Wagner,Moritz,1610612764,WAS,23.0,45,15,30,0.333,835.3316666666667,145,266,0.545,25,80,0.313,78,95,0.821,56,163,219,56,66,28,19,23,152,119,393,-89,814.8,2,0,787.0,865.0,57,68,78,75,56,51,52,45,32,33,48,38,46,14,57,53,57,43,32,42,68,70,78,34,47,82,53,52,5,52,53,1,2019-20
1629650,Moses Brown,Moses,1610612757,POR,20.0,9,4,5,0.444,32.843333333333334,4,10,0.4,0,0,0.0,3,8,0.375,3,11,14,1,3,1,1,0,7,5,11,-33,32.3,0,0,30.0,33.0,92,93,14,58,95,96,96,97,74,86,74,94,90,96,94,94,95,97,93,93,95,1,8,92,97,69,97,74,5,97,97,1,2019-20
1626167,Myles Turner,Myles,1610612754,IND,24.0,62,37,25,0.597,1825.8016666666667,268,587,0.457,86,250,0.344,127,169,0.751,86,321,407,72,85,46,132,22,166,156,749,-7,1794.4,9,0,1670.0,1834.0,22,19,61,34,13,24,20,83,11,10,31,19,22,34,44,22,29,36,19,16,5,67,85,23,21,51,20,28,5,21,21,1,2019-20
1629675,Naz Reid,Naz,1610612750,MIN,20.0,30,8,22,0.267,495.4633333333333,100,243,0.412,32,97,0.33,37,53,0.698,34,90,124,35,22,19,22,16,83,49,269,6,571.3,2,0,542.0,586.0,74,82,47,96,70,65,57,95,28,29,44,59,61,52,73,71,72,66,74,58,63,52,38,67,63,43,67,52,5,67,66,1,2019-20
203457,Nerlens Noel,Nerlens,1610612760,OKC,26.0,61,38,23,0.623,1126.9333333333334,184,269,0.684,1,3,0.333,80,106,0.755,91,209,300,57,66,59,91,9,166,105,449,27,1278.5,3,0,1107.0,1313.0,28,17,51,26,41,37,51,9,63,71,35,37,39,31,41,46,46,42,32,5,14,35,85,38,41,34,37,42,5,39,36,1,2019-20
1629651,Nic Claxton,Nic,1610612751,BKN,21.0,15,5,10,0.333,186.85,27,48,0.563,1,7,0.143,11,21,0.524,19,25,44,16,9,1,8,5,14,19,66,-67,160.8,0,0,145.0,169.0,88,91,20,75,88,86,86,38,63,59,69,84,82,90,85,89,88,81,89,93,83,23,15,83,86,78,87,74,5,87,87,1,2019-20
203999,Nikola Jokić,Nikola,1610612743,DEN,25.0,73,46,27,0.63,2335.405,565,1071,0.528,80,255,0.314,246,301,0.817,166,545,711,512,226,85,44,32,222,365,1456,255,3238.2,43,13,3017.0,3578.0,1,6,68,23,2,1,2,52,12,9,47,6,7,16,14,7,7,1,1,3,39,79,101,3,2,5,1,5,1,1,1,1,2019-20
202696,Nikola Vučević,Nikola,1610612753,ORL,29.0,62,28,34,0.452,1998.1783333333333,493,1033,0.477,98,289,0.339,131,167,0.784,140,533,673,222,88,54,47,50,135,158,1215,52,2570.6,41,0,2410.0,2635.0,22,33,85,57,9,3,3,72,8,6,34,18,23,22,23,8,8,5,18,7,37,95,71,22,4,27,8,6,5,7,8,1,2019-20
1629057,Robert Williams III,Robert,1610612738,BOS,22.0,29,19,10,0.655,387.7733333333333,64,88,0.727,0,0,0.0,22,34,0.647,40,88,128,27,21,22,35,1,51,32,150,36,494.1,0,0,419.0,503.0,76,50,20,20,76,76,78,5,74,86,74,75,73,68,70,72,70,71,75,53,51,9,27,76,77,31,71,74,5,73,71,1,2019-20
201577,Robin Lopez,Robin,1610612749,MIL,32.0,66,51,15,0.773,958.1083333333333,147,299,0.492,35,105,0.333,28,53,0.528,56,105,161,45,63,10,45,9,96,61,357,8,719.7,0,0,708.0,773.0,13,3,27,6,51,49,43,68,27,28,35,71,61,89,57,66,67,57,34,70,38,35,43,58,53,40,60,74,5,56,57,1,2019-20
203497,Rudy Gobert,Rudy,1610612762,UTA,28.0,68,42,26,0.618,2332.7066666666665,386,557,0.693,0,0,0.0,254,403,0.63,230,686,916,101,130,51,135,51,215,380,1026,293,2704.7,49,0,2415.0,2702.0,7,12,66,31,3,13,23,7,74,86,74,5,3,73,3,1,1,26,9,10,4,96,99,2,12,2,5,3,5,6,7,1,2019-20
1627746,Skal Labissiere,Skal,1610612737,ATL,24.0,33,14,19,0.424,566.79,81,147,0.551,3,13,0.231,25,33,0.758,65,104,169,42,30,7,31,7,89,34,190,12,539.8,1,0,480.0,557.0,72,75,40,64,68,71,71,43,54,54,59,72,74,30,53,67,64,60,65,81,53,29,39,75,73,37,69,64,5,69,69,1,2019-20
203500,Steven Adams,Steven,1610612760,OKC,26.0,63,40,23,0.635,1680.51,283,478,0.592,1,3,0.333,117,201,0.582,207,376,583,146,94,51,67,32,122,209,684,149,1862.6,22,0,1650.0,1913.0,18,15,51,22,20,23,25,28,63,71,35,25,16,81,7,16,12,14,16,10,22,79,63,13,24,16,19,19,5,22,19,1,2019-20
1629605,Tacko Fall,Tacko,1610612738,BOS,24.0,7,5,2,0.714,32.53666666666667,11,14,0.786,0,0,0.0,1,3,0.333,1,14,15,1,3,1,4,1,7,4,23,7,54.5,0,0,49.0,55.0,94,91,6,14,96,93,93,1,74,86,74,97,96,97,100,92,94,97,93,93,90,9,8,94,93,42,94,74,5,94,94,1,2019-20
1628418,Thomas Bryant,Thomas,1610612764,WAS,22.0,46,15,31,0.326,1146.7916666666667,243,418,0.581,37,91,0.407,86,116,0.741,98,233,331,83,53,25,49,14,103,101,609,-161,1299.7,11,0,1208.0,1328.0,55,68,80,83,39,29,29,30,25,31,13,32,33,41,37,41,37,29,47,47,34,45,50,41,27,97,36,25,5,34,35,1,2019-20
1627748,Thon Maker,Thon,1610612765,DET,23.0,60,20,40,0.333,776.095,93,193,0.482,22,64,0.344,73,110,0.664,54,113,167,43,45,25,39,13,102,89,281,-143,692.9,2,0,641.0,726.0,31,45,96,75,60,68,63,69,33,36,33,41,38,62,61,65,65,59,51,47,46,42,47,48,62,94,62,52,5,62,62,1,2019-20
1628396,Tony Bradley,Tony,1610612762,UTA,22.0,58,36,22,0.621,663.1633333333333,126,189,0.667,3,3,1.0,30,46,0.652,111,156,267,23,30,14,33,20,115,40,285,-11,750.9,1,0,672.0,739.0,32,21,47,28,64,56,64,12,54,71,1,68,67,65,29,55,49,73,65,62,52,60,56,72,60,55,57,64,5,60,61,1,2019-20
202684,Tristan Thompson,Tristan,1610612739,CLE,29.0,57,19,38,0.333,1721.525,288,562,0.512,9,23,0.391,99,161,0.615,226,351,577,120,103,33,50,65,124,168,684,-378,1702.4,25,0,1556.0,1750.0,35,50,92,75,19,22,22,56,39,47,16,28,25,76,4,19,13,18,14,32,33,100,64,19,24,103,23,14,5,23,23,1,2019-20
203092,Tyler Zeller,Tyler,1610612759,SAS,30.0,2,1,1,0.5,3.875,1,4,0.25,0,0,0.0,0,0,0.0,3,1,4,0,0,0,0,0,0,0,2,3,6.8,0,0,6.0,6.0,100,99,2,46,102,100,100,101,74,86,74,98,99,98,94,102,101,100,100,99,97,1,1,99,100,46,101,74,5,101,101,1,2019-20
2199,Tyson Chandler,Tyson,1610612745,HOU,37.0,26,15,11,0.577,219.20666666666668,14,18,0.778,0,0,0.0,6,13,0.462,25,41,66,6,8,6,8,1,32,17,34,30,156.2,0,0,134.0,154.0,80,68,23,39,87,90,92,2,74,86,74,89,87,95,80,87,85,90,90,85,83,9,18,88,92,33,88,74,5,88,88,1,2019-20
1629738,Vincent Poirier,Vincent,1610612738,BOS,26.0,22,18,4,0.818,129.99166666666667,17,36,0.472,1,2,0.5,6,7,0.857,13,30,43,8,8,2,9,3,25,9,41,-20,129.6,0,0,115.0,133.0,82,55,13,2,89,89,89,74,63,77,5,89,93,6,89,88,89,88,90,89,81,18,16,89,90,63,89,74,5,90,90,1,2019-20
1628976,Wendell Carter Jr.,Wendell,1610612741,CHI,21.0,43,15,28,0.349,1255.7866666666666,183,343,0.534,6,29,0.207,112,152,0.737,139,266,405,51,72,33,36,32,162,144,484,-29,1181.5,17,0,1084.0,1198.0,61,68,71,72,33,39,37,48,46,43,64,26,28,44,25,31,30,48,29,32,50,79,82,25,35,67,41,20,5,40,42,1,2019-20
1626161,Willie Cauley-Stein,Willie,1610612742,DAL,26.0,54,16,38,0.296,1097.4466666666667,175,302,0.579,0,1,0.0,40,66,0.606,84,231,315,70,40,49,61,18,121,70,390,-128,1163.0,3,0,995.0,1175.0,45,63,92,89,42,43,42,32,74,83,74,55,55,77,45,42,40,38,56,14,25,55,62,56,49,90,43,42,5,44,43,2,2019-20
1626195,Willy Hernangomez,Willy,1610612766,CHA,26.0,31,7,24,0.226,375.2183333333333,74,139,0.532,5,22,0.227,37,59,0.627,43,91,134,29,30,10,7,9,32,48,190,-18,415.3,2,0,392.0,433.0,73,86,59,97,78,73,74,50,47,48,61,59,58,74,67,70,68,70,65,70,85,35,18,68,73,60,76,52,5,76,76,1,2019-20
1628380,Zach Collins,Zach,1610612757,POR,22.0,11,8,3,0.727,289.9066666666667,32,68,0.471,7,19,0.368,6,8,0.75,25,44,69,16,14,5,5,6,36,18,77,36,199.8,0,0,189.0,208.0,91,82,9,12,82,85,82,77,44,50,23,89,90,35,80,86,84,81,82,86,88,26,21,86,85,31,86,74,5,86,86,1,2019-20
201143,Al Horford,Al,1610612738,BOS,35.0,28,11,17,0.393,781.755,162,360,0.45,56,152,0.368,18,22,0.818,29,159,188,94,29,25,26,10,48,33,398,-101,888.6,1,0,838.0,927.0,84,87,39,79,59,44,36,82,19,20,23,82,85,19,76,58,64,22,67,49,61,38,35,77,45,94,51,59,9,53,52,1,2020-21
1630197,Aleksej Pokusevski,Aleksej,1610612760,OKC,19.0,45,13,32,0.289,1089.915,139,408,0.341,58,207,0.28,31,42,0.738,30,182,212,97,99,20,42,10,58,35,367,-393,853.9,1,0,858.0,959.0,57,82,89,101,42,53,30,106,16,12,50,72,74,46,75,47,62,21,16,57,44,38,40,73,49,111,55,59,9,48,48,1,2020-21
203458,Alex Len,Alex,1610612764,WAS,28.0,64,30,34,0.469,978.7383333333333,171,278,0.615,8,25,0.32,73,116,0.629,78,182,260,49,55,20,64,20,127,75,423,-97,1005.5,2,0,908.0,1033.0,19,26,95,57,47,41,51,25,50,50,44,38,37,82,48,47,48,53,41,57,18,66,80,50,42,92,43,51,9,44,42,2,2020-21
1628578,Amida Brimah,Amida,1610612754,IND,27.0,5,2,3,0.4,29.278333333333332,5,8,0.625,0,0,0.0,3,3,1.0,2,6,8,1,4,0,5,0,4,3,13,22,35.1,0,0,32.0,38.0,107,104,7,77,108,103,107,17,80,100,80,103,108,1,107,108,107,106,99,105,93,1,4,104,106,35,105,79,9,105,104,1,2020-21
203083,Andre Drummond,Andre,1610612747,LAL,27.0,46,19,27,0.413,1241.5883333333334,282,572,0.493,0,8,0.0,123,205,0.6,166,385,551,94,124,63,49,68,149,177,687,-105,1701.2,28,0,1556.0,1762.0,53,64,73,76,36,22,19,64,80,68,80,21,13,92,14,16,13,22,9,8,33,109,90,14,23,95,20,13,9,21,20,2,2020-21
203076,Anthony Davis,Anthony,1610612747,LAL,28.0,36,23,13,0.639,1161.735,301,613,0.491,26,100,0.26,158,214,0.738,62,224,286,110,74,45,59,24,60,176,786,115,1532.2,12,0,1416.0,1604.0,71,41,31,25,39,19,15,65,33,29,54,11,11,45,55,38,41,14,25,15,23,73,42,15,20,16,26,23,9,25,24,1,2020-21
1628394,Anžejs Pasečņiks,Anžejs,1610612764,WAS,25.0,1,1,0,1.0,6.316666666666666,0,1,0.0,0,1,0.0,0,0,0.0,1,0,1,1,5,0,0,0,2,0,0,-13,-2.3,0,0,2.0,3.0,110,108,1,1,110,110,110,110,80,93,80,110,110,110,108,110,110,106,97,105,106,1,3,110,110,52,111,79,9,110,110,1,2020-21
203382,Aron Baynes,Aron,1610612761,TOR,34.0,53,20,33,0.377,980.2766666666666,134,304,0.441,27,103,0.262,29,41,0.707,87,186,273,47,46,17,22,15,119,52,324,-81,793.1,2,0,749.0,808.0,39,56,91,86,46,55,44,87,32,28,53,78,76,60,39,46,43,58,49,63,64,54,74,63,60,83,61,51,9,59,60,1,2020-21
1628389,Bam Adebayo,Bam,1610612748,MIA,23.0,64,34,30,0.531,2142.616666666667,456,800,0.57,2,8,0.25,283,354,0.799,142,431,573,346,169,75,66,39,145,339,1197,24,2657.6,33,2,2400.0,2885.0,19,16,83,49,6,6,7,34,65,68,58,4,5,30,21,11,12,4,4,4,16,95,87,5,7,31,6,9,4,7,5,1,2020-21
202687,Bismack Biyombo,Bismack,1610612766,CHA,28.0,66,28,38,0.424,1348.7816666666668,142,242,0.587,0,1,0.0,47,105,0.448,137,210,347,81,71,17,74,30,141,100,331,-276,1070.9,3,0,941.0,1113.0,17,31,103,70,30,50,60,33,80,93,80,52,42,106,24,41,34,31,29,63,14,83,85,37,58,107,40,44,9,42,40,1,2020-21
1626246,Boban Marjanovic,Boban,1610612742,DAL,32.0,33,14,19,0.424,271.3183333333333,62,122,0.508,1,8,0.125,31,38,0.816,47,81,128,10,12,2,6,15,29,29,156,23,336.6,3,0,311.0,328.0,76,78,44,70,85,79,78,59,70,68,77,72,78,23,62,78,76,88,87,97,90,54,25,80,79,33,79,44,9,79,81,1,2020-21
1629626,Bol Bol,Bol,1610612743,DEN,21.0,32,21,11,0.656,159.65666666666667,25,58,0.431,9,24,0.375,10,15,0.667,0,24,24,7,13,3,10,0,14,10,69,-80,134.3,0,0,135.0,146.0,79,49,24,20,95,90,90,92,47,51,20,89,89,73,109,96,98,96,85,95,83,1,14,92,91,82,96,79,9,94,95,1,2020-21
201572,Brook Lopez,Brook,1610612749,MIL,33.0,70,46,24,0.657,1901.7883333333334,322,640,0.503,95,281,0.338,120,142,0.845,104,243,347,50,64,40,103,18,149,123,859,312,1715.4,3,0,1637.0,1735.0,7,5,63,19,9,17,14,61,7,6,36,23,25,11,35,32,34,50,35,21,7,61,90,29,16,4,19,44,9,17,21,1,2020-21
1628981,Bruno Fernando,Bruno,1610612737,ATL,22.0,33,20,13,0.606,225.93333333333334,18,44,0.409,0,2,0.0,15,22,0.682,16,62,78,10,21,4,3,8,23,19,51,-22,159.6,0,0,153.0,170.0,76,56,31,34,89,97,94,101,80,88,80,87,85,68,89,81,82,88,75,90,101,30,22,86,95,65,93,79,9,92,92,1,2020-21
1629002,Chimezie Metu,Chimezie,1610612758,SAC,24.0,36,14,22,0.389,488.0566666666667,91,179,0.508,13,37,0.351,31,43,0.721,31,81,112,28,29,14,18,11,59,33,226,-58,469.4,0,0,443.0,490.0,71,78,56,81,77,72,71,58,41,44,29,72,73,54,73,78,80,71,67,69,69,41,41,77,75,72,76,79,9,76,76,1,2020-21
1628449,Chris Boucher,Chris,1610612761,TOR,28.0,60,25,35,0.417,1452.6783333333333,288,560,0.514,90,235,0.383,152,193,0.788,117,287,404,63,46,35,111,41,166,142,818,97,1789.3,12,0,1667.0,1786.0,28,38,96,75,27,21,21,54,9,9,17,13,16,32,30,26,28,41,49,28,6,96,94,24,17,19,17,23,9,16,18,1,2020-21
203991,Clint Capela,Clint,1610612737,ATL,27.0,63,34,29,0.54,1898.3766666666668,413,695,0.594,0,0,0.0,130,227,0.573,297,606,903,49,73,44,129,50,145,162,956,251,2559.1,48,1,2254.0,2476.0,22,16,79,46,10,11,11,30,80,100,80,19,10,97,1,4,2,53,27,16,4,102,87,19,12,6,7,4,7,9,9,1,2020-21
203469,Cody Zeller,Cody,1610612766,CHA,28.0,48,21,27,0.438,1005.3433333333334,181,324,0.559,4,28,0.143,85,119,0.714,119,209,328,86,51,27,17,30,121,114,451,41,1054.6,8,0,957.0,1083.0,48,49,73,65,43,37,40,39,59,49,75,32,36,56,28,43,38,29,47,42,73,83,76,34,35,27,41,29,9,41,41,1,2020-21
1626245,Cristiano Felicio,Cristiano,1610612741,CHI,28.0,18,6,12,0.333,83.55,7,13,0.538,0,2,0.0,9,16,0.563,10,16,26,9,4,4,0,1,10,12,23,22,75.7,0,0,66.0,79.0,93,98,26,95,99,102,103,46,80,88,80,93,88,98,95,99,97,93,99,90,106,8,11,89,100,35,99,79,9,99,99,1,2020-21
1627745,Damian Jones,Damian,1610612758,SAC,26.0,39,24,15,0.615,545.7266666666667,70,103,0.68,1,5,0.2,42,58,0.724,36,85,121,29,26,11,29,8,77,53,183,-67,465.7,1,0,414.0,482.0,65,39,35,30,76,77,80,7,70,76,68,62,63,52,70,77,77,68,72,75,59,30,50,61,77,78,77,59,9,77,77,3,2020-21
1629655,Daniel Gafford,Daniel,1610612764,WAS,22.0,54,31,23,0.574,791.3866666666667,154,225,0.684,0,0,0.0,72,108,0.667,94,137,231,29,41,26,75,12,98,93,380,50,962.7,2,0,842.0,972.0,35,24,60,41,58,45,62,6,80,100,80,39,40,73,36,65,57,68,57,43,13,44,60,44,46,25,45,51,9,51,46,2,2020-21
1630187,Daniel Oturu,Daniel,1610612746,LAC,21.0,30,21,9,0.7,160.90333333333334,22,52,0.423,1,5,0.2,9,12,0.75,21,27,48,10,9,4,7,13,24,8,54,10,150.6,1,0,135.0,155.0,83,49,19,12,94,92,92,98,70,76,68,93,93,41,83,95,94,88,89,90,89,49,23,98,93,40,94,59,9,94,94,1,2020-21
1628464,Daniel Theis,Daniel,1610612741,CHI,29.0,65,28,37,0.431,1600.6766666666667,252,466,0.541,49,152,0.322,74,110,0.673,93,263,356,108,66,41,57,26,167,114,627,-30,1444.2,6,0,1336.0,1493.0,18,31,100,67,19,26,24,45,22,20,41,37,39,71,37,30,33,16,33,19,27,75,95,34,26,66,30,34,9,27,27,2,2020-21
203967,Dario Saric,Dario,1610612756,PHX,27.0,50,37,13,0.74,870.4833333333333,153,342,0.447,47,135,0.348,84,99,0.848,46,144,190,65,57,30,4,30,95,88,437,219,807.5,0,0,807.0,859.0,45,12,31,6,54,46,37,83,23,22,31,33,43,10,63,63,63,40,40,39,96,83,57,47,39,7,59,79,9,54,58,1,2020-21
201599,DeAndre Jordan,DeAndre,1610612751,BKN,32.0,57,37,20,0.649,1246.0183333333334,190,249,0.763,0,1,0.0,46,92,0.5,117,310,427,93,85,17,65,6,116,84,426,-42,1238.9,6,0,1110.0,1285.0,33,12,49,24,35,33,59,1,80,93,80,53,45,101,30,22,26,25,17,63,17,26,73,48,40,69,35,34,9,36,35,1,2020-21
202326,DeMarcus Cousins,DeMarcus,1610612746,LAC,30.0,41,22,19,0.537,712.8716666666667,130,305,0.426,47,135,0.348,59,81,0.728,53,210,263,76,64,34,24,22,107,90,366,-60,905.6,7,0,868.0,955.0,64,45,44,48,64,59,43,96,23,22,31,47,50,50,61,41,47,34,35,33,62,71,66,46,51,73,50,32,9,46,49,2,2020-21
1629731,Dean Wade,Dean,1610612739,CLE,24.0,63,19,44,0.302,1212.1083333333333,134,311,0.431,78,213,0.366,30,39,0.769,38,177,215,74,30,35,21,9,78,35,376,-222,883.0,1,0,855.0,907.0,22,64,106,99,37,55,41,93,12,10,25,76,77,38,68,50,59,35,66,28,66,36,51,73,47,105,52,59,9,49,54,1,2020-21
1629028,Deandre Ayton,Deandre,1610612756,PHX,22.0,69,48,21,0.696,2114.59,430,687,0.626,4,20,0.2,133,173,0.769,228,499,727,99,103,41,81,46,196,163,997,274,2280.9,33,0,2071.0,2288.0,11,2,54,13,7,8,12,16,59,57,68,16,19,40,5,9,8,20,13,19,11,100,107,18,11,5,11,9,9,11,11,1,2020-21
203473,Dewayne Dedmon,Dewayne,1610612748,MIA,31.0,16,11,5,0.688,210.47166666666666,46,65,0.708,1,5,0.2,20,27,0.741,28,58,86,12,13,9,6,3,36,22,113,68,266.2,1,0,242.0,268.0,96,87,10,15,91,83,89,5,70,76,68,81,81,44,77,82,81,85,85,78,90,18,29,84,84,22,83,59,9,86,86,1,2020-21
1627734,Domantas Sabonis,Domantas,1610612754,IND,25.0,62,29,33,0.468,2231.4466666666667,484,904,0.535,52,162,0.321,240,328,0.732,150,592,742,415,213,76,33,54,203,297,1260,-91,2886.9,48,9,2687.0,3159.0,26,28,91,59,4,4,4,47,20,17,43,6,6,49,18,5,7,3,3,3,53,106,109,6,5,89,4,4,2,4,4,1,2020-21
1629743,Donta Hall,Donta,1610612753,ORL,23.0,13,3,10,0.231,179.24833333333333,25,35,0.714,0,0,0.0,23,34,0.676,24,38,62,11,8,5,10,2,18,25,73,-19,200.9,1,0,176.0,202.0,98,102,22,105,93,90,97,4,80,100,80,80,80,70,81,91,88,87,90,88,83,14,17,81,89,62,91,59,9,91,91,1,2020-21
1629234,Drew Eubanks,Drew,1610612759,SAS,24.0,54,21,33,0.389,755.2783333333333,116,205,0.566,2,2,1.0,77,106,0.726,74,167,241,42,45,18,49,19,88,96,311,-96,819.2,3,0,730.0,837.0,35,49,91,81,60,65,65,36,65,88,1,35,41,51,51,55,51,61,51,62,33,64,54,41,62,91,58,44,9,60,59,1,2020-21
2730,Dwight Howard,Dwight,1610612755,PHI,35.0,69,46,23,0.667,1195.535,178,303,0.587,5,20,0.25,121,210,0.576,190,390,580,61,112,30,62,25,200,194,482,-66,1433.5,12,0,1312.0,1460.0,11,5,60,17,38,38,45,32,55,57,58,22,12,96,10,15,11,44,11,39,20,74,108,11,32,77,31,23,9,30,30,1,2020-21
203939,Dwight Powell,Dwight,1610612742,DAL,29.0,58,36,22,0.621,965.5783333333334,120,194,0.619,5,21,0.238,97,124,0.782,80,154,234,63,40,36,30,16,135,133,342,75,875.3,1,0,776.0,900.0,30,14,56,28,48,63,67,21,55,54,63,29,32,33,47,59,56,41,58,27,57,58,83,27,55,21,54,59,9,57,55,1,2020-21
202334,Ed Davis,Ed,1610612750,MIN,32.0,23,5,18,0.217,298.93333333333334,19,44,0.432,0,0,0.0,10,12,0.833,46,69,115,21,7,13,13,8,56,12,48,-47,288.5,0,0,236.0,283.0,90,99,41,106,82,95,94,91,80,100,80,89,93,13,63,80,79,76,91,72,79,30,38,89,96,70,82,79,9,87,82,1,2020-21
202683,Enes Freedom,Enes,1610612757,POR,29.0,72,42,30,0.583,1757.2366666666667,339,561,0.604,1,4,0.25,127,164,0.774,284,511,795,84,78,33,48,68,168,144,806,155,2051.0,34,0,1848.0,2012.0,1,7,83,39,14,14,20,29,70,80,58,20,23,36,2,8,4,30,21,36,36,109,96,23,18,11,13,8,9,14,15,1,2020-21
1626163,Frank Kaminsky,Frank,1610612756,PHX,28.0,47,33,14,0.702,714.8066666666666,121,257,0.471,31,85,0.365,37,60,0.617,36,152,188,79,22,14,17,21,70,48,310,56,725.1,2,0,670.0,749.0,49,20,34,11,63,62,57,75,28,31,27,67,62,89,70,62,64,32,74,69,73,69,46,67,63,23,64,51,9,64,64,1,2020-21
1629048,Goga Bitadze,Goga,1610612754,IND,21.0,45,19,26,0.422,561.2766666666666,83,194,0.428,20,79,0.253,45,61,0.738,60,90,150,37,17,9,60,15,94,53,231,-19,656.5,0,0,576.0,662.0,57,64,70,72,72,76,67,95,37,33,57,56,61,47,58,76,71,63,80,78,22,54,56,61,73,62,69,79,9,72,71,1,2020-21
203476,Gorgui Dieng,Gorgui,1610612759,SAS,31.0,38,14,24,0.368,552.7366666666667,85,163,0.521,30,70,0.429,58,67,0.866,40,100,140,48,32,26,16,7,56,52,258,-68,592.0,0,0,560.0,620.0,68,78,63,91,74,75,74,51,31,34,2,48,56,6,67,74,73,56,65,43,76,28,38,63,70,79,73,79,9,73,73,2,2020-21
1628385,Harry Giles III,Harry,1610612757,POR,23.0,38,23,15,0.605,347.9216666666667,42,97,0.433,8,23,0.348,16,27,0.593,31,102,133,29,20,8,13,8,54,23,108,-78,354.1,0,0,320.0,362.0,68,41,35,35,79,85,84,90,50,53,33,84,81,94,73,72,74,68,78,82,79,30,36,83,85,81,78,79,9,78,78,1,2020-21
202355,Hassan Whiteside,Hassan,1610612758,SAC,32.0,36,16,20,0.444,545.8566666666667,126,224,0.563,0,1,0.0,41,79,0.519,61,154,215,20,40,9,46,17,73,74,293,-105,706.0,4,0,638.0,713.0,71,73,49,64,75,61,63,38,80,93,80,64,51,99,57,59,59,77,58,78,40,59,48,51,67,95,66,41,9,67,66,1,2020-21
1627740,Henry Ellenson,Henry,1610612761,TOR,24.0,2,0,2,0.0,38.36666666666667,5,14,0.357,2,9,0.222,3,4,0.75,3,9,12,5,0,0,0,1,7,3,15,7,36.9,0,0,34.0,37.0,109,111,4,111,106,103,102,105,65,66,65,103,106,41,105,103,105,97,111,105,106,8,6,104,104,43,104,79,9,104,105,1,2020-21
1628392,Isaiah Hartenstein,Isaiah,1610612739,CLE,23.0,46,20,26,0.435,558.8983333333333,94,171,0.55,2,6,0.333,46,71,0.648,65,116,181,55,44,19,39,14,104,65,236,-1,665.7,1,0,590.0,701.0,53,56,70,66,73,71,73,43,65,75,38,53,54,79,53,70,67,46,53,60,48,52,64,54,72,46,67,59,9,71,67,2,2020-21
1630191,Isaiah Stewart,Isaiah,1610612765,DET,20.0,68,20,48,0.294,1454.8283333333334,226,409,0.553,21,63,0.333,64,92,0.696,159,294,453,59,67,39,86,28,184,116,537,-60,1477.1,8,0,1320.0,1483.0,15,56,110,100,26,30,29,42,35,35,38,43,45,65,15,25,22,45,31,24,10,80,101,32,31,73,27,29,9,29,29,1,2020-21
1627826,Ivica Zubac,Ivica,1610612746,LAC,24.0,72,47,25,0.653,1608.47,257,394,0.652,1,4,0.25,135,171,0.789,189,330,519,90,81,24,62,47,187,164,650,183,1584.8,13,0,1432.0,1607.0,1,3,66,22,17,25,31,11,70,80,58,15,20,31,11,19,17,26,20,51,20,101,104,17,24,8,23,19,9,24,23,1,2020-21
203210,JaMychal Green,JaMychal,1610612743,DEN,31.0,58,38,20,0.655,1119.8333333333333,173,374,0.463,79,198,0.399,46,57,0.807,85,192,277,53,53,26,22,27,144,46,471,99,973.9,1,0,976.0,998.0,30,11,49,21,40,40,34,78,11,14,13,53,64,25,42,44,42,48,43,43,64,79,86,69,34,18,44,59,9,40,45,1,2020-21
201580,JaVale McGee,JaVale,1610612743,DEN,33.0,46,21,25,0.457,678.4033333333333,144,282,0.511,5,24,0.208,44,67,0.657,77,162,239,39,60,19,54,13,121,66,337,-89,841.3,1,0,766.0,873.0,53,49,66,62,66,49,49,57,55,51,67,60,56,78,49,57,52,62,38,60,30,49,76,53,57,87,56,59,9,58,56,2,2020-21
1626143,Jahlil Okafor,Jahlil,1610612765,DET,25.0,27,5,22,0.185,347.2366666666667,63,102,0.618,2,9,0.222,17,24,0.708,23,43,66,13,21,6,5,14,39,24,145,-83,255.7,0,0,248.0,270.0,85,99,56,109,81,78,81,23,65,66,65,83,83,59,82,89,86,84,75,86,93,52,31,82,80,86,87,79,9,84,83,1,2020-21
1627751,Jakob Poeltl,Jakob,1610612759,SAS,25.0,69,32,37,0.464,1845.1333333333334,265,430,0.616,0,0,0.0,63,124,0.508,219,328,547,134,83,47,123,29,172,115,593,109,1877.4,15,0,1614.0,1918.0,11,21,100,60,13,24,27,24,80,100,80,44,32,100,6,20,14,10,19,13,5,82,97,33,28,17,16,18,9,19,16,1,2020-21
1629667,Jalen McDaniels,Jalen,1610612766,CHA,23.0,47,18,29,0.383,903.58,133,284,0.468,35,105,0.333,45,64,0.703,45,124,169,53,45,28,19,23,95,60,346,-180,724.3,2,0,697.0,762.0,49,70,79,84,52,57,48,77,27,27,38,56,59,64,65,67,68,48,51,41,68,72,57,56,54,101,65,51,9,61,63,1,2020-21
1630188,Jalen Smith,Jalen,1610612756,PHX,21.0,27,19,8,0.704,155.725,22,50,0.44,4,17,0.235,5,7,0.714,7,30,37,4,7,1,4,1,16,8,53,-16,111.4,1,0,108.0,113.0,85,64,16,10,96,92,93,88,59,61,64,99,101,56,97,94,95,98,91,100,96,8,16,98,94,56,97,59,9,97,97,1,2020-21
1630164,James Wiseman,James,1610612744,GSW,20.0,39,18,21,0.462,835.88,191,368,0.519,12,38,0.316,54,86,0.628,55,171,226,26,60,11,36,21,121,73,448,-183,839.2,3,0,806.0,867.0,65,70,54,61,57,32,35,52,44,43,45,49,49,84,59,52,58,74,38,75,52,69,76,52,37,102,57,44,9,55,57,1,2020-21
1628991,Jaren Jackson Jr.,Jaren,1610612763,MEM,21.0,11,4,7,0.364,258.435,53,125,0.424,17,60,0.283,35,42,0.833,17,45,62,12,15,12,18,7,42,35,158,-64,325.4,0,0,309.0,334.0,101,101,14,92,87,81,77,97,38,36,49,70,74,13,87,87,88,85,81,73,69,28,33,73,78,75,80,79,9,80,79,1,2020-21
1628386,Jarrett Allen,Jarrett,1610612739,CLE,23.0,63,20,43,0.317,1863.5433333333333,298,482,0.618,6,19,0.316,204,290,0.703,196,435,631,106,100,32,90,37,96,263,806,-203,1988.2,25,0,1793.0,2015.0,22,56,105,97,11,20,23,22,52,59,45,8,8,63,9,10,10,18,14,37,9,94,59,8,18,103,15,14,9,15,14,2,2020-21
1629637,Jaxson Hayes,Jaxson,1610612740,NOP,21.0,60,24,36,0.4,963.7066666666667,175,280,0.625,6,14,0.429,93,120,0.775,92,165,257,35,39,25,38,20,101,96,449,-21,959.9,0,0,873.0,965.0,28,39,99,77,49,39,50,17,52,62,2,30,34,35,38,56,49,65,60,49,50,66,62,41,36,64,46,79,9,45,47,1,2020-21
203954,Joel Embiid,Joel,1610612755,PHI,27.0,51,39,12,0.765,1585.105,461,899,0.513,58,154,0.377,471,548,0.859,113,426,539,145,159,50,69,45,123,375,1451,405,2513.3,31,0,2431.0,2637.0,43,10,26,5,20,5,5,56,16,19,18,1,1,7,33,12,15,9,6,11,15,99,79,2,4,2,8,12,9,6,7,1,2020-21
1628381,John Collins,John,1610612737,ATL,23.0,63,34,29,0.54,1848.1083333333333,429,771,0.556,83,208,0.399,170,204,0.833,118,349,467,78,84,34,63,53,193,197,1111,182,1995.4,16,0,1933.0,2025.0,22,16,79,46,12,9,8,40,10,11,12,10,14,13,29,18,21,33,18,33,19,105,106,10,8,9,14,15,9,13,13,1,2020-21
202685,Jonas Valanciunas,Jonas,1610612763,MEM,29.0,62,32,30,0.516,1755.3283333333334,440,743,0.592,21,57,0.368,157,203,0.773,253,523,776,112,100,35,57,56,179,190,1058,134,2333.2,49,0,2151.0,2334.0,26,21,83,50,15,7,9,31,35,39,23,12,15,37,3,7,6,12,14,28,27,107,99,12,9,14,10,2,9,10,10,1,2020-21
1629007,Jontay Porter,Jontay,1610612763,MEM,21.0,11,7,4,0.636,53.99166666666667,8,15,0.533,3,8,0.375,3,5,0.6,4,10,14,1,7,3,1,0,12,2,22,1,45.3,0,0,48.0,50.0,101,96,8,26,104,100,100,48,63,68,20,103,105,92,102,101,102,106,91,95,105,1,12,109,101,45,102,79,9,102,102,1,2020-21
203944,Julius Randle,Julius,1610612752,NYK,26.0,71,40,31,0.563,2666.7366666666667,602,1321,0.456,160,389,0.411,348,429,0.811,84,640,724,427,241,64,18,70,225,352,1712,153,3226.3,41,6,3187.0,3536.0,4,9,86,42,1,3,2,79,2,2,6,2,2,24,44,3,9,2,1,7,69,111,111,3,2,12,3,7,3,2,2,1,2020-21
1628383,Justin Patton,Justin,1610612745,HOU,24.0,13,1,12,0.077,246.75833333333333,29,70,0.414,9,34,0.265,3,4,0.75,14,35,49,14,4,12,14,4,34,9,70,-81,223.8,0,0,194.0,225.0,98,108,26,110,88,89,88,99,47,45,52,103,106,41,91,93,93,82,99,73,78,24,28,95,90,83,89,79,9,89,89,1,2020-21
203994,Jusuf Nurkić,Jusuf,1610612757,POR,26.0,37,22,15,0.595,880.0983333333334,171,333,0.514,12,30,0.4,70,113,0.619,86,246,332,125,73,38,39,30,103,119,424,124,1167.9,13,0,1047.0,1237.0,70,45,35,37,53,41,38,55,44,48,10,42,38,87,41,31,37,11,27,26,48,83,63,30,41,15,36,19,9,38,36,1,2020-21
1626157,Karl-Anthony Towns,Karl-Anthony,1610612750,MIN,25.0,50,19,31,0.38,1688.9183333333333,425,875,0.486,122,315,0.387,267,311,0.859,133,396,529,225,160,39,57,51,186,282,1239,11,2339.3,33,0,2307.0,2506.0,45,64,86,85,16,10,6,66,4,4,16,5,7,8,25,14,16,6,5,24,27,103,102,7,6,39,9,9,9,8,8,1,2020-21
203482,Kelly Olynyk,Kelly,1610612745,HOU,30.0,70,26,44,0.371,1996.8916666666667,337,697,0.484,126,368,0.342,145,175,0.829,87,402,489,203,126,79,42,31,207,184,945,-100,2073.3,12,0,2005.0,2203.0,7,34,106,88,8,15,10,67,3,3,34,14,18,16,39,13,20,7,7,2,44,88,110,13,13,93,12,23,9,12,12,2,2020-21
201567,Kevin Love,Kevin,1610612739,CLE,32.0,25,7,18,0.28,622.15,103,252,0.409,57,156,0.365,42,51,0.824,17,169,186,63,38,16,2,12,26,34,305,-72,638.7,5,0,647.0,671.0,89,96,41,102,69,69,58,102,18,18,26,62,69,18,87,54,66,41,61,66,103,44,24,76,65,80,71,37,9,66,70,1,2020-21
203920,Khem Birch,Khem,1610612761,TOR,28.0,67,23,44,0.343,1529.23,189,380,0.497,13,52,0.25,91,129,0.705,174,213,387,89,44,48,50,30,113,100,482,-127,1329.9,6,0,1167.0,1341.0,16,41,106,94,23,34,33,63,41,40,58,31,30,62,12,40,29,27,53,12,31,83,69,37,32,97,34,34,9,34,34,2,2020-21
1629681,Killian Tillie,Killian,1610612763,MEM,23.0,18,11,7,0.611,181.77,19,57,0.333,10,33,0.303,9,11,0.818,6,18,24,8,2,5,8,3,20,8,57,40,134.8,0,0,125.0,136.0,93,87,14,33,92,95,91,107,46,46,47,93,95,19,98,98,98,94,107,88,87,18,18,98,92,28,95,79,9,96,96,1,2020-21
204001,Kristaps Porziņģis,Kristaps,1610612742,DAL,25.0,43,26,17,0.605,1326.5633333333333,325,683,0.476,97,258,0.376,118,138,0.855,82,299,381,68,51,20,58,32,115,151,865,8,1607.2,16,0,1567.0,1616.0,60,34,39,36,32,16,13,72,6,7,19,24,27,9,45,24,31,38,47,57,24,91,71,21,15,41,22,15,9,20,22,1,2020-21
200746,LaMarcus Aldridge,LaMarcus,1610612751,BKN,35.0,26,15,11,0.577,674.3966666666666,140,296,0.473,31,80,0.388,41,47,0.872,19,99,118,49,27,11,29,9,47,39,352,-34,660.1,1,0,630.0,688.0,87,74,24,40,67,52,47,73,28,32,15,64,72,4,84,75,78,53,71,75,59,36,34,71,53,67,68,59,9,68,68,2,2020-21
1626204,Larry Nance Jr.,Larry,1610612739,CLE,28.0,35,13,22,0.371,1091.4733333333334,128,272,0.471,41,114,0.36,30,49,0.612,54,181,235,107,55,61,17,12,72,58,327,-136,948.5,5,0,866.0,1010.0,74,82,56,88,41,60,52,76,25,26,28,76,71,91,60,49,55,17,41,9,73,44,47,57,59,98,47,37,9,47,43,1,2020-21
1628374,Lauri Markkanen,Lauri,1610612741,CHI,24.0,51,20,31,0.392,1317.4466666666667,250,521,0.48,119,296,0.402,76,92,0.826,35,233,268,45,52,26,15,26,75,95,695,-48,1155.1,2,0,1209.0,1176.0,43,56,86,80,33,27,22,69,5,5,9,36,45,17,72,35,45,60,45,43,77,75,49,43,22,71,37,51,9,32,38,1,2020-21
1628436,Luke Kornet,Luke,1610612738,BOS,25.0,31,13,18,0.419,347.435,44,101,0.436,15,59,0.254,3,6,0.5,14,53,67,24,7,4,32,2,20,10,106,53,323.4,0,0,284.0,329.0,81,82,41,74,80,84,82,89,39,37,56,103,102,101,91,83,85,75,91,90,56,14,18,92,86,24,81,79,9,81,80,2,2020-21
201188,Marc Gasol,Marc,1610612747,LAL,36.0,52,32,20,0.615,993.075,88,194,0.454,50,122,0.41,36,50,0.72,38,177,215,109,53,26,58,5,115,54,262,89,882.5,0,0,804.0,947.0,41,21,49,30,44,74,67,81,21,24,7,68,70,55,68,50,59,15,43,43,24,25,71,59,69,20,53,79,9,56,50,1,2020-21
1629716,Marques Bolden,Marques,1610612739,CLE,23.0,6,2,4,0.333,28.633333333333333,1,3,0.333,0,0,0.0,5,8,0.625,3,3,6,0,2,2,2,0,0,3,7,5,24.2,0,0,21.0,25.0,106,104,8,95,109,109,109,107,80,100,80,99,100,85,105,109,109,109,107,97,103,1,1,104,109,44,108,79,9,109,108,1,2020-21
203486,Mason Plumlee,Mason,1610612765,DET,31.0,56,14,42,0.25,1498.605,234,381,0.614,0,7,0.0,113,169,0.669,145,374,519,202,105,43,50,35,186,151,581,-150,1680.8,16,2,1488.0,1783.0,34,78,104,103,24,28,32,27,80,72,80,26,21,72,20,17,17,8,12,17,31,93,102,21,30,100,21,15,4,22,19,1,2020-21
203086,Meyers Leonard,Meyers,1610612748,MIA,29.0,3,2,1,0.667,29.386666666666667,3,7,0.429,3,7,0.429,1,2,0.5,0,7,7,2,2,0,0,0,5,3,10,-4,19.4,0,0,22.0,21.0,108,104,3,17,107,107,108,94,63,72,2,109,109,101,109,106,108,101,107,105,106,1,5,104,107,48,109,79,9,108,109,1,2020-21
1629662,Mfiondu Kabengele,Mfiondu,1610612739,CLE,23.0,39,20,19,0.513,280.0183333333333,33,89,0.371,13,50,0.26,16,20,0.8,12,48,60,17,15,8,13,3,36,18,95,-92,240.5,0,0,227.0,252.0,65,56,44,51,83,87,86,103,41,42,54,84,87,26,94,85,91,79,81,82,79,18,29,87,87,90,88,79,9,88,88,2,2020-21
203488,Mike Muscala,Mike,1610612760,OKC,29.0,35,15,20,0.429,645.4416666666667,119,267,0.446,68,184,0.37,33,36,0.917,19,113,132,28,21,8,11,6,54,38,339,17,575.4,0,0,605.0,584.0,74,74,49,68,68,64,55,84,14,15,22,71,79,2,84,71,75,71,75,82,82,26,36,72,56,37,75,79,9,70,75,1,2020-21
1629011,Mitchell Robinson,Mitchell,1610612752,NYK,23.0,31,15,16,0.484,852.5183333333333,115,176,0.653,0,0,0.0,26,53,0.491,113,139,252,17,26,35,45,13,86,50,256,-17,797.9,5,0,685.0,782.0,81,74,38,54,55,66,72,10,80,100,80,79,68,104,33,64,50,79,72,28,41,49,52,65,71,59,60,37,9,62,61,1,2020-21
1628964,Mo Bamba,Mo,1610612753,ORL,23.0,46,11,35,0.239,724.5766666666667,142,301,0.472,38,118,0.322,45,66,0.682,76,189,265,35,36,14,58,18,87,50,367,-203,917.5,4,0,849.0,918.0,53,87,96,104,61,50,46,74,26,25,42,56,58,68,50,45,46,65,62,69,24,61,53,65,49,103,49,41,9,50,53,1,2020-21
1626149,Montrezl Harrell,Montrezl,1610612747,LAL,27.0,69,41,28,0.594,1580.3283333333334,375,603,0.622,0,10,0.0,181,256,0.707,158,270,428,73,74,46,49,42,128,220,931,42,1765.1,8,0,1622.0,1790.0,11,8,78,38,21,13,16,19,80,64,80,9,9,61,16,27,25,36,25,14,33,98,81,9,14,26,18,29,9,18,17,1,2020-21
1629021,Moritz Wagner,Moritz,1610612753,ORL,24.0,45,19,26,0.422,721.8316666666667,104,229,0.454,31,91,0.341,71,87,0.816,27,119,146,50,43,26,18,19,108,97,310,-142,649.2,1,0,625.0,688.0,57,64,70,72,62,68,61,80,28,30,35,40,48,22,78,69,72,50,55,43,69,64,67,40,63,99,70,59,9,69,68,3,2020-21
1629650,Moses Brown,Moses,1610612738,BOS,21.0,43,8,35,0.186,920.195,146,268,0.545,0,0,0.0,78,126,0.619,154,229,383,10,43,31,47,28,93,98,370,-363,1035.6,12,0,919.0,1007.0,60,93,96,108,50,48,53,44,80,100,80,34,31,88,17,36,30,88,55,38,39,80,55,39,48,110,42,23,9,43,44,1,2020-21
1626167,Myles Turner,Myles,1610612754,IND,25.0,47,22,25,0.468,1455.32,206,432,0.477,69,206,0.335,111,142,0.782,63,243,306,48,67,40,159,17,165,113,592,25,1561.2,7,0,1413.0,1591.0,49,45,66,58,25,31,26,71,13,13,37,27,25,34,54,32,40,56,31,21,2,59,93,36,29,30,24,32,9,26,25,1,2020-21
1630233,Nathan Knight,Nathan,1610612737,ATL,23.0,33,21,12,0.636,278.77666666666664,37,100,0.37,6,33,0.182,44,55,0.8,27,45,72,8,15,9,10,10,22,31,124,-17,264.4,1,0,248.0,269.0,76,49,26,26,84,86,83,104,52,46,74,60,66,26,78,87,84,94,81,78,83,38,20,79,83,59,84,59,9,84,85,1,2020-21
1629675,Naz Reid,Naz,1610612750,MIN,21.0,70,22,48,0.314,1346.6883333333333,304,581,0.523,61,174,0.351,115,166,0.693,82,240,322,72,69,34,76,31,179,136,784,-292,1539.4,1,0,1459.0,1580.0,7,45,110,98,31,18,17,50,15,16,30,25,22,66,45,34,39,37,30,33,12,88,99,26,21,108,25,59,9,23,26,1,2020-21
203457,Nerlens Noel,Nerlens,1610612752,NYK,27.0,64,35,29,0.547,1546.6083333333333,137,223,0.614,0,3,0.0,50,70,0.714,142,265,407,46,65,70,141,12,176,91,324,-2,1449.4,2,0,1199.0,1456.0,19,15,79,45,22,54,64,26,80,83,80,50,55,56,21,29,27,59,34,5,3,44,98,45,60,47,28,51,9,33,31,1,2020-21
1629651,Nic Claxton,Nic,1610612751,BKN,22.0,32,23,9,0.719,594.2366666666667,90,145,0.621,1,5,0.2,31,64,0.484,43,123,166,28,18,23,40,11,68,54,212,157,624.2,1,0,533.0,623.0,79,41,19,8,71,73,76,20,70,76,68,72,59,105,66,68,69,71,79,53,47,41,44,59,76,10,72,59,9,74,72,1,2020-21
1630208,Nick Richards,Nick,1610612766,CHA,23.0,18,9,9,0.5,62.61833333333333,4,9,0.444,0,1,0.0,7,11,0.636,4,7,11,2,3,0,0,1,7,7,15,-12,28.2,0,0,28.0,30.0,93,91,19,52,102,105,105,85,80,93,80,98,95,80,102,106,106,101,103,105,106,8,6,101,104,50,107,79,9,107,107,1,2020-21
203999,Nikola Jokić,Nikola,1610612743,DEN,26.0,72,47,25,0.653,2487.7816666666668,732,1293,0.566,92,237,0.388,342,394,0.868,205,575,780,599,222,95,48,62,192,418,1898,384,3939.5,60,16,3655.0,4305.0,1,3,66,22,2,1,3,35,8,8,14,3,3,5,8,6,5,1,2,1,36,108,105,1,1,3,1,1,1,1,1,1,2020-21
202696,Nikola Vučević,Nikola,1610612741,CHI,30.0,70,26,44,0.371,2348.153333333333,666,1396,0.477,176,440,0.4,131,156,0.84,146,671,817,269,126,65,48,52,137,162,1639,-341,3235.9,48,2,3127.0,3333.0,7,34,106,88,3,2,1,70,1,1,10,17,24,12,19,2,3,5,7,6,36,104,84,19,3,109,2,4,4,3,3,2,2020-21
203658,Norvel Pelle,Norvel,1610612752,NYK,28.0,13,8,5,0.615,83.29833333333333,8,15,0.533,0,0,0.0,4,6,0.667,6,13,19,2,3,1,9,3,14,5,20,23,72.8,0,0,61.0,73.0,98,93,10,30,100,100,100,48,80,100,80,102,102,73,98,100,100,101,103,100,86,18,14,103,102,33,100,79,9,101,101,3,2020-21
1630168,Onyeka Okongwu,Onyeka,1610612737,ATL,20.0,50,31,19,0.62,601.2083333333334,96,149,0.644,0,3,0.0,36,57,0.632,62,101,163,18,29,23,33,15,100,43,228,-89,589.6,2,0,521.0,595.0,45,24,44,29,70,70,75,13,80,83,80,68,64,81,55,73,70,78,67,53,53,54,61,70,74,87,74,51,9,75,74,1,2020-21
1629617,Reggie Perry,Reggie,1610612751,BKN,21.0,26,18,8,0.692,210.67,32,78,0.41,4,21,0.19,10,13,0.769,27,46,73,14,15,6,6,11,40,9,78,-36,207.6,1,0,193.0,215.0,87,70,16,14,90,88,87,100,59,54,73,89,92,38,78,86,83,82,81,86,90,41,32,95,88,68,90,59,9,90,90,1,2020-21
1629057,Robert Williams III,Robert,1610612738,BOS,23.0,52,29,23,0.558,985.25,186,258,0.721,0,2,0.0,45,73,0.616,133,225,358,94,52,43,91,8,105,57,417,8,1337.6,4,0,1137.0,1365.0,41,28,60,43,45,36,56,3,80,88,80,56,53,90,25,37,32,22,45,17,8,30,65,58,43,41,33,41,9,35,33,1,2020-21
201577,Robin Lopez,Robin,1610612764,WAS,33.0,71,34,37,0.479,1353.565,269,425,0.633,5,18,0.278,99,137,0.723,141,131,272,55,75,15,44,26,109,140,642,-13,1152.9,3,0,1092.0,1201.0,4,16,100,55,29,23,28,14,55,60,51,28,28,53,23,66,44,46,24,67,42,75,68,25,25,52,38,44,9,37,37,1,2020-21
203497,Rudy Gobert,Rudy,1610612762,UTA,29.0,71,52,19,0.732,2186.661666666667,391,579,0.675,0,4,0.0,233,374,0.623,240,720,960,89,118,40,190,41,163,347,1015,728,2872.5,49,0,2524.0,2843.0,4,1,44,7,5,12,18,8,80,80,80,7,4,86,4,1,1,27,10,21,1,96,92,4,10,1,5,2,9,5,6,1,2020-21
203500,Steven Adams,Steven,1610612740,NOP,27.0,58,26,32,0.448,1604.4983333333332,189,308,0.614,0,3,0.0,60,135,0.444,213,301,514,111,78,54,38,20,113,130,438,15,1419.3,13,1,1247.0,1450.0,30,34,89,63,18,34,42,28,80,83,80,46,29,107,7,23,19,13,21,10,50,66,69,28,38,38,32,19,7,31,32,1,2020-21
1629605,Tacko Fall,Tacko,1610612738,BOS,25.0,19,13,6,0.684,135.54833333333335,21,29,0.724,0,0,0.0,5,15,0.333,16,36,52,3,6,1,20,3,22,12,47,26,170.9,0,0,144.0,168.0,91,82,13,16,97,94,98,2,80,100,80,99,89,108,89,92,92,100,96,100,67,18,20,89,97,29,92,79,9,93,93,1,2020-21
1628418,Thomas Bryant,Thomas,1610612764,WAS,23.0,10,2,8,0.2,270.84166666666664,59,91,0.648,9,21,0.429,16,24,0.667,18,43,61,15,11,4,8,2,31,22,143,-14,263.7,1,0,252.0,270.0,103,104,16,107,86,80,85,12,47,54,2,84,83,73,86,89,90,81,88,90,87,14,27,84,81,54,85,59,9,83,83,1,2020-21
1627748,Thon Maker,Thon,1610612739,CLE,24.0,8,3,5,0.375,76.47,10,18,0.556,0,2,0.0,10,11,0.909,8,10,18,4,3,2,4,1,7,10,30,-18,72.6,0,0,64.0,74.0,105,102,10,87,101,99,99,41,80,88,80,89,95,3,96,101,101,98,103,97,96,8,6,92,99,61,101,79,9,100,100,1,2020-21
1628396,Tony Bradley,Tony,1610612760,OKC,23.0,42,15,27,0.357,683.9466666666667,131,197,0.665,0,3,0.0,38,55,0.691,85,154,239,37,33,15,30,18,61,48,300,-16,744.3,3,0,666.0,748.0,62,74,73,93,65,58,66,9,80,83,80,66,66,67,42,59,52,63,64,67,57,61,43,67,66,56,63,44,9,65,65,2,2020-21
202684,Tristan Thompson,Tristan,1610612738,BOS,30.0,54,27,27,0.5,1286.6733333333334,169,326,0.518,0,3,0.0,71,120,0.592,169,270,439,67,62,24,33,31,119,119,409,24,1145.3,5,0,1029.0,1153.0,35,33,73,52,34,43,39,53,80,83,80,40,34,95,13,27,24,39,37,51,53,88,74,30,44,31,39,37,9,39,39,1,2020-21
1628962,Udoka Azubuike,Udoka,1610612762,UTA,21.0,15,13,2,0.867,57.2,4,9,0.444,0,0,0.0,8,10,0.8,4,9,13,0,3,1,4,1,9,6,16,-65,43.6,0,0,39.0,44.0,97,82,4,3,103,105,105,85,80,100,80,97,99,26,102,103,104,109,103,100,96,8,10,102,103,76,103,79,9,103,103,1,2020-21
1630176,Vernon Carey Jr.,Vernon,1610612766,CHA,20.0,19,9,10,0.474,114.7,18,36,0.5,1,7,0.143,9,11,0.818,6,21,27,2,5,1,5,3,13,9,46,-12,94.4,0,0,88.0,95.0,91,91,22,56,98,97,96,62,70,72,75,93,95,19,98,97,96,101,97,100,93,18,13,95,98,50,98,79,9,98,98,1,2020-21
1629738,Vincent Poirier,Vincent,1610612755,PHI,27.0,10,8,2,0.8,39.13333333333333,3,12,0.25,0,1,0.0,2,6,0.333,6,8,14,2,4,0,3,2,8,3,8,-16,32.8,0,0,30.0,35.0,103,93,4,4,105,107,104,109,80,93,80,108,102,108,98,105,102,101,99,105,101,14,9,104,108,56,106,79,9,106,106,1,2020-21
1628976,Wendell Carter Jr.,Wendell,1610612753,ORL,22.0,54,21,33,0.389,1375.3166666666666,230,457,0.503,15,51,0.294,131,179,0.732,132,311,443,104,78,35,42,34,146,169,606,-242,1446.6,13,0,1322.0,1488.0,35,49,91,81,28,29,25,60,39,41,48,17,17,48,27,21,23,19,21,28,44,92,89,16,27,106,29,19,9,28,28,2,2020-21
1630266,Will Magnay,Will,1610612740,NOP,23.0,1,1,0,1.0,3.2666666666666666,0,1,0.0,0,1,0.0,0,0,0.0,0,0,0,0,1,0,0,0,1,0,0,-10,-1.0,0,0,0.0,0.0,110,108,1,1,111,110,110,110,80,93,80,110,110,110,109,110,111,109,110,105,106,1,2,110,110,49,110,79,9,111,111,1,2020-21
1626161,Willie Cauley-Stein,Willie,1610612742,DAL,27.0,53,29,24,0.547,905.91,115,182,0.632,1,11,0.091,49,78,0.628,66,170,236,35,29,21,43,12,129,65,280,138,778.7,1,0,680.0,778.0,39,28,63,44,51,66,70,15,70,63,79,51,52,83,52,53,54,65,67,56,43,44,82,54,68,13,62,59,9,63,62,1,2020-21
1626195,Willy Hernangomez,Willy,1610612740,NOP,27.0,47,20,27,0.426,846.1666666666666,151,268,0.563,1,10,0.1,62,93,0.667,117,217,334,50,34,22,23,26,68,76,365,-14,941.8,11,0,840.0,934.0,49,56,73,69,56,47,53,37,70,64,78,45,44,73,30,39,36,50,63,55,63,75,44,49,52,54,48,28,9,52,51,1,2020-21
1630192,Zeke Nnaji,Zeke,1610612743,DEN,20.0,42,30,12,0.714,397.2783333333333,50,104,0.481,24,59,0.407,12,15,0.8,14,51,65,10,7,8,4,8,29,15,136,-82,258.0,0,0,259.0,257.0,62,26,26,9,78,82,79,68,34,37,8,88,89,26,91,84,87,88,91,82,96,30,25,88,82,85,86,79,9,82,87,1,2020-21
201143,Al Horford,Al,1610612738,BOS,36.0,69,46,23,0.667,2004.7916666666667,266,569,0.467,89,265,0.336,80,95,0.842,108,422,530,232,65,49,92,13,130,84,701,386,2043.0,15,0,1834.0,2118.0,25,6,55,15,12,31,23,87,10,9,32,44,51,10,41,19,26,8,34,20,13,50,70,53,28,3,16,24,7,19,16,1,2021-22
203458,Alex Len,Alex,1610612758,SAC,29.0,39,17,22,0.436,620.2,94,176,0.534,6,21,0.286,41,63,0.651,52,109,161,45,43,13,25,13,100,54,235,-76,566.7,2,0,523.0,600.0,75,73,50,78,67,69,69,51,54,54,58,66,66,75,70,66,68,55,59,69,60,50,59,67,69,91,67,54,7,69,68,1,2021-22
1630578,Alperen Sengun,Alperen,1610612745,HOU,19.0,72,18,54,0.25,1489.2933333333333,249,525,0.474,29,117,0.248,165,232,0.711,138,255,393,185,145,59,68,46,214,237,692,-309,1677.1,8,0,1553.0,1836.0,16,72,112,106,32,35,26,84,30,27,65,17,16,57,30,38,37,13,8,11,25,100,107,13,29,109,32,35,7,32,29,1,2021-22
203083,Andre Drummond,Andre,1610612751,BKN,28.0,73,42,31,0.575,1436.785,247,433,0.57,0,3,0.0,86,164,0.524,229,451,680,131,115,78,68,47,192,151,580,39,1915.5,18,0,1683.0,1960.0,13,12,83,38,35,36,34,38,75,76,75,42,30,95,7,12,11,20,15,3,25,105,100,30,38,32,27,22,7,26,26,2,2021-22
203076,Anthony Davis,Anthony,1610612747,LAL,29.0,40,17,23,0.425,1404.2483333333332,370,695,0.532,13,70,0.186,174,244,0.713,106,288,394,122,82,49,90,19,97,204,927,-92,1917.8,19,0,1734.0,1982.0,72,73,55,81,36,13,15,53,47,35,71,13,14,56,42,34,36,21,27,20,14,63,55,18,17,96,26,21,7,24,24,1,2021-22
1628389,Bam Adebayo,Bam,1610612748,MIA,24.0,56,36,20,0.643,1825.2616666666668,406,729,0.557,0,6,0.0,256,340,0.753,137,427,564,190,148,80,44,40,171,305,1068,300,2253.8,27,0,2070.0,2384.0,43,25,42,22,19,12,12,42,75,66,75,7,7,39,31,15,24,10,7,2,37,95,88,7,9,9,13,15,7,12,12,1,2021-22
202687,Bismack Biyombo,Bismack,1610612756,PHX,29.0,36,30,6,0.833,505.89666666666665,86,145,0.593,0,0,0.0,38,71,0.535,63,104,167,23,25,12,26,7,70,62,210,52,533.9,6,0,476.0,537.0,77,36,13,5,74,71,73,32,75,91,75,69,62,93,61,70,67,71,70,71,56,33,45,63,71,29,71,42,7,71,72,1,2021-22
1626246,Boban Marjanovic,Boban,1610612742,DAL,33.0,23,15,8,0.652,127.94333333333333,42,70,0.6,1,4,0.25,13,22,0.591,8,31,39,3,15,0,3,5,24,21,98,35,143.3,0,0,147.0,152.0,89,78,18,20,97,87,88,29,65,71,62,89,89,88,100,95,97,100,85,108,99,22,18,86,87,38,96,80,7,95,95,1,2021-22
1629626,Bol Bol,Bol,1610612753,ORL,22.0,14,5,9,0.357,80.84,15,27,0.556,1,4,0.25,2,5,0.4,4,16,20,5,4,1,2,1,4,2,33,5,69.5,0,0,65.0,72.0,97,98,21,88,101,98,98,43,65,71,62,105,105,105,104,100,102,97,101,98,102,8,7,108,98,52,101,80,7,101,101,1,2021-22
201572,Brook Lopez,Brook,1610612749,MIL,34.0,13,10,3,0.769,298.4066666666667,61,131,0.466,19,53,0.358,20,23,0.87,19,34,53,6,12,8,15,5,34,21,161,-7,290.6,0,0,285.0,295.0,99,91,7,8,87,77,76,88,39,40,23,81,87,6,90,92,93,95,90,81,76,22,26,86,77,61,88,80,7,86,88,1,2021-22
1628981,Bruno Fernando,Bruno,1610612745,HOU,23.0,30,15,15,0.5,152.58,36,55,0.655,1,2,0.5,15,24,0.625,18,37,55,7,14,1,11,7,24,20,88,-33,186.5,2,0,175.0,193.0,84,78,30,60,96,91,92,14,65,79,3,88,86,78,91,91,92,92,87,98,84,33,18,88,91,74,94,54,7,93,93,2,2021-22
1629646,Charles Bassey,Charles,1610612755,PHI,21.0,23,11,12,0.478,167.86,30,47,0.638,0,4,0.0,9,12,0.75,22,40,62,7,8,5,17,3,32,14,69,-34,211.9,1,0,182.0,211.0,89,88,25,67,95,95,95,20,75,71,75,93,96,41,87,89,90,92,94,91,74,16,23,93,95,76,90,65,7,92,90,1,2021-22
1627767,Cheick Diallo,Cheick,1610612765,DET,25.0,3,0,3,0.0,30.633333333333333,3,8,0.375,0,0,0.0,5,6,0.833,4,8,12,0,1,1,0,1,6,4,11,-33,27.4,0,0,25.0,26.0,106,110,7,110,107,107,107,107,75,91,75,99,103,13,104,103,103,104,106,98,109,8,10,104,107,74,107,80,7,106,107,1,2021-22
1629002,Chimezie Metu,Chimezie,1610612758,SAC,25.0,60,23,37,0.383,1278.7416666666666,203,449,0.452,57,186,0.306,71,91,0.78,34,301,335,60,61,51,32,29,93,84,534,-155,1214.0,6,0,1152.0,1238.0,39,54,96,86,38,44,33,96,18,15,53,51,55,27,78,33,43,45,38,18,51,77,52,53,43,105,44,42,7,44,44,1,2021-22
1628449,Chris Boucher,Chris,1610612761,TOR,29.0,80,48,32,0.6,1690.1116666666667,268,577,0.464,68,229,0.297,150,193,0.777,179,315,494,25,42,49,75,43,174,173,754,189,1714.3,10,0,1589.0,1670.0,2,5,87,32,27,30,22,89,14,12,56,20,22,28,15,31,28,69,60,20,21,97,90,23,26,12,31,30,7,31,32,1,2021-22
203991,Clint Capela,Clint,1610612737,ATL,28.0,74,40,34,0.541,2041.53,370,604,0.613,0,1,0.0,80,169,0.473,279,598,877,92,44,55,93,38,166,140,820,127,2410.4,35,0,2085.0,2325.0,7,16,91,48,11,13,20,27,75,84,75,44,27,100,3,6,3,28,55,16,12,89,84,34,23,16,10,8,7,11,13,1,2021-22
203469,Cody Zeller,Cody,1610612757,POR,29.0,27,13,14,0.481,354.535,51,90,0.567,0,4,0.0,38,49,0.776,50,75,125,22,19,8,6,14,56,42,140,-28,346.0,0,0,315.0,351.0,86,85,28,65,85,83,84,39,75,71,75,69,73,29,71,78,78,74,79,81,95,53,37,76,82,69,81,80,7,83,82,1,2021-22
1627745,Damian Jones,Damian,1610612758,SAC,27.0,56,19,37,0.339,1016.645,175,266,0.658,10,29,0.345,94,131,0.718,75,171,246,69,59,26,47,18,130,116,454,-174,1012.7,2,0,925.0,1057.0,43,66,96,94,49,49,55,13,51,51,27,36,39,54,54,57,58,41,41,50,35,59,70,43,48,107,51,54,7,51,48,1,2021-22
1629655,Daniel Gafford,Daniel,1610612764,WAS,23.0,72,30,42,0.417,1444.0083333333334,285,411,0.693,0,1,0.0,107,153,0.699,155,252,407,68,65,30,99,39,170,158,677,-210,1589.4,8,0,1410.0,1607.0,16,36,106,82,34,27,35,6,75,84,75,28,32,61,21,39,34,42,34,44,10,92,87,26,31,108,35,35,7,36,35,1,2021-22
1630187,Daniel Oturu,Daniel,1610612761,TOR,22.0,3,1,2,0.333,27.281666666666666,3,6,0.5,0,1,0.0,3,5,0.6,1,4,5,0,0,0,2,2,1,3,9,-24,21.0,0,0,18.0,20.0,106,106,6,96,108,107,108,72,75,84,75,102,105,84,109,107,109,104,108,108,102,13,2,107,108,68,108,80,7,108,108,1,2021-22
1628464,Daniel Theis,Daniel,1610612738,BOS,30.0,47,20,27,0.426,977.42,151,291,0.519,33,107,0.308,49,72,0.681,59,169,228,41,46,20,31,12,111,79,384,-88,826.1,3,0,788.0,847.0,62,62,67,80,53,54,51,64,28,29,50,62,59,69,65,58,61,62,51,62,52,45,65,57,55,94,59,48,7,58,58,2,2021-22
201599,DeAndre Jordan,DeAndre,1610612755,PHI,33.0,48,26,22,0.542,622.41,92,143,0.643,0,0,0.0,22,40,0.55,83,181,264,21,37,12,35,6,71,43,206,-147,658.3,0,0,585.0,653.0,59,44,50,46,66,70,74,17,75,91,75,79,76,90,51,54,54,80,64,71,48,29,46,75,72,103,64,80,7,66,64,2,2021-22
202326,DeMarcus Cousins,DeMarcus,1610612743,DEN,31.0,48,33,15,0.688,717.225,149,324,0.46,37,122,0.303,95,125,0.76,74,196,270,71,85,35,21,26,139,134,430,38,943.5,2,0,920.0,1010.0,59,32,30,12,63,55,49,90,26,24,55,35,42,37,55,50,53,39,24,37,64,74,76,36,51,34,55,54,7,52,52,2,2021-22
1629731,Dean Wade,Dean,1610612739,CLE,25.0,51,27,24,0.529,980.175,99,217,0.456,51,142,0.359,20,30,0.667,31,119,150,52,16,29,7,6,88,31,269,37,619.0,1,0,594.0,631.0,53,42,59,51,52,66,64,93,21,21,22,81,79,70,84,63,71,52,83,47,93,29,51,81,65,36,66,65,7,65,66,1,2021-22
1629028,Deandre Ayton,Deandre,1610612756,PHX,23.0,58,46,12,0.793,1712.645,442,697,0.634,7,19,0.368,106,142,0.746,149,444,593,84,91,40,40,37,142,120,997,344,1983.6,30,0,1841.0,1998.0,41,6,25,6,26,8,14,21,53,55,19,29,36,43,22,14,19,34,23,30,43,88,77,40,14,8,20,12,7,17,22,1,2021-22
203473,Dewayne Dedmon,Dewayne,1610612748,MIA,32.0,67,43,24,0.642,1065.1816666666666,164,290,0.566,19,47,0.404,75,100,0.75,105,281,386,47,70,24,42,23,174,94,422,48,1083.7,3,0,1006.0,1100.0,30,11,59,23,46,51,52,40,39,44,13,49,50,41,43,37,38,54,33,53,40,71,90,49,52,30,46,48,7,47,46,1,2021-22
1627734,Domantas Sabonis,Domantas,1610612758,SAC,26.0,62,21,41,0.339,2135.8366666666666,443,773,0.573,39,125,0.312,246,332,0.741,201,551,752,323,195,59,27,46,203,324,1171,-14,2620.9,46,5,2457.0,2827.0,35,59,104,95,8,7,9,37,25,22,48,9,8,45,12,8,8,3,5,11,55,100,102,6,8,63,8,4,2,7,7,2,2021-22
1629234,Drew Eubanks,Drew,1610612757,POR,25.0,71,19,52,0.268,1244.6083333333333,221,371,0.596,5,23,0.217,99,130,0.762,130,252,382,85,81,31,40,26,122,147,546,-326,1263.9,7,0,1160.0,1311.0,20,66,110,101,39,40,41,31,56,53,68,33,40,35,32,39,39,32,29,41,43,74,68,32,41,110,43,38,7,43,43,2,2021-22
2730,Dwight Howard,Dwight,1610612747,LAL,36.0,60,21,39,0.35,970.7233333333334,134,219,0.612,8,15,0.533,96,146,0.658,118,238,356,35,47,34,36,22,115,120,372,-128,1014.7,5,0,911.0,1008.0,39,59,100,91,55,57,63,28,52,58,2,34,34,73,37,41,40,64,50,38,47,69,66,40,56,99,50,44,7,53,53,1,2021-22
203939,Dwight Powell,Dwight,1610612742,DAL,30.0,82,52,30,0.634,1798.1966666666667,269,401,0.671,13,37,0.351,166,212,0.783,173,231,404,97,64,37,39,25,220,242,717,74,1511.3,2,0,1383.0,1543.0,1,3,80,25,24,29,36,11,47,49,25,15,18,25,17,43,35,27,36,33,45,73,108,12,27,24,37,54,7,37,38,1,2021-22
202334,Ed Davis,Ed,1610612739,CLE,33.0,31,15,16,0.484,201.35833333333332,11,16,0.688,0,0,0.0,6,14,0.429,14,50,64,7,5,3,9,1,33,11,28,16,146.3,0,0,123.0,142.0,83,78,35,64,89,100,101,8,75,91,75,96,94,102,94,86,88,92,98,93,88,8,24,97,100,49,95,80,7,96,96,1,2021-22
202683,Enes Freedom,Enes,1610612738,BOS,30.0,35,20,15,0.571,411.36833333333334,51,97,0.526,2,5,0.4,24,28,0.857,61,99,160,8,20,5,14,16,42,27,128,70,369.0,2,0,336.0,361.0,80,62,30,39,79,83,83,58,62,68,14,77,84,9,63,71,69,91,74,91,79,55,28,84,85,25,79,54,7,80,80,1,2021-22
1630596,Evan Mobley,Evan,1610612739,CLE,21.0,69,40,29,0.58,2331.036666666667,422,830,0.508,23,92,0.25,167,252,0.663,143,427,570,174,133,56,115,50,147,210,1034,95,2359.0,21,0,2143.0,2465.0,25,16,77,37,5,10,8,69,34,30,62,14,13,72,26,15,22,14,11,14,8,107,78,16,10,20,11,18,7,10,10,1,2021-22
1626163,Frank Kaminsky,Frank,1610612756,PHX,29.0,9,8,1,0.889,180.93833333333333,36,66,0.545,5,15,0.333,18,20,0.9,11,30,41,13,5,8,7,3,14,19,95,39,203.7,0,0,184.0,207.0,102,94,4,4,94,91,89,47,56,58,33,86,91,2,99,96,95,86,98,81,93,16,14,90,88,32,91,80,7,90,92,1,2021-22
1630273,Freddie Gillespie,Freddie,1610612753,ORL,25.0,9,1,8,0.111,118.685,9,22,0.409,0,1,0.0,3,7,0.429,13,23,36,5,5,3,9,5,18,16,21,-29,102.7,0,0,86.0,103.0,102,106,18,108,99,101,100,105,75,84,75,102,101,102,96,98,98,97,98,93,88,22,15,92,102,71,99,80,7,99,99,1,2021-22
1629048,Goga Bitadze,Goga,1610612754,IND,22.0,50,17,33,0.34,728.9133333333333,131,252,0.52,23,80,0.288,64,94,0.681,79,98,177,55,46,21,42,24,107,83,349,-32,786.9,2,0,730.0,825.0,56,73,89,93,62,58,58,63,34,33,57,55,52,68,53,72,63,49,51,60,40,72,63,55,58,73,61,54,7,60,60,1,2021-22
203476,Gorgui Dieng,Gorgui,1610612737,ATL,32.0,44,23,21,0.523,371.1816666666667,53,112,0.473,29,68,0.426,19,26,0.731,32,89,121,34,20,11,13,5,52,29,154,-63,402.2,0,0,386.0,415.0,66,54,43,54,82,81,80,85,30,37,10,84,85,48,82,76,79,65,74,73,81,22,32,82,78,84,77,80,7,75,76,1,2021-22
202328,Greg Monroe,Greg,1610612750,MIN,32.0,14,7,7,0.5,194.78833333333333,32,57,0.561,0,0,0.0,12,23,0.522,30,34,64,22,12,8,10,10,24,18,76,5,227.8,0,0,198.0,238.0,97,96,15,60,91,93,91,41,75,91,75,90,87,96,85,92,88,74,90,81,86,38,18,91,94,52,89,80,7,89,89,4,2021-22
202355,Hassan Whiteside,Hassan,1610612762,UTA,33.0,65,40,25,0.615,1162.2483333333332,215,330,0.652,0,0,0.0,104,167,0.623,166,328,494,26,53,22,103,30,179,155,534,230,1487.8,14,0,1304.0,1455.0,33,16,62,31,44,41,46,15,75,91,75,30,29,83,19,29,28,68,48,57,9,82,93,27,43,11,39,27,7,39,39,1,2021-22
1628392,Isaiah Hartenstein,Isaiah,1610612746,LAC,24.0,68,37,31,0.544,1215.7983333333334,229,366,0.626,14,30,0.467,91,132,0.689,117,215,332,160,84,50,77,18,167,135,563,169,1498.4,2,0,1323.0,1596.0,27,24,83,45,41,39,43,24,44,50,6,39,38,67,38,44,44,16,26,19,19,59,85,35,40,14,38,54,7,38,36,1,2021-22
1630191,Isaiah Stewart,Isaiah,1610612765,DET,21.0,71,21,50,0.296,1815.6433333333334,250,490,0.51,15,46,0.326,74,103,0.718,226,391,617,82,85,22,78,39,211,120,589,-367,1667.4,12,0,1503.0,1670.0,20,59,109,99,21,34,29,67,42,45,43,50,47,53,8,22,16,35,24,57,18,92,105,40,37,111,33,29,7,33,32,1,2021-22
1627826,Ivica Zubac,Ivica,1610612746,LAC,25.0,76,40,36,0.526,1851.6616666666666,310,495,0.626,0,0,0.0,165,227,0.727,217,427,644,120,114,36,77,43,203,205,785,-130,1962.8,25,0,1775.0,2008.0,5,16,94,52,16,24,28,23,75,91,75,17,17,51,10,15,13,23,17,35,19,97,102,17,24,100,22,16,7,23,20,1,2021-22
203210,JaMychal Green,JaMychal,1610612743,DEN,32.0,67,36,31,0.537,1085.42,159,327,0.486,33,124,0.266,81,93,0.871,81,200,281,59,57,43,26,31,158,80,432,-89,1007.7,1,0,943.0,1038.0,30,25,83,49,45,52,47,79,28,23,61,43,53,5,52,47,52,46,43,27,56,83,82,56,50,95,52,65,7,49,50,1,2021-22
201580,JaVale McGee,JaVale,1610612756,PHX,34.0,74,57,17,0.77,1171.7483333333332,288,458,0.629,2,9,0.222,102,146,0.699,163,333,496,42,98,22,81,20,181,153,680,120,1549.2,10,0,1426.0,1569.0,7,1,37,7,43,26,31,22,62,65,67,32,34,62,20,27,27,60,20,57,17,66,94,28,30,17,36,30,7,35,37,1,2021-22
1630693,Jaime Echenique,Jaime,1610612764,WAS,25.0,1,1,0,1.0,3.066666666666667,0,0,0.0,0,0,0.0,0,0,0.0,0,0,0,0,0,0,0,0,0,0,0,-1,0.0,0,0,0.0,0.0,111,106,1,1,111,110,111,110,75,91,75,109,110,109,110,112,112,104,108,108,109,1,1,110,110,59,112,80,7,112,112,1,2021-22
1627751,Jakob Poeltl,Jakob,1610612759,SAS,26.0,68,30,38,0.441,1969.65,410,663,0.618,1,1,1.0,94,190,0.495,262,372,634,189,109,45,118,39,212,192,915,117,2339.3,28,0,2065.0,2416.0,27,36,99,76,14,11,17,25,65,84,1,36,23,98,4,24,14,12,18,23,5,92,106,21,18,18,12,14,7,13,11,1,2021-22
1629667,Jalen McDaniels,Jalen,1610612766,CHA,24.0,55,34,21,0.618,895.2416666666667,123,254,0.484,41,108,0.38,53,72,0.736,37,133,170,58,36,26,22,5,93,67,340,46,739.0,1,0,705.0,770.0,48,29,43,29,59,62,57,81,22,28,17,59,59,46,76,61,65,47,66,50,62,22,52,60,61,31,63,65,7,62,62,1,2021-22
1630188,Jalen Smith,Jalen,1610612754,IND,22.0,51,29,22,0.569,924.1816666666666,176,350,0.503,40,122,0.328,78,102,0.765,101,206,307,24,42,15,41,12,96,110,470,31,1000.4,9,0,953.0,993.0,53,39,50,40,57,48,44,71,23,24,40,48,48,34,46,46,46,70,60,67,42,45,54,45,47,40,53,32,7,48,54,2,2021-22
1628991,Jaren Jackson Jr.,Jaren,1610612763,MEM,22.0,78,53,25,0.679,2126.2483333333334,430,1036,0.415,128,401,0.319,284,345,0.823,119,335,454,86,130,73,177,98,272,283,1272,361,2565.8,7,0,2440.0,2648.0,3,2,62,13,9,9,6,103,4,2,45,6,6,16,36,26,30,31,12,5,1,112,112,9,7,6,9,38,7,8,9,1,2021-22
1628386,Jarrett Allen,Jarrett,1610612739,CLE,24.0,56,35,21,0.625,1809.56,369,545,0.677,1,10,0.1,165,233,0.708,192,410,602,92,94,44,75,36,97,235,904,135,2027.4,32,0,1837.0,2047.0,43,28,43,26,22,15,25,9,65,64,73,17,15,58,14,21,18,28,22,26,21,87,55,14,19,15,17,10,7,18,18,1,2021-22
1629602,Javin DeLaurier,Javin,1610612749,MIL,24.0,1,1,0,1.0,2.8,0,0,0.0,0,0,0.0,0,0,0.0,0,1,1,0,0,1,0,0,1,0,0,4,4.2,0,0,3.0,4.0,111,106,1,1,112,110,111,110,75,91,75,109,110,109,110,111,111,104,108,98,109,1,2,110,110,56,111,80,7,111,111,1,2021-22
1629637,Jaxson Hayes,Jaxson,1610612740,NOP,22.0,70,29,41,0.414,1397.54,245,398,0.616,20,57,0.351,144,188,0.766,115,200,315,43,54,33,55,19,155,153,654,22,1306.5,4,0,1208.0,1319.0,24,39,104,83,37,37,37,26,38,38,26,21,24,32,39,47,45,58,45,39,32,63,81,28,32,44,42,45,7,42,42,1,2021-22
1630579,Jericho Sims,Jericho,1610612752,NYK,23.0,41,19,22,0.463,555.0433333333333,39,54,0.722,0,0,0.0,12,29,0.414,61,108,169,21,20,11,22,1,66,33,90,76,403.3,1,0,346.0,400.0,69,66,50,69,72,89,93,4,75,91,75,90,81,104,63,67,66,80,74,73,62,8,41,80,90,23,76,65,7,79,77,1,2021-22
1629111,Jock Landale,Jock,1610612759,SAS,26.0,54,24,30,0.444,588.7316666666667,101,204,0.495,29,89,0.326,34,41,0.829,63,75,138,45,31,10,14,12,53,46,265,-17,539.1,1,0,525.0,565.0,51,51,80,72,70,65,65,76,30,31,44,74,75,14,61,78,74,55,68,75,79,45,34,72,66,66,69,65,7,68,69,1,2021-22
203954,Joel Embiid,Joel,1610612755,PHI,28.0,68,45,23,0.662,2296.405,666,1334,0.499,93,251,0.371,654,803,0.814,146,650,796,284,214,77,99,82,181,581,2079,368,3774.2,46,2,3604.0,3971.0,27,9,55,18,6,2,1,73,9,11,18,1,1,20,25,4,6,4,4,4,10,110,94,1,1,5,2,4,3,2,2,1,2021-22
1628381,John Collins,John,1610612737,ATL,24.0,54,26,28,0.481,1662.6033333333332,339,644,0.526,64,176,0.364,134,169,0.793,93,329,422,98,60,33,56,38,164,193,876,36,1736.4,16,0,1638.0,1761.0,51,44,73,65,29,20,18,56,16,17,20,24,27,24,47,28,32,26,39,39,31,89,83,20,21,37,29,23,7,29,31,1,2021-22
1630257,Jon Teske,Jon,1610612763,MEM,25.0,3,3,0,1.0,7.741666666666666,0,1,0.0,0,0,0.0,0,2,0.0,0,2,2,1,0,1,0,0,1,0,0,-3,6.9,0,0,5.0,7.0,106,102,1,1,110,110,110,110,75,91,75,109,107,109,110,110,110,102,108,98,109,1,2,110,110,60,110,80,7,110,110,1,2021-22
202685,Jonas Valanciunas,Jonas,1610612740,NOP,30.0,74,34,40,0.459,2240.0583333333334,510,938,0.544,57,158,0.361,237,289,0.82,226,617,843,190,179,41,60,41,247,301,1314,67,2734.6,50,0,2606.0,2840.0,7,29,101,70,7,6,7,48,18,20,21,10,10,18,8,5,4,10,6,29,28,96,110,8,5,27,6,3,7,6,6,1,2021-22
203944,Julius Randle,Julius,1610612752,NYK,27.0,72,32,40,0.444,2543.8633333333332,512,1246,0.411,120,390,0.308,303,401,0.756,125,591,716,370,245,53,39,66,205,333,1447,-164,2892.2,31,1,2837.0,3179.0,16,33,101,72,1,5,3,104,5,3,51,4,5,38,33,7,10,2,2,17,45,108,104,5,4,106,5,11,4,4,4,1,2021-22
203994,Jusuf Nurkić,Jusuf,1610612757,POR,27.0,56,25,31,0.446,1578.485,321,600,0.535,15,56,0.268,185,268,0.69,167,452,619,157,143,62,34,46,189,245,842,13,1965.3,30,0,1825.0,2063.0,43,49,83,71,31,22,21,50,42,39,60,12,12,65,18,11,15,18,9,9,49,100,98,11,22,51,21,12,7,21,17,1,2021-22
1630539,Kai Jones,Kai,1610612766,CHA,21.0,21,14,7,0.667,62.685,9,14,0.643,1,2,0.5,3,8,0.375,3,8,11,4,6,1,2,0,8,7,22,-14,44.2,0,0,44.0,50.0,92,83,15,15,102,101,103,18,65,79,3,102,99,107,107,103,105,99,96,98,102,1,12,101,101,63,103,80,7,103,103,1,2021-22
1626157,Karl-Anthony Towns,Karl-Anthony,1610612750,MIN,26.0,74,44,30,0.595,2475.4566666666665,642,1214,0.529,150,366,0.41,384,467,0.822,194,533,727,269,226,72,83,92,267,426,1818,275,3332.9,40,1,3274.0,3548.0,7,10,80,34,3,3,4,54,2,5,12,2,3,17,13,9,9,5,3,6,16,111,111,3,3,10,3,7,4,3,3,1,2021-22
203482,Kelly Olynyk,Kelly,1610612765,DET,31.0,40,13,27,0.325,763.7166666666667,128,286,0.448,40,119,0.336,69,89,0.775,54,123,177,111,58,31,19,13,100,106,365,-70,835.9,1,0,793.0,914.0,72,85,67,97,61,61,53,98,23,26,31,52,57,30,69,62,63,25,42,41,70,50,59,46,57,89,57,65,7,57,57,1,2021-22
201567,Kevin Love,Kevin,1610612739,CLE,33.0,74,38,36,0.514,1664.865,327,761,0.43,187,477,0.392,166,198,0.838,87,449,536,160,98,26,18,17,101,173,1007,95,1924.2,15,0,1978.0,1995.0,7,23,94,55,28,21,11,101,1,1,15,15,21,12,49,13,25,16,20,50,72,57,61,23,13,20,24,24,7,14,23,1,2021-22
203920,Khem Birch,Khem,1610612761,TOR,29.0,55,34,21,0.618,991.1683333333333,97,200,0.485,0,14,0.0,53,71,0.746,122,117,239,56,29,30,26,12,104,63,247,21,756.8,0,0,654.0,766.0,48,29,43,29,51,67,66,80,75,60,75,59,62,43,34,65,59,48,69,44,56,45,62,62,68,47,62,80,7,63,63,1,2021-22
1629681,Killian Tillie,Killian,1610612763,MEM,24.0,36,27,9,0.75,460.59166666666664,43,127,0.339,27,86,0.314,5,8,0.625,21,39,60,22,13,23,15,10,58,12,118,29,324.0,0,0,303.0,336.0,77,42,21,9,76,86,77,108,33,32,47,99,99,78,88,90,91,74,89,55,76,38,38,94,86,41,85,80,7,85,84,1,2021-22
204001,Kristaps Porziņģis,Kristaps,1610612764,WAS,26.0,51,26,25,0.51,1480.6183333333333,352,767,0.459,78,252,0.31,248,286,0.867,102,309,411,119,81,37,84,29,137,233,1030,33,1983.7,15,0,1880.0,2042.0,53,44,62,57,33,19,10,91,11,10,49,8,11,8,44,32,33,24,29,33,15,77,73,15,11,39,19,24,7,16,19,2,2021-22
200746,LaMarcus Aldridge,LaMarcus,1610612751,BKN,36.0,47,26,21,0.553,1050.085,252,458,0.55,14,46,0.304,89,102,0.873,73,185,258,42,44,14,47,11,78,89,607,19,1118.6,2,0,1043.0,1132.0,62,44,43,42,47,33,31,45,44,45,54,40,48,4,56,53,56,60,55,68,35,43,47,51,35,48,45,54,7,45,45,1,2021-22
1626204,Larry Nance Jr.,Larry,1610612740,NOP,29.0,46,19,27,0.413,1040.0716666666667,129,247,0.522,23,70,0.329,40,57,0.702,72,176,248,81,37,43,20,11,84,66,321,-60,892.1,0,0,799.0,920.0,65,66,67,84,48,60,60,60,34,35,38,68,70,59,57,55,57,36,64,27,68,43,49,61,62,83,56,80,7,56,56,2,2021-22
1628374,Lauri Markkanen,Lauri,1610612739,CLE,25.0,61,32,29,0.525,1877.5866666666666,313,703,0.445,136,380,0.358,138,159,0.868,59,286,345,81,54,45,30,46,130,148,900,172,1606.5,3,0,1612.0,1632.0,37,33,77,53,15,23,13,100,3,4,24,23,31,7,65,35,41,36,45,23,54,100,70,31,20,13,34,48,7,30,34,1,2021-22
1630568,Luka Garza,Luka,1610612765,DET,23.0,32,3,29,0.094,388.965,66,147,0.449,16,49,0.327,38,61,0.623,58,42,100,20,18,9,6,17,55,59,186,-63,363.0,2,0,352.0,371.0,81,102,77,109,81,75,72,97,41,42,42,69,67,81,67,88,81,83,81,77,95,57,36,64,74,84,80,54,7,78,79,1,2021-22
1628436,Luke Kornet,Luke,1610612738,BOS,26.0,15,11,4,0.733,103.33333333333333,13,27,0.481,0,5,0.0,4,6,0.667,13,16,29,9,0,3,3,2,9,5,30,22,96.3,0,0,80.0,95.0,95,88,10,10,100,99,98,82,75,68,75,101,103,70,96,100,100,90,108,93,99,13,13,103,99,44,100,80,7,100,100,3,2021-22
1630250,Marko Simonovic,Marko,1610612741,CHI,22.0,9,4,5,0.444,35.185,4,15,0.267,1,5,0.2,8,11,0.727,5,5,10,0,2,1,1,3,6,7,17,3,33.0,0,0,32.0,33.0,102,99,12,72,105,106,102,109,65,68,69,95,97,49,103,105,106,104,104,98,105,16,10,101,104,58,105,80,7,105,105,1,2021-22
203486,Mason Plumlee,Mason,1610612766,CHA,32.0,73,40,33,0.548,1792.525,205,320,0.641,0,2,0.0,67,171,0.392,176,389,565,226,100,61,52,29,224,169,477,5,1733.0,7,0,1494.0,1833.0,13,16,89,43,25,43,50,19,75,79,75,53,26,106,16,23,23,9,19,10,33,77,109,25,46,52,30,38,7,34,30,1,2021-22
1630695,Micah Potter,Micah,1610612765,DET,24.0,3,2,1,0.667,30.93166666666667,5,11,0.455,0,2,0.0,2,2,1.0,4,5,9,0,1,1,1,0,4,4,12,-40,27.8,0,0,25.0,27.0,106,105,4,15,106,104,106,95,75,79,75,105,107,1,104,105,107,104,106,98,105,1,7,104,105,77,106,80,7,106,106,1,2021-22
203488,Mike Muscala,Mike,1610612760,OKC,30.0,43,15,28,0.349,592.52,113,248,0.456,70,163,0.429,48,57,0.842,21,108,129,22,14,18,26,10,58,47,344,23,649.8,0,0,653.0,649.0,67,78,73,92,69,63,59,94,12,19,9,63,70,10,88,67,76,74,87,64,56,38,38,71,59,43,65,80,7,64,65,1,2021-22
1629011,Mitchell Robinson,Mitchell,1610612752,NYK,24.0,72,32,40,0.444,1848.3666666666666,261,343,0.761,0,0,0.0,88,181,0.486,295,322,617,38,60,58,133,29,195,144,610,-79,1920.4,20,0,1647.0,1876.0,16,33,101,72,18,32,45,1,75,91,75,41,25,99,2,30,16,63,39,13,4,77,101,33,34,93,25,19,7,28,27,1,2021-22
1628964,Mo Bamba,Mo,1610612753,ORL,24.0,71,19,52,0.268,1823.7066666666667,296,617,0.48,107,281,0.381,57,73,0.781,148,424,572,85,77,38,118,31,182,75,756,-373,1960.9,20,0,1832.0,1966.0,20,66,110,101,20,25,19,83,6,8,16,57,58,26,24,18,21,32,31,32,5,83,97,58,25,112,23,19,7,20,25,1,2021-22
1626149,Montrezl Harrell,Montrezl,1610612766,CHA,28.0,71,36,35,0.507,1640.3583333333333,358,555,0.645,4,17,0.235,212,296,0.716,149,282,431,145,72,29,43,38,137,246,932,84,1810.7,7,0,1656.0,1869.0,20,25,92,59,30,18,24,16,58,56,66,11,9,55,22,36,31,19,32,47,38,89,73,10,15,22,28,38,7,27,28,2,2021-22
1629021,Moritz Wagner,Moritz,1610612753,ORL,25.0,63,16,47,0.254,959.5316666666666,197,396,0.497,66,201,0.328,104,129,0.806,42,190,232,87,56,20,13,22,123,134,564,-149,1015.9,3,0,1015.0,1069.0,34,76,108,105,56,46,38,74,15,14,39,30,41,22,74,52,60,30,44,62,81,69,69,36,39,104,49,48,7,46,47,1,2021-22
1629650,Moses Brown,Moses,1610612739,CLE,22.0,40,19,21,0.475,344.325,64,108,0.593,0,0,0.0,43,72,0.597,39,96,135,1,20,7,16,6,53,49,171,-49,383.5,3,0,353.0,377.0,72,66,43,68,86,76,81,33,75,91,75,65,59,86,75,73,75,102,74,85,75,29,34,70,75,81,78,48,7,77,78,2,2021-22
1626167,Myles Turner,Myles,1610612754,IND,26.0,42,15,27,0.357,1234.7283333333332,200,393,0.509,61,183,0.333,79,105,0.752,65,232,297,44,54,28,118,15,119,96,540,-14,1346.4,9,0,1234.0,1363.0,68,78,67,88,40,45,39,68,17,16,33,47,46,40,60,42,48,57,45,49,5,54,67,48,42,63,41,32,7,41,41,1,2021-22
1630233,Nathan Knight,Nathan,1610612750,MIN,24.0,37,22,15,0.595,267.31666666666666,45,88,0.511,4,13,0.308,44,60,0.733,32,53,85,22,18,7,8,12,42,45,138,22,300.0,1,0,279.0,312.0,76,56,30,34,88,85,86,66,58,61,51,64,69,47,82,83,85,74,81,85,91,45,28,73,83,44,86,65,7,87,86,1,2021-22
1629675,Naz Reid,Naz,1610612750,MIN,22.0,77,42,35,0.545,1215.2866666666666,233,476,0.489,57,166,0.343,114,149,0.765,102,199,301,71,82,40,71,33,172,131,637,-92,1355.7,4,0,1288.0,1413.0,4,12,92,44,42,38,30,78,18,18,28,25,33,33,44,49,47,39,27,30,23,85,89,38,33,96,40,45,7,40,40,1,2021-22
1629674,Neemias Queta,Neemias,1610612758,SAC,22.0,15,4,11,0.267,119.6,17,38,0.447,0,0,0.0,11,17,0.647,14,17,31,6,6,1,8,3,18,12,45,-7,112.2,0,0,100.0,115.0,95,99,24,103,98,96,96,99,75,91,75,92,92,76,94,99,99,95,96,98,91,16,15,94,96,61,98,80,7,98,98,1,2021-22
203457,Nerlens Noel,Nerlens,1610612752,NYK,28.0,25,10,15,0.4,561.97,32,60,0.533,0,3,0.0,21,30,0.7,48,93,141,23,20,30,31,4,67,45,85,-68,451.7,0,0,371.0,455.0,88,91,30,85,71,93,90,52,75,76,75,80,79,60,72,74,73,71,74,44,52,21,42,73,92,88,74,80,7,76,74,1,2021-22
1629651,Nic Claxton,Nic,1610612751,BKN,23.0,47,24,23,0.511,974.0916666666667,178,264,0.674,0,0,0.0,54,93,0.581,91,173,264,43,38,24,51,20,110,90,410,-29,978.3,4,0,867.0,985.0,62,51,55,56,54,47,56,10,75,91,75,58,53,89,48,56,54,58,63,53,34,66,64,50,53,71,54,45,7,55,55,1,2021-22
1630208,Nick Richards,Nick,1610612766,CHA,24.0,50,25,25,0.5,367.1433333333333,60,90,0.667,0,0,0.0,30,43,0.698,34,52,86,13,24,9,21,8,51,35,150,-109,338.7,0,0,309.0,352.0,56,49,62,60,83,78,84,12,75,91,75,76,74,63,78,85,84,86,71,77,64,36,31,78,81,98,82,80,7,84,81,1,2021-22
203999,Nikola Jokić,Nikola,1610612743,DEN,27.0,74,46,28,0.622,2475.5916666666667,764,1311,0.583,97,288,0.337,379,468,0.81,206,813,1019,584,281,109,63,66,191,483,2004,444,4337.8,66,19,4048.0,4707.0,7,6,73,28,2,1,2,35,8,7,30,3,2,21,11,1,1,1,1,1,27,108,99,2,2,1,1,1,1,1,1,1,2021-22
202696,Nikola Vučević,Nikola,1610612741,CHI,31.0,73,41,32,0.562,2417.5433333333335,546,1154,0.473,104,331,0.314,92,121,0.76,142,662,804,236,136,70,71,46,181,129,1288,-52,2893.8,44,0,2714.0,2987.0,13,15,87,41,4,4,5,86,7,6,46,38,43,36,28,3,5,7,10,7,23,100,94,39,6,82,4,6,7,5,5,1,2021-22
203658,Norvel Pelle,Norvel,1610612762,UTA,29.0,3,0,3,0.0,19.016666666666666,3,5,0.6,0,0,0.0,0,0,0.0,3,3,6,0,2,0,1,0,1,1,6,-19,14.2,0,0,14.0,15.0,106,110,7,110,109,107,109,29,75,91,75,109,110,109,107,109,108,104,104,108,105,1,2,109,109,67,109,80,7,109,109,1,2021-22
1630846,Olivier Sarr,Olivier,1610612760,OKC,23.0,22,6,16,0.273,420.87,58,101,0.574,13,29,0.448,24,29,0.828,34,59,93,19,22,6,15,10,52,28,153,-28,334.1,1,0,320.0,347.0,91,97,35,100,78,79,82,36,47,51,8,77,81,15,78,80,82,84,73,87,76,38,32,83,80,69,83,65,7,81,83,1,2021-22
1630209,Omer Yurtseven,Omer,1610612748,MIA,24.0,56,39,17,0.696,706.1983333333334,130,247,0.526,1,11,0.091,38,61,0.623,85,209,294,49,41,17,20,18,84,52,299,63,795.3,8,0,717.0,802.0,43,22,37,11,64,59,60,57,65,63,74,69,67,81,50,45,49,53,62,65,68,59,49,68,63,28,60,35,7,61,61,1,2021-22
1630168,Onyeka Okongwu,Onyeka,1610612737,ATL,21.0,48,26,22,0.542,992.0633333333334,156,226,0.69,0,0,0.0,80,110,0.727,115,168,283,53,44,31,60,21,149,89,392,110,1040.1,1,0,910.0,1054.0,59,44,50,46,50,53,62,7,75,91,75,44,45,49,39,59,51,51,55,41,28,68,79,51,54,19,47,65,7,54,49,1,2021-22
1629617,Reggie Perry,Reggie,1610612757,POR,22.0,10,0,10,0.0,187.26666666666668,40,79,0.506,3,16,0.188,9,15,0.6,15,32,47,12,11,9,6,3,33,12,92,-78,200.4,1,0,184.0,208.0,101,110,23,110,92,88,87,70,61,57,70,93,93,84,93,94,94,88,93,77,95,16,24,94,89,92,92,65,7,90,91,2,2021-22
1629057,Robert Williams III,Robert,1610612738,BOS,24.0,61,40,21,0.656,1804.3333333333333,271,368,0.736,0,1,0.0,65,90,0.722,238,350,588,121,63,56,134,10,137,74,607,370,2001.1,25,1,1696.0,2007.0,37,16,43,19,23,28,42,3,75,84,75,54,56,52,6,25,20,22,37,14,3,38,73,59,35,4,18,16,4,25,21,1,2021-22
201577,Robin Lopez,Robin,1610612753,ORL,34.0,36,9,27,0.25,611.9033333333333,110,199,0.553,2,6,0.333,32,54,0.593,68,58,126,54,44,2,18,5,67,59,254,-65,502.2,3,0,476.0,548.0,77,93,67,106,68,64,67,44,62,66,33,75,72,87,58,81,77,50,55,96,72,22,42,64,67,86,73,48,7,71,70,1,2021-22
203497,Rudy Gobert,Rudy,1610612762,UTA,30.0,66,42,24,0.636,2120.4166666666665,362,508,0.713,0,4,0.0,303,439,0.69,241,727,968,72,119,45,137,48,176,384,1027,417,2723.6,53,0,2431.0,2685.0,32,12,59,24,10,16,27,5,75,71,75,4,4,66,5,2,2,38,13,23,2,106,92,4,12,2,7,2,7,9,8,1,2021-22
1630572,Sandro Mamukelashvili,Sandro,1610612749,MIL,23.0,41,22,19,0.537,407.00166666666667,57,115,0.496,22,52,0.423,18,22,0.818,35,47,82,22,15,9,9,9,28,20,154,-145,324.4,1,0,316.0,334.0,69,56,40,50,80,80,79,75,37,41,11,86,89,19,77,87,86,74,85,77,88,37,22,88,78,102,84,65,7,82,85,1,2021-22
1630583,Santi Aldama,Santi,1610612763,MEM,21.0,32,20,12,0.625,359.7683333333333,53,132,0.402,6,48,0.125,20,32,0.625,33,54,87,21,16,6,10,5,36,27,132,16,299.9,2,0,278.0,309.0,81,62,25,26,84,81,75,106,54,43,72,81,78,78,81,82,83,80,83,87,86,22,27,84,84,49,87,54,7,88,87,1,2021-22
203500,Steven Adams,Steven,1610612763,MEM,28.0,76,51,25,0.671,1998.5766666666666,210,384,0.547,0,1,0.0,108,199,0.543,349,411,760,256,115,65,60,44,153,200,528,353,2084.0,14,0,1794.0,2175.0,5,4,62,14,13,42,40,46,75,84,75,27,20,92,1,20,7,6,15,8,28,99,80,19,45,7,15,27,7,22,14,1,2021-22
1629605,Tacko Fall,Tacko,1610612739,CLE,26.0,11,4,7,0.364,58.78333333333333,5,12,0.417,0,0,0.0,2,7,0.286,7,16,23,2,3,0,6,1,3,8,12,5,57.6,0,0,49.0,57.0,100,99,15,87,103,104,105,102,75,91,75,105,101,108,102,100,101,101,102,108,95,8,6,99,105,52,102,80,7,102,102,1,2021-22
1628418,Thomas Bryant,Thomas,1610612764,WAS,24.0,27,8,19,0.296,439.11333333333334,77,148,0.52,12,42,0.286,35,40,0.875,26,82,108,23,19,6,21,7,43,38,201,-75,427.1,0,0,398.0,436.0,86,94,40,98,77,72,71,61,50,47,58,73,76,3,86,77,80,71,79,87,64,33,30,77,73,90,75,80,7,74,75,1,2021-22
1628396,Tony Bradley,Tony,1610612741,CHI,24.0,55,28,27,0.509,549.065,72,123,0.585,0,0,0.0,19,29,0.655,67,119,186,27,34,10,33,18,62,34,163,70,521.7,0,0,462.0,532.0,48,41,67,58,73,74,78,34,75,91,75,84,81,74,59,63,62,67,67,75,50,59,40,79,76,25,72,80,7,73,73,1,2021-22
202684,Tristan Thompson,Tristan,1610612741,CHI,31.0,57,20,37,0.351,896.2183333333334,141,267,0.528,1,3,0.333,61,116,0.526,120,168,288,34,45,23,21,29,98,114,344,-65,827.6,1,0,755.0,832.0,42,62,96,90,58,56,54,55,65,76,33,56,44,94,35,59,50,65,53,55,64,77,58,44,59,86,58,65,7,59,59,3,2021-22
1628962,Udoka Azubuike,Udoka,1610612762,UTA,22.0,17,11,6,0.647,194.875,37,49,0.755,0,0,0.0,6,11,0.545,18,53,71,0,12,1,11,2,25,10,80,4,189.2,1,0,175.0,187.0,94,88,13,21,90,90,94,2,75,91,75,96,97,91,91,83,87,104,90,98,84,13,21,98,93,56,93,65,7,93,94,1,2021-22
1630176,Vernon Carey Jr.,Vernon,1610612764,WAS,21.0,7,3,4,0.429,44.14833333333333,7,13,0.538,0,0,0.0,6,13,0.462,8,4,12,0,3,2,1,0,4,8,20,-44,40.4,0,0,38.0,41.0,105,102,10,79,104,103,104,49,75,91,75,96,95,101,100,107,103,104,102,96,105,1,7,99,103,78,104,80,7,104,104,2,2021-22
1628976,Wendell Carter Jr.,Wendell,1610612753,ORL,23.0,62,16,46,0.258,1851.57,359,684,0.525,70,214,0.327,143,207,0.691,139,509,648,171,117,36,43,35,169,186,931,-135,2085.1,33,0,1978.0,2158.0,35,76,107,104,17,17,16,59,12,13,41,22,19,64,29,10,12,15,14,35,38,86,86,22,16,101,14,9,7,14,15,1,2021-22
1626161,Willie Cauley-Stein,Willie,1610612755,PHI,28.0,20,12,8,0.6,182.81666666666666,16,35,0.457,1,2,0.5,1,2,0.5,13,27,40,10,7,6,3,6,19,4,34,24,117.0,0,0,103.0,121.0,93,87,18,32,93,97,97,92,65,79,3,108,107,97,96,97,96,89,95,87,99,29,17,104,97,42,97,80,7,97,97,2,2021-22
1626195,Willy Hernangomez,Willy,1610612740,NOP,28.0,50,22,28,0.44,838.9583333333334,170,327,0.52,4,12,0.333,109,141,0.773,143,195,338,63,51,21,19,27,97,103,453,-45,1022.1,9,0,938.0,1037.0,56,56,73,77,60,50,47,62,58,62,33,26,37,31,26,51,42,43,49,60,70,76,55,47,49,79,48,32,7,50,51,1,2021-22
1628380,Zach Collins,Zach,1610612759,SAS,24.0,28,14,14,0.5,502.04,76,155,0.49,14,41,0.341,52,65,0.8,46,107,153,61,45,13,23,16,67,56,218,38,556.1,1,0,518.0,601.0,85,83,28,60,75,73,70,77,44,48,29,61,64,23,73,69,70,44,53,69,61,55,42,66,70,34,68,65,7,70,67,1,2021-22
1630192,Zeke Nnaji,Zeke,1610612743,DEN,21.0,41,24,17,0.585,697.6083333333333,96,186,0.516,37,80,0.463,41,65,0.631,56,91,147,17,23,16,13,19,79,52,270,-45,535.9,0,0,529.0,538.0,69,51,37,36,65,68,68,65,26,33,7,66,64,77,68,75,72,85,72,66,81,63,48,68,64,79,70,80,7,67,71,1,2021-22
201143,Al Horford,Al,1610612738,BOS,37.0,63,44,19,0.698,1921.375,228,479,0.476,145,325,0.446,15,21,0.714,73,317,390,189,37,30,61,8,121,34,616,309,1603.5,7,0,1522.0,1657.0,42,8,27,4,21,40,35,91,3,6,11,84,85,55,55,34,44,12,62,41,26,27,58,77,38,7,35,42,6,32,34,1,2022-23
203458,Alex Len,Alex,1610612758,SAC,30.0,26,15,11,0.577,161.24666666666667,16,30,0.533,0,2,0.0,11,16,0.688,24,36,60,12,16,4,11,1,28,10,43,19,162.0,0,0,145.0,172.0,90,78,14,27,93,93,94,64,78,81,78,90,88,65,86,88,87,86,85,87,84,9,16,95,93,39,92,76,6,91,92,1,2022-23
1630578,Alperen Sengun,Alperen,1610612745,HOU,20.0,75,18,57,0.24,2170.6566666666668,442,799,0.553,19,57,0.333,206,288,0.715,242,436,678,291,193,70,70,62,258,330,1109,-283,2586.1,29,2,2377.0,2789.0,18,72,105,97,12,14,15,51,38,40,44,12,13,54,4,18,14,4,5,4,23,100,104,7,16,104,13,13,3,12,10,1,2022-23
203083,Andre Drummond,Andre,1610612741,CHI,29.0,67,32,35,0.478,849.1383333333333,166,274,0.606,0,3,0.0,67,125,0.536,138,306,444,33,75,45,27,27,117,109,399,25,1122.3,8,0,1020.0,1125.0,32,35,80,60,57,52,54,35,78,77,78,51,45,93,29,35,32,67,36,25,59,68,57,47,53,38,50,40,6,52,51,1,2022-23
203076,Anthony Davis,Anthony,1610612747,LAL,30.0,56,31,25,0.554,1904.51,542,962,0.563,19,74,0.257,348,444,0.784,195,507,702,148,122,59,114,58,146,329,1451,205,2912.4,40,0,2666.0,2968.0,57,40,46,36,24,8,8,46,38,37,62,5,3,27,16,11,10,16,15,13,7,99,68,8,8,10,7,5,6,9,8,1,2022-23
1628389,Bam Adebayo,Bam,1610612748,MIA,25.0,75,40,35,0.533,2597.9933333333333,602,1114,0.54,1,12,0.083,324,402,0.806,184,504,688,240,187,88,61,49,208,360,1529,117,2974.6,31,0,2756.0,3144.0,18,17,80,43,5,4,5,60,68,58,76,8,7,21,18,12,13,9,6,1,26,95,88,6,5,22,6,12,6,6,6,1,2022-23
202687,Bismack Biyombo,Bismack,1610612756,PHX,30.0,61,33,28,0.541,874.085,119,206,0.578,0,0,0.0,25,70,0.357,89,171,260,56,51,18,88,11,114,82,263,48,926.0,3,0,791.0,953.0,48,33,57,37,55,62,63,44,78,96,78,73,61,101,46,55,55,51,51,58,16,37,56,54,64,32,55,50,6,57,54,1,2022-23
1626246,Boban Marjanovic,Boban,1610612745,HOU,34.0,31,7,24,0.226,171.065,41,60,0.683,0,1,0.0,20,27,0.741,20,40,60,9,14,5,2,3,10,29,102,66,194.5,0,0,185.0,201.0,85,91,41,101,91,88,89,9,78,88,78,82,82,47,89,86,87,92,88,85,95,15,9,83,88,29,90,76,6,90,90,1,2022-23
1629626,Bol Bol,Bol,1610612753,ORL,23.0,70,26,44,0.371,1505.4183333333333,261,478,0.546,30,113,0.265,82,108,0.759,69,336,405,69,112,30,85,19,92,86,634,-146,1456.5,6,0,1368.0,1522.0,23,54,97,84,38,34,36,57,32,29,60,43,48,38,60,31,39,43,21,41,18,57,43,52,37,95,41,45,6,39,40,1,2022-23
201572,Brook Lopez,Brook,1610612749,MIL,35.0,78,57,21,0.731,2372.4766666666665,477,899,0.531,136,364,0.374,149,190,0.784,157,363,520,99,107,37,193,26,203,164,1239,398,2594.5,11,0,2454.0,2647.0,9,1,33,2,6,12,11,65,5,3,28,22,25,26,24,26,26,29,22,34,1,66,86,28,11,3,12,31,6,11,13,1,2022-23
1628981,Bruno Fernando,Bruno,1610612737,ATL,24.0,39,13,26,0.333,405.12166666666667,59,112,0.527,0,4,0.0,35,50,0.7,54,83,137,31,25,6,34,14,74,42,153,-75,458.9,1,0,401.0,472.0,73,81,51,89,80,81,80,68,78,74,78,68,71,59,70,77,75,71,74,82,49,44,35,73,81,78,76,67,6,77,76,2,2022-23
1628435,Chance Comanche,Chance,1610612757,POR,27.0,1,0,1,0.0,20.783333333333335,3,5,0.6,0,0,0.0,1,4,0.25,2,1,3,0,0,0,1,0,0,4,7,-29,13.6,0,0,12.0,13.0,105,105,1,105,104,102,105,36,78,96,78,102,99,103,103,104,104,103,104,103,100,1,1,100,102,66,104,76,6,104,104,1,2022-23
1629646,Charles Bassey,Charles,1610612759,SAS,22.0,35,9,26,0.257,507.87166666666667,87,135,0.644,3,8,0.375,22,37,0.595,75,118,193,48,41,16,33,4,74,29,199,-32,608.6,0,0,541.0,635.0,83,88,51,95,74,70,73,18,59,65,26,78,78,88,54,67,67,58,56,63,52,20,35,83,71,69,68,76,6,67,68,1,2022-23
1629002,Chimezie Metu,Chimezie,1610612758,SAC,26.0,66,41,25,0.621,689.0166666666667,129,219,0.589,9,38,0.237,54,73,0.74,47,151,198,40,32,22,21,11,81,62,321,88,715.6,0,0,654.0,728.0,35,13,46,16,67,58,61,42,46,44,65,57,58,48,75,61,65,60,67,49,69,37,39,59,60,26,63,76,6,62,63,1,2022-23
1628449,Chris Boucher,Chris,1610612761,TOR,30.0,76,39,37,0.513,1523.47,261,529,0.493,62,189,0.328,128,168,0.762,157,264,421,29,41,47,64,35,143,139,712,-18,1552.7,9,0,1446.0,1524.0,14,20,86,48,37,34,28,84,19,20,49,28,30,35,24,46,35,75,56,23,24,80,66,34,31,60,36,35,6,36,39,1,2022-23
1631132,Christian Koloko,Christian,1610612761,TOR,23.0,58,29,29,0.5,801.7933333333333,72,150,0.48,1,12,0.083,37,59,0.627,84,87,171,31,20,21,57,20,128,49,182,156,647.7,0,0,541.0,649.0,51,47,60,54,63,76,72,88,68,58,76,67,65,84,51,75,70,71,82,51,30,60,60,66,75,18,65,76,6,67,66,1,2022-23
203991,Clint Capela,Clint,1610612737,ATL,29.0,65,35,30,0.538,1730.0833333333333,350,536,0.653,0,1,0.0,79,131,0.603,258,459,717,58,54,45,79,26,139,126,779,-30,2044.4,35,0,1802.0,1984.0,38,24,62,39,28,22,27,16,78,88,78,47,41,87,2,15,8,50,49,25,20,66,65,38,28,67,24,9,6,24,26,1,2022-23
203469,Cody Zeller,Cody,1610612748,MIA,30.0,15,6,9,0.4,216.61166666666668,37,59,0.627,0,2,0.0,24,35,0.686,25,39,64,10,14,3,4,3,33,33,98,-48,196.8,0,0,186.0,203.0,93,92,13,81,89,89,90,31,78,81,78,75,79,66,85,87,85,89,88,91,92,15,18,78,89,74,89,76,6,89,89,1,2022-23
1627745,Damian Jones,Damian,1610612762,UTA,28.0,41,12,29,0.293,477.39166666666665,55,86,0.64,10,17,0.588,22,29,0.759,42,80,122,15,23,8,21,11,55,31,142,-83,374.9,1,0,347.0,381.0,72,85,60,92,75,83,84,23,45,55,4,78,81,40,76,79,81,83,78,80,69,37,27,82,82,81,80,67,6,80,81,2,2022-23
1629655,Daniel Gafford,Daniel,1610612764,WAS,24.0,78,32,46,0.41,1604.22,289,395,0.732,0,0,0.0,127,187,0.679,163,270,433,84,85,33,99,28,187,169,705,-89,1661.6,10,0,1486.0,1702.0,9,35,99,80,34,29,43,6,78,96,78,29,26,69,22,43,33,35,32,40,13,70,81,25,32,83,29,34,6,34,32,1,2022-23
1628464,Daniel Theis,Daniel,1610612754,IND,31.0,7,1,6,0.143,108.83666666666667,21,44,0.477,2,11,0.182,5,12,0.417,7,15,22,9,3,2,6,3,7,10,49,-19,109.9,0,0,98.0,113.0,99,103,11,103,96,91,91,89,65,61,72,95,93,99,96,96,97,92,98,94,88,15,7,95,92,61,93,76,6,94,93,1,2022-23
203967,Dario Saric,Dario,1610612760,OKC,29.0,57,26,31,0.456,805.9533333333334,127,277,0.458,45,115,0.391,63,76,0.829,53,154,207,74,55,20,7,18,99,75,362,37,747.4,2,0,742.0,798.0,52,54,65,71,61,59,53,94,26,28,18,53,57,17,71,60,60,41,48,53,87,54,49,57,57,34,61,57,6,61,61,2,2022-23
1630549,Day'Ron Sharpe,Day'Ron,1610612751,BKN,21.0,48,22,26,0.458,552.4866666666667,93,171,0.544,6,11,0.545,35,55,0.636,99,101,200,37,42,15,32,17,89,45,227,-101,621.5,2,0,564.0,642.0,63,66,51,70,72,67,66,58,52,61,6,68,68,82,43,70,64,63,54,69,54,51,41,70,69,87,66,57,6,66,67,1,2022-23
201599,DeAndre Jordan,DeAndre,1610612743,DEN,34.0,39,23,16,0.59,585.855,88,115,0.765,1,1,1.0,22,48,0.458,52,150,202,34,48,12,23,6,71,53,199,-119,549.4,2,0,506.0,574.0,73,62,26,25,71,69,79,3,68,88,1,78,73,97,72,62,63,65,53,74,66,22,34,63,71,91,73,57,6,73,72,1,2022-23
1629731,Dean Wade,Dean,1610612739,CLE,26.0,44,30,14,0.682,891.5633333333334,73,177,0.412,45,127,0.354,15,23,0.652,20,130,150,37,17,28,21,7,89,28,206,108,571.5,0,0,536.0,577.0,67,45,21,7,54,75,65,99,26,25,37,84,84,79,89,65,72,63,84,45,69,24,41,85,70,24,71,76,6,70,71,1,2022-23
1629028,Deandre Ayton,Deandre,1610612756,PHX,24.0,67,36,31,0.537,2035.3366666666666,522,887,0.589,7,24,0.292,152,200,0.76,172,495,667,115,120,37,53,39,190,166,1203,-7,2325.9,36,0,2172.0,2370.0,32,23,65,40,18,10,12,43,49,49,55,21,21,37,20,13,16,25,17,34,32,85,82,26,12,54,17,8,6,16,18,1,2022-23
203473,Dewayne Dedmon,Dewayne,1610612755,PHI,33.0,38,23,15,0.605,426.21,77,151,0.51,12,39,0.308,33,49,0.673,34,100,134,26,25,9,19,16,75,48,199,-124,457.8,0,0,427.0,469.0,75,62,24,20,78,74,71,74,44,42,52,70,72,73,80,71,77,76,74,79,73,50,37,68,71,92,77,76,6,76,77,2,2022-23
1627734,Domantas Sabonis,Domantas,1610612758,SAC,27.0,79,47,32,0.595,2735.555,577,938,0.615,31,83,0.373,325,438,0.742,251,722,973,573,230,65,39,64,279,373,1510,212,3619.1,65,14,3295.0,3941.0,5,4,71,23,3,6,10,33,31,35,29,7,4,46,3,2,1,2,2,7,45,102,105,5,6,9,3,1,2,4,2,1,2022-23
1629234,Drew Eubanks,Drew,1610612757,POR,26.0,78,31,47,0.397,1583.6766666666667,214,334,0.641,7,18,0.389,83,125,0.664,132,286,418,103,67,40,102,9,169,130,518,-131,1533.1,3,0,1330.0,1568.0,9,40,101,82,36,41,47,20,49,53,20,42,45,76,30,38,37,27,41,33,11,35,74,37,45,94,37,50,6,40,36,1,2022-23
203939,Dwight Powell,Dwight,1610612742,DAL,31.0,76,37,39,0.487,1457.935,197,269,0.732,0,5,0.0,112,168,0.667,149,165,314,69,65,48,26,17,209,189,506,166,1143.3,1,0,1037.0,1180.0,14,21,90,57,39,44,55,5,78,71,78,34,30,74,26,58,50,43,43,22,61,51,89,22,47,16,48,67,6,51,49,1,2022-23
1630596,Evan Mobley,Evan,1610612739,CLE,22.0,79,48,31,0.608,2715.2616666666668,525,947,0.554,22,102,0.216,205,304,0.674,187,524,711,224,146,60,119,63,218,249,1277,339,2857.2,24,0,2592.0,2973.0,5,2,65,19,4,9,9,50,35,32,69,13,12,72,17,8,9,10,9,10,6,101,96,14,10,6,8,17,6,10,7,1,2022-23
1626163,Frank Kaminsky,Frank,1610612745,HOU,30.0,36,13,23,0.361,234.86333333333334,31,63,0.492,13,33,0.394,14,16,0.875,7,45,52,32,9,6,4,3,22,11,89,-4,220.4,0,0,206.0,235.0,80,81,39,85,88,90,88,85,43,46,16,87,88,7,96,85,90,70,92,82,92,15,14,93,90,52,87,76,6,87,87,2,2022-23
1629048,Goga Bitadze,Goga,1610612753,ORL,23.0,38,13,25,0.342,456.8016666666667,69,125,0.552,6,26,0.231,23,42,0.548,61,76,137,39,22,16,26,11,64,45,167,26,493.9,2,0,433.0,508.0,75,81,46,88,77,77,74,52,52,48,66,77,74,91,65,83,75,61,80,63,61,37,29,70,78,37,75,57,6,75,75,2,2022-23
203476,Gorgui Dieng,Gorgui,1610612759,SAS,33.0,31,3,28,0.097,358.11333333333334,45,117,0.385,21,75,0.28,10,13,0.769,27,80,107,53,32,4,14,5,57,23,121,-152,350.9,2,0,338.0,388.0,85,99,57,104,82,87,77,101,36,36,58,91,92,33,84,79,83,52,67,87,77,21,28,88,85,98,83,57,6,81,80,1,2022-23
1628392,Isaiah Hartenstein,Isaiah,1610612752,NYK,25.0,82,47,35,0.573,1628.2166666666667,175,327,0.535,8,37,0.216,48,71,0.676,209,327,536,102,66,53,64,17,213,70,406,151,1487.2,2,0,1286.0,1497.0,1,4,80,28,33,51,48,63,47,45,68,59,60,71,15,32,25,28,42,20,24,51,93,58,52,19,40,57,6,42,41,1,2022-23
1630191,Isaiah Stewart,Isaiah,1610612765,DET,22.0,50,12,38,0.24,1414.0583333333334,195,441,0.442,67,205,0.327,110,149,0.738,115,288,403,70,68,20,34,20,133,120,567,-226,1249.6,13,0,1215.0,1272.0,61,85,88,97,41,46,37,97,17,17,50,35,35,50,36,36,40,42,39,53,49,60,61,43,43,100,46,28,6,43,45,1,2022-23
1627826,Ivica Zubac,Ivica,1610612746,LAC,26.0,76,43,33,0.566,2169.41,326,514,0.634,0,2,0.0,166,238,0.697,236,520,756,77,117,29,98,46,219,215,818,-33,2104.7,27,0,1905.0,2109.0,14,11,72,31,13,24,30,27,78,81,78,17,16,61,5,9,7,38,19,44,14,92,97,19,25,71,22,16,6,22,22,1,2022-23
203210,JaMychal Green,JaMychal,1610612744,GSW,33.0,57,30,27,0.526,796.7,136,252,0.54,42,111,0.378,52,67,0.776,72,133,205,51,52,25,23,14,105,55,366,-156,780.5,0,0,760.0,817.0,52,45,55,44,64,56,57,61,29,30,25,58,62,32,58,64,61,55,50,48,66,44,51,62,56,99,60,76,6,59,58,1,2022-23
201580,JaVale McGee,JaVale,1610612742,DAL,35.0,42,20,22,0.476,354.54,80,125,0.64,2,5,0.4,24,41,0.585,30,77,107,11,36,4,26,8,54,39,186,-57,384.9,0,0,366.0,405.0,70,69,36,61,83,73,74,21,65,71,14,75,75,90,83,82,83,87,63,87,61,27,26,74,74,75,79,76,6,79,79,1,2022-23
1627751,Jakob Poeltl,Jakob,1610612761,TOR,27.0,72,26,46,0.361,1906.125,389,618,0.629,0,1,0.0,119,201,0.592,236,417,653,197,125,66,86,34,195,192,897,-146,2307.1,19,0,2051.0,2400.0,21,54,99,85,23,19,19,29,78,88,78,31,20,89,5,20,18,11,14,5,17,77,83,21,21,95,18,22,6,19,16,2,2022-23
1631105,Jalen Duren,Jalen,1610612765,DET,19.0,67,16,51,0.239,1670.145,258,398,0.648,0,2,0.0,96,157,0.611,229,366,595,75,92,44,59,35,182,125,612,-279,1655.5,19,0,1488.0,1666.0,32,77,103,99,32,36,41,17,78,81,78,39,34,85,9,25,20,40,29,28,29,80,79,41,39,103,30,22,6,33,33,1,2022-23
1629667,Jalen McDaniels,Jalen,1610612755,PHI,25.0,80,31,49,0.388,1912.8533333333332,281,617,0.455,77,232,0.332,116,138,0.841,63,283,346,130,93,83,34,39,209,126,755,-149,1623.2,3,0,1542.0,1712.0,3,40,102,83,22,31,20,95,14,13,47,33,38,14,64,41,47,21,27,3,49,85,89,38,29,97,33,50,6,29,31,2,2022-23
1630188,Jalen Smith,Jalen,1610612754,IND,23.0,68,31,37,0.456,1278.825,242,508,0.476,54,191,0.283,104,137,0.759,129,265,394,66,72,21,60,39,153,144,642,-95,1384.8,7,0,1318.0,1411.0,28,40,86,73,44,38,31,90,23,19,57,38,39,39,32,45,43,47,37,51,28,85,69,33,36,85,42,42,6,41,42,1,2022-23
1630164,James Wiseman,James,1610612765,DET,22.0,45,11,34,0.244,867.1866666666666,189,339,0.558,4,20,0.2,68,97,0.701,73,194,267,30,51,7,27,23,108,77,450,-327,866.4,8,0,819.0,879.0,66,87,76,96,56,47,45,49,55,51,71,50,52,58,55,51,54,74,51,81,59,65,54,55,49,105,57,40,6,55,57,2,2022-23
1628991,Jaren Jackson Jr.,Jaren,1610612763,MEM,23.0,63,41,22,0.651,1787.5033333333333,416,822,0.506,100,282,0.355,241,306,0.788,108,318,426,60,107,65,189,66,227,243,1173,366,2429.2,7,0,2267.0,2481.0,42,13,36,13,27,15,13,76,7,8,36,9,11,25,40,33,34,49,22,7,2,104,99,16,13,4,14,42,6,14,14,1,2022-23
1628386,Jarrett Allen,Jarrett,1610612739,CLE,25.0,68,44,24,0.647,2220.1116666666667,403,626,0.644,1,10,0.1,162,221,0.733,221,445,666,113,93,54,84,44,153,224,969,345,2258.7,32,0,2025.0,2275.0,28,8,41,14,11,17,18,19,68,64,75,18,19,52,12,16,17,26,27,19,19,90,69,17,17,5,19,11,6,20,21,1,2022-23
1629637,Jaxson Hayes,Jaxson,1610612740,NOP,23.0,47,22,25,0.468,610.0566666666666,86,156,0.551,3,29,0.103,58,83,0.699,39,93,132,34,31,20,19,8,67,59,233,-70,528.4,0,0,480.0,550.0,64,66,46,66,70,71,70,53,59,47,74,55,55,60,77,72,78,65,69,53,73,27,32,61,68,77,74,76,6,74,74,1,2022-23
1630643,Jay Huff,Jay,1610612764,WAS,25.0,7,2,5,0.286,94.93333333333334,15,25,0.6,6,12,0.5,15,16,0.938,6,15,21,10,5,3,4,0,15,11,51,-7,107.2,0,0,102.0,113.0,99,102,10,93,97,95,98,36,52,58,7,84,88,4,98,96,98,89,95,91,92,1,10,93,91,54,94,76,6,93,93,1,2022-23
1630579,Jericho Sims,Jericho,1610612752,NYK,24.0,52,31,21,0.596,812.4033333333333,83,107,0.776,0,1,0.0,12,16,0.75,99,143,242,25,27,15,28,6,96,32,178,-113,607.9,2,0,531.0,599.0,59,40,33,22,60,72,81,2,78,88,78,89,88,43,43,63,57,77,73,69,58,22,45,81,77,88,69,57,6,71,69,1,2022-23
1629111,Jock Landale,Jock,1610612756,PHX,27.0,69,35,34,0.507,978.4966666666667,178,337,0.528,21,84,0.25,79,105,0.752,119,161,280,68,59,16,30,22,126,104,456,141,973.0,3,0,917.0,1010.0,25,24,76,52,51,50,46,66,36,34,63,47,49,42,34,59,53,46,45,63,55,64,59,48,48,20,53,50,6,53,53,1,2022-23
203954,Joel Embiid,Joel,1610612755,PHI,29.0,66,43,23,0.652,2284.1066666666666,728,1328,0.548,66,200,0.33,661,771,0.857,113,557,670,274,226,66,112,91,205,511,2183,424,3706.0,39,1,3549.0,3935.0,35,11,39,12,8,1,2,55,18,18,48,1,1,10,39,7,15,5,3,5,8,105,87,1,1,2,2,7,4,1,3,1,2022-23
1628381,John Collins,John,1610612737,ATL,25.0,71,37,34,0.521,2129.6466666666665,359,707,0.508,70,240,0.292,143,178,0.803,77,385,462,85,79,42,73,46,220,193,931,-21,1878.9,11,0,1778.0,1908.0,22,21,76,46,15,21,17,75,16,11,55,24,29,22,53,22,31,34,34,30,21,92,98,20,20,63,26,31,6,25,27,1,2022-23
202685,Jonas Valanciunas,Jonas,1610612740,NOP,31.0,79,40,39,0.506,1968.2433333333333,446,816,0.547,38,109,0.349,185,224,0.826,225,579,804,140,159,20,52,47,245,248,1115,-10,2346.8,43,0,2241.0,2415.0,5,17,90,53,19,13,14,56,30,31,40,16,18,18,11,6,5,18,8,53,34,94,102,15,14,58,16,4,6,15,15,1,2022-23
203944,Julius Randle,Julius,1610612752,NYK,28.0,77,44,33,0.571,2737.2516666666666,658,1432,0.459,218,636,0.343,402,531,0.757,141,626,767,316,216,49,21,57,233,378,1936,170,3324.4,40,0,3377.0,3545.0,12,8,72,29,2,2,1,93,1,1,42,2,2,41,28,4,6,3,4,21,69,97,101,4,2,15,4,5,6,3,4,1,2022-23
203994,Jusuf Nurkić,Jusuf,1610612757,POR,28.0,52,24,28,0.462,1391.415,262,505,0.519,43,119,0.361,127,192,0.661,114,357,471,149,119,43,44,34,185,184,694,9,1624.7,18,0,1531.0,1724.0,59,60,57,68,42,33,32,72,28,27,33,29,24,77,37,28,29,15,18,29,43,77,80,23,34,48,32,24,6,31,30,1,2022-23
1630539,Kai Jones,Kai,1610612766,CHA,22.0,46,13,33,0.283,549.6266666666667,67,120,0.558,4,19,0.211,19,26,0.731,37,86,123,15,31,17,30,8,65,24,157,-32,437.1,1,0,393.0,451.0,65,81,72,94,73,78,76,48,55,52,70,83,83,53,78,76,80,83,69,59,55,27,31,87,79,69,78,67,6,78,78,1,2022-23
1626157,Karl-Anthony Towns,Karl-Anthony,1610612750,MIN,27.0,29,15,14,0.517,957.05,212,428,0.495,60,164,0.366,118,135,0.874,48,188,236,140,86,20,17,19,111,133,602,39,1120.2,9,0,1112.0,1229.0,88,78,21,47,52,42,38,83,20,21,31,32,40,9,73,53,58,18,31,53,75,57,55,35,40,33,51,35,6,47,47,1,2022-23
203482,Kelly Olynyk,Kelly,1610612762,UTA,32.0,68,28,40,0.412,1941.5933333333332,278,557,0.499,93,236,0.394,198,232,0.853,82,338,420,252,168,60,37,30,232,255,847,14,1852.0,9,0,1806.0,2062.0,28,49,93,79,20,32,24,80,10,12,15,15,17,11,52,30,36,7,7,10,47,72,100,11,24,44,27,35,6,23,23,1,2022-23
201567,Kevin Love,Kevin,1610612748,MIA,34.0,62,35,27,0.565,1239.4783333333332,165,424,0.389,99,296,0.334,80,91,0.879,59,340,399,116,70,16,12,8,97,113,509,109,1175.8,6,0,1179.0,1224.0,46,24,55,32,46,53,39,100,8,7,43,46,54,6,66,29,42,24,38,63,81,27,46,44,46,23,47,45,6,44,48,2,2022-23
203920,Khem Birch,Khem,1610612759,SAS,30.0,20,9,11,0.45,161.85,19,32,0.594,1,2,0.5,4,5,0.8,8,17,25,7,8,5,5,1,24,6,43,6,105.5,0,0,96.0,112.0,91,88,14,74,92,92,93,40,68,81,7,98,98,23,94,95,95,94,93,85,90,9,15,98,93,50,95,76,6,95,95,1,2022-23
204001,Kristaps Porziņģis,Kristaps,1610612764,WAS,27.0,65,27,38,0.415,2119.5116666666668,507,1018,0.498,137,356,0.385,354,416,0.851,114,432,546,174,137,58,100,57,196,394,1505,80,2758.2,20,0,2678.0,2873.0,38,52,88,78,16,11,7,82,4,4,23,3,5,12,37,19,24,14,11,14,12,97,84,2,7,27,9,20,6,8,9,1,2022-23
1626204,Larry Nance Jr.,Larry,1610612740,NOP,30.0,65,34,31,0.523,1380.8266666666666,186,305,0.61,14,42,0.333,55,79,0.696,106,248,354,119,42,56,37,14,133,88,441,185,1281.3,3,0,1114.0,1312.0,38,29,65,45,43,49,50,34,41,41,44,56,56,62,41,49,46,23,54,15,47,44,61,51,50,12,43,50,6,46,43,1,2022-23
1628374,Lauri Markkanen,Lauri,1610612762,UTA,26.0,66,32,34,0.485,2272.4866666666667,571,1145,0.499,200,511,0.391,349,399,0.875,130,440,570,123,127,42,38,65,137,297,1691,163,2672.5,28,0,2744.0,2747.0,35,35,76,59,9,7,4,81,2,2,17,4,8,8,31,17,22,22,13,30,46,103,64,10,3,17,11,14,6,7,11,1,2022-23
1630568,Luka Garza,Luka,1610612750,MIN,24.0,28,15,13,0.536,243.42,63,116,0.543,14,39,0.359,41,52,0.788,33,30,63,18,14,3,2,8,43,35,181,18,284.6,0,0,286.0,295.0,89,78,18,41,87,79,78,59,41,42,34,61,69,24,81,91,86,80,88,91,95,27,22,76,76,42,85,76,6,85,85,1,2022-23
1628436,Luke Kornet,Luke,1610612738,BOS,27.0,69,45,24,0.652,804.0883333333334,113,170,0.665,3,13,0.231,32,39,0.821,86,111,197,53,25,11,46,8,81,38,261,61,722.9,0,0,628.0,735.0,25,7,41,11,62,64,67,14,59,56,66,72,77,20,48,69,66,52,74,76,40,27,39,75,67,31,62,76,6,63,62,1,2022-23
1631109,Mark Williams,Mark,1610612766,CHA,21.0,43,18,25,0.419,827.975,160,251,0.637,0,0,0.0,67,97,0.691,93,211,304,18,40,28,45,20,94,76,387,-79,957.8,11,0,855.0,946.0,68,72,46,76,58,54,58,25,78,96,78,51,52,64,45,50,51,80,59,45,42,60,44,56,54,80,54,31,6,54,55,1,2022-23
1630250,Marko Simonovic,Marko,1610612741,CHI,23.0,7,3,4,0.429,19.596666666666668,2,7,0.286,1,4,0.25,1,2,0.5,1,1,2,0,0,0,0,0,5,1,6,15,8.4,0,0,9.0,8.0,99,99,6,75,105,103,103,103,68,74,63,102,101,95,104,104,105,103,104,103,102,1,4,104,103,43,105,76,6,105,105,1,2022-23
203486,Mason Plumlee,Mason,1610612746,LAC,33.0,79,28,51,0.354,2052.945,329,484,0.68,0,0,0.0,199,313,0.636,229,471,700,245,117,46,47,38,217,254,857,-269,2226.5,23,0,1988.0,2326.0,5,49,103,87,17,23,34,10,78,96,78,14,10,83,9,14,12,8,19,24,38,83,95,12,23,102,21,18,6,21,19,2,2022-23
203086,Meyers Leonard,Meyers,1610612749,MIL,31.0,9,6,3,0.667,113.73833333333333,14,29,0.483,7,18,0.389,8,9,0.889,12,22,34,1,6,2,0,2,16,12,43,-27,85.3,1,0,89.0,85.0,96,92,3,9,94,97,96,87,49,53,20,92,95,5,91,93,93,100,94,94,102,13,11,91,93,64,97,67,6,96,97,1,2022-23
1629662,Mfiondu Kabengele,Mfiondu,1610612738,BOS,25.0,4,3,1,0.75,36.43333333333333,2,7,0.286,0,3,0.0,2,2,1.0,5,5,10,0,1,2,0,0,3,5,6,-5,23.0,0,0,20.0,22.0,104,99,1,1,100,103,103,103,78,77,78,100,101,1,99,103,103,103,101,94,102,1,3,99,103,53,103,76,6,103,103,1,2022-23
1630695,Micah Potter,Micah,1610612762,UTA,25.0,7,4,3,0.571,52.44,10,15,0.667,4,7,0.571,0,0,0.0,3,13,16,4,2,1,0,0,5,2,24,-3,50.2,1,0,50.0,51.0,99,97,3,29,99,99,99,12,55,67,5,104,105,104,101,99,99,95,99,100,102,1,4,101,99,51,99,67,6,99,99,1,2022-23
203488,Mike Muscala,Mike,1610612738,BOS,31.0,63,32,31,0.508,945.09,131,292,0.449,81,207,0.391,40,52,0.769,37,166,203,50,23,15,24,10,98,50,383,204,795.6,0,0,795.0,803.0,42,35,65,51,53,57,51,96,12,16,18,63,69,33,78,57,62,56,78,69,65,36,47,65,55,11,59,76,6,56,60,2,2022-23
1629011,Mitchell Robinson,Mitchell,1610612752,NYK,25.0,59,35,24,0.593,1588.8283333333334,188,280,0.671,0,0,0.0,59,122,0.484,267,288,555,53,41,56,109,27,160,113,435,185,1634.5,13,0,1373.0,1591.0,49,24,41,24,35,48,52,11,78,96,78,54,47,96,1,36,23,52,56,15,9,68,73,44,51,12,31,28,6,38,35,1,2022-23
1628964,Mo Bamba,Mo,1610612747,LAL,25.0,49,25,24,0.51,768.4283333333333,117,241,0.485,48,124,0.387,41,62,0.661,58,167,225,46,30,13,43,14,105,49,323,8,800.0,2,0,754.0,808.0,62,58,41,50,65,63,59,86,25,26,22,61,63,78,67,56,59,59,72,73,44,44,51,66,59,49,58,57,6,60,59,2,2022-23
1626149,Montrezl Harrell,Montrezl,1610612755,PHI,29.0,57,35,22,0.614,681.075,125,209,0.598,0,6,0.0,70,101,0.693,67,92,159,33,35,17,25,19,75,95,320,19,651.3,1,0,596.0,671.0,52,24,36,17,68,61,62,38,78,69,78,49,51,63,62,73,71,67,64,59,64,57,37,50,61,39,64,67,6,64,64,1,2022-23
1629021,Moritz Wagner,Moritz,1610612753,ORL,26.0,57,27,30,0.474,1109.4666666666667,198,396,0.5,51,163,0.313,153,182,0.841,69,190,259,84,68,37,13,31,136,150,600,-27,1118.8,3,0,1094.0,1177.0,52,52,62,62,49,43,42,77,24,22,51,19,28,13,60,52,56,35,39,34,79,73,63,31,41,64,52,50,6,49,50,1,2022-23
1629650,Moses Brown,Moses,1610612746,LAC,23.0,36,17,19,0.472,294.145,61,96,0.635,0,0,0.0,33,72,0.458,57,82,139,4,15,4,14,11,39,51,155,27,366.8,3,0,334.0,356.0,80,75,27,63,85,80,82,26,78,96,78,70,59,97,69,78,73,95,87,87,77,37,20,64,80,35,81,50,6,82,83,2,2022-23
1626167,Myles Turner,Myles,1610612754,IND,27.0,62,29,33,0.468,1825.21,402,733,0.548,93,249,0.373,216,276,0.783,88,378,466,89,103,36,140,31,215,254,1113,-47,2230.7,18,0,2113.0,2285.0,46,47,72,67,26,18,16,54,10,10,29,11,14,28,47,23,30,32,25,38,5,73,94,12,15,73,20,24,6,18,20,1,2022-23
1630233,Nathan Knight,Nathan,1610612750,MIN,25.0,38,19,19,0.5,290.74833333333333,46,81,0.568,8,22,0.364,39,57,0.684,22,34,56,13,21,10,6,7,41,33,139,-9,252.7,0,0,248.0,269.0,75,71,27,54,86,86,85,45,47,50,32,65,66,67,88,90,89,85,81,78,88,24,21,78,83,57,86,76,6,86,86,1,2022-23
1629675,Naz Reid,Naz,1610612750,MIN,23.0,68,32,36,0.471,1250.9083333333333,310,577,0.537,75,217,0.346,86,127,0.677,73,260,333,77,92,42,53,33,176,110,781,-128,1489.1,4,0,1456.0,1553.0,28,35,84,65,45,27,23,62,15,15,41,41,43,70,55,47,49,38,29,30,32,75,77,46,27,93,39,48,6,35,37,1,2022-23
1629674,Neemias Queta,Neemias,1610612758,SAC,23.0,5,1,4,0.2,28.69,6,9,0.667,0,0,0.0,0,2,0.0,5,6,11,1,1,0,2,0,7,2,12,-30,31.7,0,0,28.0,31.0,103,103,6,102,102,100,101,12,78,96,78,104,101,104,99,102,100,100,101,103,95,1,7,101,101,67,102,76,6,101,102,1,2022-23
203457,Nerlens Noel,Nerlens,1610612751,BKN,29.0,17,4,13,0.235,194.68,13,36,0.361,1,2,0.5,8,12,0.667,10,36,46,10,13,16,10,2,32,16,35,-75,170.2,0,0,144.0,179.0,92,97,18,100,90,98,92,102,68,81,7,92,93,74,93,88,92,89,91,63,85,13,17,90,98,78,91,76,6,92,91,2,2022-23
1629651,Nic Claxton,Nic,1610612751,BKN,24.0,76,41,35,0.539,2270.6566666666668,414,587,0.705,0,2,0.0,133,246,0.541,184,518,702,144,96,65,189,29,212,220,961,119,2685.4,28,0,2315.0,2713.0,14,13,80,38,10,16,22,8,78,81,78,26,15,92,18,10,10,17,26,7,2,71,92,18,18,21,10,14,6,13,12,1,2022-23
1630208,Nick Richards,Nick,1610612766,CHA,25.0,65,21,44,0.323,1217.675,197,313,0.629,1,1,1.0,137,183,0.749,147,269,416,38,59,11,71,38,154,159,532,-113,1275.2,14,0,1151.0,1270.0,38,68,97,90,47,44,49,30,68,88,1,25,27,45,27,44,38,62,45,76,22,83,71,30,44,88,44,27,6,45,46,1,2022-23
203999,Nikola Jokić,Nikola,1610612743,DEN,28.0,69,48,21,0.696,2323.0066666666667,646,1022,0.632,57,149,0.383,341,415,0.822,167,650,817,678,247,87,47,49,174,392,1690,640,3842.4,58,29,3510.0,4265.0,25,2,33,5,7,3,6,28,21,23,24,6,6,19,21,3,3,1,1,2,38,95,76,3,4,1,1,2,1,2,1,1,2022-23
202696,Nikola Vučević,Nikola,1610612741,CHI,32.0,82,40,42,0.488,2746.355,597,1148,0.52,121,347,0.349,132,158,0.835,159,744,903,265,139,60,57,44,179,174,1447,-20,3140.1,51,1,2970.0,3231.0,1,17,95,56,1,5,3,71,6,5,39,27,33,15,23,1,2,6,10,10,30,90,78,24,9,62,5,3,4,5,5,1,2022-23
1630846,Olivier Sarr,Olivier,1610612760,OKC,24.0,9,5,4,0.556,113.64166666666667,15,30,0.5,1,8,0.125,5,7,0.714,12,19,31,4,4,1,5,0,17,12,36,14,93.2,1,0,84.0,93.0,96,94,6,34,95,95,94,77,68,65,73,95,96,55,91,94,94,95,96,100,90,1,13,91,97,44,96,67,6,97,96,1,2022-23
1630209,Omer Yurtseven,Omer,1610612748,MIA,25.0,9,5,4,0.556,83.23166666666667,16,27,0.593,3,7,0.429,5,6,0.833,8,15,23,2,4,2,2,1,16,9,40,10,78.6,0,0,76.0,79.0,96,94,6,34,98,93,97,41,59,67,13,95,97,16,94,96,96,99,96,94,95,9,11,97,96,47,98,76,6,98,98,1,2022-23
1630168,Onyeka Okongwu,Onyeka,1610612737,ATL,22.0,80,41,39,0.513,1848.555,317,497,0.638,4,13,0.308,153,196,0.781,217,359,576,81,81,56,107,43,251,166,791,63,2011.7,12,0,1778.0,2018.0,3,13,90,49,25,26,33,24,55,56,52,19,22,29,13,27,21,37,33,15,10,89,103,26,26,30,25,30,6,25,25,1,2022-23
1631115,Orlando Robinson,Orlando,1610612748,MIA,22.0,31,18,13,0.581,425.15,47,89,0.528,0,6,0.0,22,31,0.71,48,78,126,25,16,12,12,8,53,33,116,27,360.7,0,0,315.0,364.0,85,72,18,26,79,85,83,67,78,69,78,78,80,57,73,81,79,77,85,74,81,27,25,78,86,35,82,76,6,83,82,1,2022-23
1629057,Robert Williams III,Robert,1610612738,BOS,25.0,35,24,11,0.686,823.55,127,170,0.747,0,1,0.0,25,41,0.61,104,188,292,50,34,22,48,12,68,43,279,173,880.4,6,0,761.0,881.0,83,60,14,6,59,59,67,4,78,88,78,73,75,86,42,53,52,56,66,49,36,42,33,72,62,14,56,45,6,58,56,1,2022-23
201577,Robin Lopez,Robin,1610612739,CLE,35.0,37,25,12,0.676,298.49833333333333,48,75,0.64,2,4,0.5,14,18,0.778,23,28,51,19,25,2,8,7,43,27,112,-58,206.7,0,0,204.0,231.0,79,58,17,8,84,84,86,21,65,74,7,87,87,31,87,92,91,79,74,94,86,24,22,86,87,76,88,76,6,88,88,1,2022-23
203497,Rudy Gobert,Rudy,1610612750,MIN,31.0,70,34,36,0.486,2148.483333333333,360,546,0.659,0,3,0.0,219,340,0.644,231,583,814,87,122,56,95,40,210,319,939,-7,2377.3,35,0,2142.0,2380.0,23,29,84,58,14,20,26,15,78,77,78,10,9,81,7,5,4,33,15,15,15,88,91,9,19,54,15,9,6,17,17,1,2022-23
1630572,Sandro Mamukelashvili,Sandro,1610612759,SAS,24.0,43,23,20,0.535,659.6533333333333,97,230,0.422,30,99,0.303,39,57,0.684,70,115,185,62,35,14,12,14,52,47,263,-114,621.0,2,0,592.0,650.0,68,62,32,42,69,66,60,98,32,33,54,65,66,67,59,68,68,48,64,72,81,44,24,69,64,90,67,57,6,65,65,2,2022-23
1630583,Santi Aldama,Santi,1610612763,MEM,22.0,77,47,30,0.61,1681.7483333333332,247,525,0.47,94,266,0.353,108,144,0.75,85,286,371,97,60,45,48,20,143,125,696,91,1505.7,4,0,1444.0,1540.0,12,4,62,18,31,37,29,92,9,9,38,36,36,43,50,38,45,30,44,25,36,60,66,41,33,25,38,48,6,37,38,1,2022-23
203500,Steven Adams,Steven,1610612763,MEM,29.0,42,28,14,0.667,1133.2916666666667,157,263,0.597,0,1,0.0,47,129,0.364,214,271,485,97,79,36,46,14,98,131,361,243,1255.5,15,0,1107.0,1286.0,70,49,21,9,48,55,56,39,78,88,78,60,42,100,14,42,28,30,34,38,40,44,47,36,58,8,45,26,6,48,44,1,2022-23
1628418,Thomas Bryant,Thomas,1610612743,DEN,25.0,59,33,26,0.559,1081.4866666666667,230,369,0.623,26,59,0.441,93,126,0.738,86,253,339,31,38,16,30,33,102,98,579,-93,1132.3,9,0,1067.0,1118.0,49,33,51,33,50,39,44,32,34,39,12,40,44,51,48,48,48,71,61,63,55,75,50,49,42,84,49,35,6,50,52,2,2022-23
1628396,Tony Bradley,Tony,1610612741,CHI,25.0,12,5,7,0.417,33.365,6,12,0.5,3,5,0.6,4,4,1.0,1,10,11,1,1,1,1,0,2,2,19,11,38.7,0,0,38.0,38.0,94,94,12,77,101,100,100,77,59,71,3,98,99,1,104,100,100,100,101,100,100,1,2,101,100,46,100,76,6,100,100,1,2022-23
1628962,Udoka Azubuike,Udoka,1610612762,UTA,23.0,36,17,19,0.472,358.535,59,72,0.819,0,0,0.0,7,20,0.35,31,88,119,11,18,6,15,3,34,19,125,-83,329.3,0,0,297.0,329.0,80,75,27,63,81,81,87,1,78,96,78,94,86,102,82,74,82,87,83,82,76,15,19,89,84,81,84,76,6,84,84,1,2022-23
1630176,Vernon Carey Jr.,Vernon,1610612762,UTA,22.0,11,8,3,0.727,28.483333333333334,2,8,0.25,0,0,0.0,2,2,1.0,3,8,11,3,2,2,2,1,5,1,6,-10,33.7,0,0,28.0,35.0,95,90,3,3,103,103,102,105,78,96,78,100,101,1,101,101,100,98,99,94,95,9,4,104,103,58,101,76,6,101,101,1,2022-23
1631117,Walker Kessler,Walker,1610612762,UTA,21.0,74,34,40,0.459,1703.2066666666667,298,414,0.72,1,3,0.333,82,159,0.516,231,389,620,69,58,26,173,34,169,126,679,72,2065.5,20,0,1767.0,2034.0,20,29,93,69,29,28,40,7,68,77,44,43,32,94,7,21,19,43,47,47,4,77,74,38,35,28,23,20,6,27,24,1,2022-23
1628976,Wendell Carter Jr.,Wendell,1610612753,ORL,24.0,57,26,31,0.456,1689.54,322,613,0.525,80,225,0.356,144,195,0.738,120,377,497,132,106,30,33,18,159,163,868,-41,1745.4,21,0,1703.0,1818.0,52,54,65,71,30,25,21,70,13,14,35,23,23,49,33,24,27,20,24,41,52,54,72,29,22,72,28,19,6,28,28,1,2022-23
1626195,Willy Hernangomez,Willy,1610612740,NOP,29.0,38,23,15,0.605,457.6616666666667,89,169,0.527,3,11,0.273,81,104,0.779,58,122,180,33,39,17,13,18,64,83,262,19,578.5,2,0,538.0,598.0,75,62,24,20,76,68,69,69,59,61,59,45,50,30,67,66,69,67,60,59,79,54,29,53,66,39,70,57,6,69,70,1,2022-23
1628380,Zach Collins,Zach,1610612759,SAS,25.0,63,20,43,0.317,1440.5966666666666,284,548,0.518,55,147,0.374,108,142,0.761,116,286,402,180,129,37,49,35,199,147,731,-239,1612.4,9,0,1540.0,1751.0,42,69,96,91,40,30,25,73,22,24,27,36,37,36,35,38,41,13,12,34,35,80,85,32,30,101,34,35,6,30,29,1,2022-23
1630192,Zeke Nnaji,Zeke,1610612743,DEN,22.0,53,34,19,0.642,727.7983333333333,110,196,0.561,17,65,0.262,40,62,0.645,65,73,138,18,31,17,23,12,105,61,277,-97,558.6,1,0,530.0,571.0,58,29,27,15,66,65,64,47,40,38,61,63,63,80,63,84,74,80,69,59,66,42,51,60,63,86,72,67,6,72,73,1,2022-23
201143,Al Horford,Al,1610612738,BOS,38.0,65,51,14,0.785,1739.7966666666666,214,419,0.511,108,258,0.419,26,30,0.867,82,331,413,168,48,38,62,11,93,29,562,421,1561.6,3,0,1451.0,1611.0,30,5,21,4,29,44,37,67,10,12,7,65,73,10,52,28,32,18,49,34,27,31,45,73,40,3,36,47,9,35,35,1,2023-24
203458,Alex Len,Alex,1610612758,SAC,31.0,48,24,24,0.5,444.245,50,81,0.617,0,3,0.0,20,34,0.588,46,82,128,50,27,11,33,10,66,26,120,142,453.6,0,0,386.0,480.0,61,54,48,57,74,77,78,24,67,67,67,72,70,86,72,75,74,60,66,71,51,27,36,76,77,22,73,73,9,75,72,1,2023-24
1630578,Alperen Sengun,Alperen,1610612745,HOU,21.0,63,29,34,0.46,2045.635,527,982,0.537,33,111,0.297,244,352,0.693,183,406,589,312,162,76,46,75,211,326,1331,49,2709.8,29,2,2509.0,2910.0,33,41,78,64,15,7,8,56,28,28,46,13,9,65,16,21,19,4,6,8,40,97,93,9,11,32,10,15,3,10,8,1,2023-24
203083,Andre Drummond,Andre,1610612741,CHI,30.0,79,37,42,0.468,1351.2516666666668,267,480,0.556,0,3,0.0,129,218,0.592,265,443,708,37,81,73,48,42,140,186,663,26,1850.1,18,0,1650.0,1808.0,6,25,91,63,40,33,34,51,67,67,67,25,18,85,4,14,13,67,29,11,37,80,67,22,33,36,31,25,9,32,32,1,2023-24
203076,Anthony Davis,Anthony,1610612747,LAL,31.0,76,45,31,0.592,2700.2433333333333,713,1283,0.556,29,107,0.271,421,516,0.816,239,722,961,266,159,91,178,80,177,410,1876,151,4076.2,64,2,3670.0,4176.0,12,14,68,37,3,2,2,52,30,29,51,1,1,22,7,3,4,8,9,2,4,99,82,2,2,20,2,3,3,2,3,1,2023-24
1628389,Bam Adebayo,Bam,1610612748,MIA,26.0,71,40,31,0.563,2416.4733333333334,530,1017,0.521,15,42,0.357,292,387,0.755,159,578,737,278,162,81,66,46,159,343,1367,50,2947.4,42,2,2691.0,3101.0,20,22,68,46,7,6,7,64,42,42,29,5,7,42,22,8,10,6,6,5,25,83,74,7,7,31,6,8,3,7,6,1,2023-24
202687,Bismack Biyombo,Bismack,1610612760,OKC,31.0,40,20,20,0.5,791.4616666666667,74,131,0.565,0,0,0.0,26,54,0.481,62,147,209,53,42,11,37,13,89,46,174,-65,606.3,2,0,532.0,633.0,72,65,38,57,59,68,71,48,67,83,67,65,61,95,63,58,61,58,56,71,49,41,43,66,70,72,64,51,9,64,64,2,2023-24
1626246,Boban Marjanovic,Boban,1610612745,HOU,35.0,14,9,5,0.643,70.91,18,34,0.529,0,2,0.0,9,14,0.643,7,25,32,6,5,1,2,3,5,14,45,-20,96.4,0,0,89.0,98.0,95,83,7,20,95,88,88,60,67,74,67,85,86,76,96,90,92,87,90,96,96,13,4,84,88,58,93,73,9,92,92,1,2023-24
1629626,Bol Bol,Bol,1610612756,PHX,24.0,43,28,15,0.651,469.0283333333333,93,151,0.616,22,52,0.423,15,19,0.789,32,105,137,17,19,10,25,3,42,11,223,13,498.9,1,0,469.0,499.0,70,45,23,19,72,63,65,25,37,41,6,81,83,31,80,66,72,81,75,73,59,13,22,86,63,40,68,60,9,67,69,1,2023-24
201572,Brook Lopez,Brook,1610612749,MIL,36.0,79,48,31,0.608,2411.1516666666666,366,755,0.485,148,404,0.366,110,134,0.821,117,292,409,127,79,43,189,22,191,120,990,278,2288.3,5,0,2138.0,2349.0,6,7,68,32,9,22,17,77,3,3,24,31,33,20,32,34,34,25,30,24,3,55,85,34,21,9,18,41,9,17,18,1,2023-24
1628981,Bruno Fernando,Bruno,1610612737,ATL,25.0,45,20,25,0.444,682.3033333333333,109,187,0.583,0,4,0.0,64,96,0.667,59,134,193,46,44,25,28,23,107,75,282,-96,697.6,0,0,627.0,726.0,68,65,51,67,63,57,59,37,67,65,67,46,43,72,66,62,64,62,52,51,55,58,52,54,58,78,61,73,9,59,61,1,2023-24
1629646,Charles Bassey,Charles,1610612759,SAS,23.0,19,3,16,0.158,205.275,29,40,0.725,0,1,0.0,5,6,0.833,23,53,76,21,15,8,17,1,31,10,63,-46,245.7,0,0,210.0,256.0,88,94,27,98,85,84,86,2,67,77,67,94,94,15,84,82,83,78,81,77,71,6,18,88,85,67,83,73,9,83,83,1,2023-24
1631096,Chet Holmgren,Chet,1610612760,OKC,22.0,82,57,25,0.695,2412.7966666666666,505,953,0.53,129,349,0.37,218,275,0.793,129,519,648,200,131,53,190,65,197,250,1357,423,3032.6,23,0,2820.0,3134.0,1,1,51,11,8,10,9,59,5,6,23,16,16,29,28,11,15,13,14,16,2,92,89,14,8,2,5,18,9,5,5,1,2023-24
1629002,Chimezie Metu,Chimezie,1610612765,DET,27.0,51,24,27,0.471,858.9066666666666,123,244,0.504,28,94,0.298,58,64,0.906,41,153,194,46,52,43,16,16,71,50,332,-109,758.8,1,0,718.0,795.0,57,54,58,62,57,56,52,70,31,31,45,50,57,5,75,57,63,62,45,24,73,46,39,63,54,82,57,60,9,57,56,2,2023-24
203991,Clint Capela,Clint,1610612737,ATL,30.0,73,33,40,0.452,1883.0866666666666,353,618,0.571,0,1,0.0,130,206,0.631,335,441,776,91,74,43,106,69,164,170,836,-17,2276.7,38,0,2001.0,2241.0,19,33,87,66,21,24,23,45,67,77,67,24,19,79,1,15,8,38,35,24,11,95,78,23,26,56,19,10,9,22,21,1,2023-24
203469,Cody Zeller,Cody,1610612740,NOP,31.0,43,26,17,0.605,319.70666666666665,26,62,0.419,1,3,0.333,23,38,0.605,48,64,112,39,16,9,5,10,45,37,76,46,294.9,0,0,256.0,308.0,70,51,30,33,80,85,83,95,59,67,32,70,69,83,71,78,79,66,79,75,91,27,23,68,83,33,80,73,9,80,80,1,2023-24
1630658,Colin Castleton,Colin,1610612747,LAL,24.0,16,9,7,0.563,59.08,9,16,0.563,0,0,0.0,6,6,1.0,6,6,12,3,3,2,0,2,11,3,24,-44,45.9,0,0,43.0,48.0,90,83,12,47,97,96,98,49,67,83,67,90,94,1,97,98,97,94,93,92,99,9,8,96,96,66,98,73,9,98,98,1,2023-24
1627745,Damian Jones,Damian,1610612739,CLE,29.0,39,24,15,0.615,269.7316666666667,43,72,0.597,3,14,0.214,18,21,0.857,20,42,62,15,13,7,13,3,27,20,107,-91,250.9,0,0,227.0,259.0,73,54,23,29,83,78,80,34,52,52,57,77,82,12,85,84,85,83,84,80,78,13,16,82,79,77,82,73,9,82,82,1,2023-24
1629655,Daniel Gafford,Daniel,1610612742,DAL,25.0,74,30,44,0.405,1814.355,348,480,0.725,0,0,0.0,118,175,0.674,195,367,562,115,74,65,153,34,227,160,814,-102,2240.9,15,0,1927.0,2260.0,18,37,92,72,23,26,34,2,67,83,67,29,27,71,12,23,21,27,35,12,7,70,95,25,28,79,20,28,9,24,19,2,2023-24
1628464,Daniel Theis,Daniel,1610612746,LAC,32.0,60,38,22,0.633,1014.84,156,293,0.532,26,71,0.366,38,50,0.76,85,159,244,61,42,21,51,27,127,58,376,62,934.3,1,0,851.0,958.0,44,23,45,22,51,50,50,57,34,34,25,62,65,40,50,55,55,51,56,57,36,64,63,60,51,29,54,60,9,53,54,2,2023-24
203967,Dario Saric,Dario,1610612744,GSW,30.0,64,35,29,0.547,1097.7516666666668,181,388,0.466,74,197,0.376,79,93,0.849,73,210,283,144,78,31,10,25,112,95,515,-21,1115.6,2,0,1098.0,1209.0,31,29,65,53,48,47,39,86,19,19,18,38,44,13,56,50,51,23,32,45,82,62,55,41,44,59,46,51,9,45,45,1,2023-24
1630549,Day'Ron Sharpe,Day'Ron,1610612751,BKN,22.0,61,25,36,0.41,920.575,168,294,0.571,4,15,0.267,75,123,0.61,161,228,389,85,70,24,44,29,131,106,415,64,1143.3,6,0,1029.0,1178.0,39,53,81,70,55,48,49,44,49,50,52,39,36,82,20,45,36,40,38,53,41,67,64,36,49,28,45,37,9,48,46,1,2023-24
201599,DeAndre Jordan,DeAndre,1610612743,DEN,35.0,36,24,12,0.667,395.71666666666664,58,93,0.624,0,0,0.0,26,53,0.491,54,103,157,26,23,6,16,11,56,48,142,-88,412.4,1,0,369.0,417.0,76,54,16,15,76,75,77,22,67,83,67,65,63,94,69,67,68,74,69,84,73,31,33,65,76,74,76,60,9,76,78,1,2023-24
1629731,Dean Wade,Dean,1610612739,CLE,27.0,54,36,18,0.667,1108.08,96,232,0.414,79,202,0.391,20,26,0.769,37,181,218,43,20,40,25,3,93,37,291,177,792.1,0,0,761.0,790.0,55,26,35,15,47,62,54,96,17,18,12,72,76,39,78,51,58,64,74,30,59,13,45,68,57,17,56,73,9,55,57,1,2023-24
1629028,Deandre Ayton,Deandre,1610612757,POR,25.0,55,14,41,0.255,1783.4983333333332,427,749,0.57,1,10,0.1,65,79,0.823,176,433,609,90,99,56,42,41,109,78,920,-318,1980.8,32,0,1816.0,2003.0,49,76,89,87,25,14,19,46,59,55,66,45,54,18,17,16,18,39,22,15,42,78,54,52,22,97,27,12,9,27,29,1,2023-24
1641726,Dereck Lively II,Dereck,1610612742,DAL,20.0,55,35,20,0.636,1294.2816666666668,221,296,0.747,0,2,0.0,41,81,0.506,135,243,378,60,50,36,77,20,144,75,483,144,1315.6,8,0,1147.0,1320.0,49,29,38,21,43,43,48,1,67,74,67,60,53,91,27,41,38,52,47,36,17,53,69,54,47,21,42,32,9,44,42,1,2023-24
1631376,Dmytro Skapintsev,Dmytro,1610612752,NYK,26.0,2,0,2,0.0,2.1333333333333333,0,1,0.0,0,0,0.0,0,0,0.0,0,0,0,0,0,0,0,0,0,0,0,0,0.0,0,0,0.0,0.0,101,101,2,101,101,101,101,101,67,83,67,100,101,100,100,101,101,100,99,99,99,1,1,101,101,50,101,73,9,101,101,1,2023-24
1627734,Domantas Sabonis,Domantas,1610612758,SAC,28.0,82,46,36,0.561,2928.0216666666665,634,1068,0.594,33,87,0.379,292,415,0.704,294,826,1120,673,272,74,48,86,250,375,1593,69,4040.5,77,26,3663.0,4425.0,1,11,81,48,1,3,6,35,28,33,17,5,5,63,2,1,1,2,1,9,37,100,100,6,3,27,3,1,1,3,2,1,2023-24
1629234,Drew Eubanks,Drew,1610612756,PHX,27.0,75,42,33,0.56,1168.705,152,253,0.601,3,3,1.0,72,93,0.774,103,219,322,63,61,27,61,23,115,91,379,-106,1062.9,0,0,943.0,1091.0,16,17,75,49,46,51,51,31,52,67,1,40,44,36,41,48,47,49,44,47,28,58,58,43,50,80,50,73,9,50,50,1,2023-24
1641871,Duop Reath,Duop,1610612757,POR,28.0,68,17,51,0.25,1214.115,230,499,0.461,88,245,0.359,69,93,0.742,93,157,250,67,52,33,38,35,161,94,617,-188,1178.5,1,0,1164.0,1214.0,25,71,98,88,45,39,32,89,13,13,27,44,44,50,48,56,54,46,45,41,45,71,76,42,36,91,44,60,9,43,44,1,2023-24
203939,Dwight Powell,Dwight,1610612742,DAL,32.0,63,38,25,0.603,836.3033333333333,72,106,0.679,1,3,0.333,63,89,0.708,97,117,214,84,32,26,20,12,113,105,208,3,696.8,1,0,599.0,728.0,33,23,51,34,58,72,74,10,59,67,32,48,48,59,43,64,59,41,63,48,63,35,57,37,66,48,62,60,9,61,60,1,2023-24
1630596,Evan Mobley,Evan,1610612739,CLE,23.0,50,29,21,0.58,1532.35,320,552,0.58,22,59,0.373,123,171,0.719,111,357,468,160,90,45,72,39,134,137,785,33,1847.6,22,0,1669.0,1924.0,58,41,43,41,33,29,29,39,37,40,21,26,28,56,37,25,26,19,27,23,21,74,66,31,30,35,32,20,9,31,30,1,2023-24
1630196,Filip Petrusev,Filip,1610612755,PHI,24.0,3,2,1,0.667,9.31,1,2,0.5,0,0,0.0,1,2,0.5,0,1,1,0,0,0,0,0,1,1,3,6,4.2,0,0,4.0,4.0,100,97,1,15,100,100,100,72,67,83,67,99,97,92,100,100,100,100,99,99,99,1,2,99,100,47,100,73,9,100,100,2,2023-24
1629048,Goga Bitadze,Goga,1610612753,ORL,24.0,62,34,28,0.548,957.0866666666667,126,209,0.603,2,14,0.143,57,87,0.655,109,177,286,79,44,32,72,16,107,79,311,26,1040.7,5,0,886.0,1067.0,37,31,61,52,53,54,55,29,56,52,64,51,49,75,39,52,50,42,52,44,21,46,52,50,55,36,51,41,9,52,51,1,2023-24
1628385,Harry Giles III,Harry,1610612747,LAL,26.0,23,11,12,0.478,99.92,23,50,0.46,3,14,0.214,7,13,0.538,12,18,30,6,6,2,3,2,15,10,56,-41,110.0,0,0,105.0,113.0,84,81,16,60,93,86,85,90,52,52,57,88,87,90,89,94,95,87,88,92,93,9,10,88,86,65,91,73,9,90,90,2,2023-24
1630641,Ibou Badji,Ibou,1610612757,POR,21.0,22,5,17,0.227,225.81833333333333,14,22,0.636,0,0,0.0,6,12,0.5,20,31,51,13,15,3,20,3,46,14,34,-90,168.7,0,0,144.0,180.0,85,90,30,91,84,92,94,19,67,83,67,90,89,92,85,87,86,84,81,89,63,13,25,84,92,75,86,73,9,87,85,1,2023-24
1628392,Isaiah Hartenstein,Isaiah,1610612752,NYK,26.0,75,47,28,0.627,1896.3483333333334,235,365,0.644,1,3,0.333,111,157,0.707,244,382,626,188,93,87,85,29,210,136,582,406,2038.2,10,0,1741.0,2100.0,16,10,61,26,20,37,43,18,59,67,32,30,31,61,5,22,16,16,25,4,13,67,92,33,39,6,24,30,9,29,25,1,2023-24
1630191,Isaiah Stewart,Isaiah,1610612765,DET,23.0,46,9,37,0.196,1422.8166666666666,186,382,0.487,67,175,0.383,64,85,0.753,74,231,305,73,66,17,38,17,99,82,503,-133,1077.5,5,0,1058.0,1119.0,63,83,84,95,36,46,40,76,20,21,16,46,51,44,55,42,49,45,41,61,45,50,49,49,45,84,49,41,9,47,49,1,2023-24
1627826,Ivica Zubac,Ivica,1610612746,LAC,27.0,68,42,26,0.618,1794.4483333333333,337,519,0.649,0,0,0.0,120,166,0.723,196,430,626,93,79,22,83,40,180,137,794,184,1920.7,23,0,1723.0,1921.0,25,17,57,28,24,27,31,15,67,83,67,28,29,54,11,17,16,37,30,55,14,76,83,31,29,16,29,18,9,30,31,1,2023-24
201580,JaVale McGee,JaVale,1610612758,SAC,36.0,46,28,18,0.609,339.3616666666667,79,132,0.598,1,7,0.143,26,45,0.578,42,84,126,17,34,14,20,5,46,39,185,7,429.7,0,0,397.0,447.0,63,45,35,31,78,66,70,33,59,59,64,65,68,87,74,73,75,81,61,65,63,22,25,67,69,45,74,73,9,73,74,1,2023-24
1627751,Jakob Poeltl,Jakob,1610612761,TOR,28.0,50,21,29,0.42,1319.1083333333333,248,378,0.656,0,0,0.0,59,107,0.551,146,283,429,127,77,35,76,37,149,99,555,-17,1516.3,20,0,1333.0,1571.0,58,64,65,68,41,35,41,12,67,83,67,49,39,88,24,35,29,25,33,37,18,72,71,38,42,56,37,22,9,39,39,1,2023-24
1631105,Jalen Duren,Jalen,1610612765,DET,20.0,61,13,48,0.213,1777.4816666666666,349,564,0.619,0,4,0.0,143,181,0.79,192,517,709,147,129,33,47,47,192,149,841,-311,2023.3,44,0,1857.0,2084.0,39,78,96,92,26,25,28,23,67,65,67,22,24,30,14,12,12,21,15,41,39,84,87,28,24,96,26,6,9,26,27,1,2023-24
1630188,Jalen Smith,Jalen,1610612754,IND,24.0,61,36,25,0.59,1046.625,234,395,0.592,61,144,0.424,72,104,0.692,112,225,337,63,44,17,38,13,124,96,601,-13,1220.9,5,0,1172.0,1229.0,39,26,51,38,50,38,38,36,22,24,5,40,40,66,35,47,45,49,52,61,45,41,61,40,38,53,43,41,9,42,43,1,2023-24
1630164,James Wiseman,James,1610612765,DET,23.0,63,9,54,0.143,1091.0433333333333,187,305,0.613,0,2,0.0,72,102,0.706,110,226,336,54,66,12,39,20,141,84,446,-325,1017.2,7,0,938.0,1043.0,33,83,101,99,49,45,47,27,67,74,67,40,41,62,38,46,46,56,41,68,44,53,68,48,48,98,52,35,9,51,52,1,2023-24
1628991,Jaren Jackson Jr.,Jaren,1610612763,MEM,24.0,66,22,44,0.333,2124.18,516,1161,0.444,117,366,0.32,337,417,0.808,85,280,365,154,160,80,106,121,235,378,1486,-340,2553.0,5,0,2494.0,2717.0,29,61,92,80,10,9,5,91,7,5,42,4,4,24,50,36,41,20,8,7,11,101,98,5,5,99,12,41,9,11,12,1,2023-24
1628386,Jarrett Allen,Jarrett,1610612739,CLE,26.0,77,46,31,0.597,2442.0616666666665,519,819,0.634,0,6,0.0,233,314,0.742,243,568,811,210,121,53,81,75,147,329,1271,201,2840.2,42,0,2560.0,2904.0,10,11,68,36,6,8,16,20,67,60,67,15,11,49,6,9,6,12,16,16,15,97,70,8,14,15,9,8,9,9,9,1,2023-24
1629637,Jaxson Hayes,Jaxson,1610612747,LAL,24.0,70,41,29,0.586,877.1333333333333,126,175,0.72,0,8,0.0,51,82,0.622,69,142,211,33,43,34,29,16,123,79,303,-107,751.7,2,0,673.0,769.0,23,20,65,39,56,54,61,4,67,57,67,55,52,80,61,60,60,70,55,39,54,46,60,50,56,81,58,51,9,58,58,1,2023-24
1630643,Jay Huff,Jay,1610612743,DEN,26.0,20,16,4,0.8,49.325,9,15,0.6,3,9,0.333,2,2,1.0,2,9,11,2,1,2,3,0,9,1,23,-9,53.2,0,0,49.0,53.0,87,75,3,2,98,96,99,32,52,56,32,97,97,1,99,96,98,96,98,92,93,1,6,99,97,51,97,73,9,97,97,1,2023-24
1630579,Jericho Sims,Jericho,1610612752,NYK,25.0,45,30,15,0.667,584.7833333333333,38,55,0.691,0,0,0.0,16,24,0.667,56,91,147,25,16,8,19,2,45,26,92,-10,370.9,0,0,318.0,370.0,68,37,23,15,66,80,84,8,67,83,67,80,81,72,68,71,69,75,79,77,68,9,23,76,82,52,79,73,9,79,79,1,2023-24
1629111,Jock Landale,Jock,1610612745,HOU,28.0,56,28,28,0.5,763.46,106,206,0.515,10,40,0.25,52,65,0.8,88,84,172,65,31,20,33,22,74,59,274,161,705.9,1,0,627.0,735.0,48,45,61,57,61,58,56,66,43,43,54,54,56,25,49,73,67,48,64,58,51,55,40,59,59,18,60,60,9,59,59,1,2023-24
203954,Joel Embiid,Joel,1610612755,PHI,30.0,39,31,8,0.795,1309.3716666666667,450,851,0.529,54,139,0.388,399,452,0.883,95,335,430,219,150,46,66,52,112,295,1353,267,2383.5,30,2,2280.0,2557.0,73,34,14,3,42,13,13,61,25,25,14,2,2,7,45,27,28,11,12,21,25,87,55,10,9,10,15,13,3,15,14,1,2023-24
1628381,John Collins,John,1610612762,UTA,26.0,68,27,41,0.397,1901.06,397,746,0.532,86,232,0.371,147,185,0.795,157,418,575,77,98,40,61,73,191,164,1027,-307,2037.5,24,0,1967.0,2059.0,25,49,89,75,19,19,20,58,14,16,22,21,23,27,23,20,20,43,23,30,28,96,85,24,19,95,25,17,9,23,28,1,2023-24
202685,Jonas Valanciunas,Jonas,1610612740,NOP,32.0,82,49,33,0.598,1924.8316666666667,402,719,0.559,37,120,0.308,161,205,0.785,186,535,721,173,111,33,68,47,218,196,1002,158,2318.7,33,0,2135.0,2372.0,1,6,75,35,18,18,21,50,27,26,44,19,20,33,15,10,11,17,19,41,23,84,94,20,20,19,17,11,9,18,17,1,2023-24
1629007,Jontay Porter,Jontay,1610612765,DET,24.0,26,6,20,0.231,359.73833333333334,40,104,0.385,20,60,0.333,15,18,0.833,26,56,82,60,21,20,20,3,35,11,115,-72,402.4,0,0,357.0,437.0,80,89,38,90,77,79,75,97,40,39,32,81,84,15,83,80,82,52,71,58,63,13,19,86,78,73,78,73,9,78,75,1,2023-24
203944,Julius Randle,Julius,1610612752,NYK,29.0,46,29,17,0.63,1630.095,395,836,0.472,76,244,0.311,236,302,0.781,99,324,423,229,159,25,12,64,125,219,1102,218,1905.1,18,1,1904.0,2094.0,63,41,30,24,31,20,15,84,18,14,43,14,12,34,42,30,30,10,9,51,80,90,62,18,16,13,30,25,8,25,26,1,2023-24
203994,Jusuf Nurkić,Jusuf,1610612756,PHX,29.0,76,48,28,0.632,2078.035,320,627,0.51,22,90,0.244,167,261,0.64,224,613,837,301,175,81,80,58,254,231,829,404,2592.9,28,0,2311.0,2751.0,12,7,61,23,13,29,22,68,37,32,56,17,17,77,8,5,5,5,5,5,16,89,101,17,27,7,11,16,9,14,11,1,2023-24
1626157,Karl-Anthony Towns,Karl-Anthony,1610612750,MIN,28.0,62,42,20,0.677,2025.565,479,951,0.504,136,327,0.416,255,292,0.873,94,421,515,189,177,43,41,67,204,262,1349,321,2325.5,22,0,2357.0,2494.0,37,17,38,14,16,11,10,71,4,7,8,9,14,8,46,18,24,15,4,24,43,93,90,13,10,8,16,20,9,13,15,1,2023-24
203482,Kelly Olynyk,Kelly,1610612761,TOR,33.0,78,31,47,0.397,1758.73,276,497,0.555,60,155,0.387,150,180,0.833,108,303,411,347,152,74,30,22,230,199,762,-262,1935.7,6,0,1788.0,2179.0,9,34,95,74,28,32,33,53,23,23,15,20,25,15,40,33,33,3,11,9,53,55,96,19,32,92,28,37,9,28,22,2,2023-24
201567,Kevin Love,Kevin,1610612748,MIA,35.0,55,31,24,0.564,924.2633333333333,158,359,0.44,84,244,0.344,85,108,0.787,59,279,338,115,48,18,10,9,97,98,485,109,1099.1,6,0,1078.0,1137.0,49,34,48,45,54,49,45,92,15,14,31,37,38,32,66,38,44,27,49,60,82,26,47,39,46,24,47,37,9,46,47,1,2023-24
204001,Kristaps Porziņģis,Kristaps,1610612738,BOS,28.0,57,43,14,0.754,1689.9483333333333,388,752,0.516,110,293,0.375,259,302,0.858,97,312,409,115,89,42,111,18,156,280,1145,417,2178.3,13,0,2085.0,2243.0,46,16,21,6,30,21,18,65,9,11,19,8,12,11,43,32,34,27,28,29,10,51,73,11,15,4,21,29,9,19,20,1,2023-24
1626204,Larry Nance Jr.,Larry,1610612740,NOP,31.0,61,34,27,0.557,1216.1383333333333,138,241,0.573,27,65,0.415,47,61,0.77,94,213,307,113,49,61,19,15,98,75,350,71,1078.9,2,0,957.0,1123.0,39,31,58,50,44,53,53,43,33,36,9,57,60,38,46,49,48,30,48,14,68,45,48,54,52,26,48,51,9,49,48,1,2023-24
1628374,Lauri Markkanen,Lauri,1610612762,UTA,27.0,55,22,33,0.4,1819.7466666666667,427,890,0.48,175,439,0.399,249,277,0.899,122,327,449,110,77,50,26,45,100,243,1278,21,2132.8,19,0,2164.0,2175.0,49,61,75,73,22,14,12,81,1,1,11,10,15,6,29,29,27,31,33,19,58,82,50,15,13,38,22,23,9,16,23,1,2023-24
1630568,Luka Garza,Luka,1610612750,MIN,25.0,25,17,8,0.68,121.84,36,75,0.48,9,32,0.281,18,25,0.72,19,12,31,4,6,4,1,5,24,21,99,7,151.2,0,0,153.0,153.0,81,71,14,13,88,81,79,80,44,44,50,77,77,55,87,95,94,91,88,87,97,22,15,81,80,45,87,73,9,85,87,1,2023-24
1628436,Luke Kornet,Luke,1610612738,BOS,28.0,63,48,15,0.762,983.31,142,203,0.7,1,1,1.0,49,54,0.907,118,143,261,67,21,23,61,12,77,68,334,218,978.7,1,0,831.0,981.0,33,7,23,5,52,52,57,5,59,77,1,56,61,4,30,59,53,46,71,54,28,35,41,57,53,13,53,60,9,54,53,1,2023-24
1642013,Malik Williams,Malik,1610612761,TOR,25.0,7,2,5,0.286,106.50833333333334,9,34,0.265,1,5,0.2,0,2,0.0,15,23,38,2,3,3,4,7,15,2,19,-56,85.6,0,0,74.0,82.0,98,97,7,83,92,96,88,100,59,63,61,100,97,100,88,92,88,96,93,89,92,24,10,98,98,70,95,73,9,95,95,1,2023-24
1631109,Mark Williams,Mark,1610612766,CHA,22.0,19,7,12,0.368,508.39166666666665,98,151,0.649,0,0,0.0,46,64,0.719,76,108,184,22,17,16,20,18,50,53,242,-21,586.8,8,0,520.0,578.0,88,88,16,78,71,60,65,16,67,83,67,58,57,57,54,65,65,77,78,63,63,51,28,62,62,59,65,32,9,65,65,1,2023-24
1629716,Marques Bolden,Marques,1610612766,CHA,26.0,11,5,6,0.455,121.28,17,25,0.68,0,1,0.0,3,4,0.75,10,24,34,4,3,3,7,0,10,3,37,-16,110.8,0,0,95.0,109.0,96,90,9,65,89,89,92,9,67,77,67,95,96,45,92,91,91,91,93,89,85,1,7,96,90,55,90,73,9,91,91,2,2023-24
203486,Mason Plumlee,Mason,1610612746,LAC,34.0,46,29,17,0.63,673.9266666666666,87,153,0.569,0,6,0.0,70,99,0.707,60,174,234,55,36,14,17,14,68,85,244,11,664.3,2,0,595.0,681.0,63,41,30,24,64,64,64,47,67,60,67,43,42,60,65,53,57,55,60,65,71,43,37,46,61,43,63,51,9,63,63,1,2023-24
1630695,Micah Potter,Micah,1610612762,UTA,26.0,16,3,13,0.188,186.06,19,40,0.475,9,21,0.429,6,8,0.75,10,33,43,6,5,4,6,1,14,8,53,-28,138.6,0,0,131.0,138.0,90,94,20,96,87,87,86,83,44,48,4,90,92,45,92,86,87,87,90,87,89,6,9,92,87,62,88,73,9,88,88,1,2023-24
203488,Mike Muscala,Mike,1610612760,OKC,33.0,53,17,36,0.321,600.18,56,156,0.359,28,96,0.292,17,25,0.68,39,86,125,37,22,9,13,10,52,31,157,-90,406.5,0,0,391.0,422.0,56,71,81,82,65,76,62,99,31,30,49,79,77,67,77,72,76,67,70,75,78,27,30,72,74,75,77,73,9,74,76,3,2023-24
1629011,Mitchell Robinson,Mitchell,1610612752,NYK,26.0,31,19,12,0.613,768.11,73,127,0.575,0,0,0.0,27,66,0.409,142,121,263,18,25,37,35,14,55,60,173,13,706.6,2,0,598.0,688.0,78,68,16,30,60,69,72,42,67,83,67,64,55,96,26,63,52,80,68,35,50,43,32,58,71,40,59,51,9,62,62,1,2023-24
1628964,Mo Bamba,Mo,1610612755,PHI,26.0,57,30,27,0.526,740.3516666666667,97,198,0.49,25,64,0.391,34,50,0.68,77,161,238,41,39,22,60,12,101,49,253,-47,807.1,1,0,721.0,819.0,46,37,58,56,62,61,58,75,35,37,13,63,65,67,53,54,56,65,58,55,31,35,51,64,60,68,55,60,9,56,55,1,2023-24
1629021,Moritz Wagner,Moritz,1610612753,ORL,27.0,80,46,34,0.575,1414.7366666666667,332,552,0.601,38,115,0.33,166,204,0.814,117,230,347,96,97,39,21,40,160,192,868,93,1511.4,3,0,1469.0,1587.0,5,11,78,43,37,28,29,30,26,27,39,18,21,23,32,44,43,35,24,32,61,76,75,21,23,25,38,47,9,34,37,1,2023-24
1629650,Moses Brown,Moses,1610612757,POR,24.0,22,4,18,0.182,199.97833333333332,33,65,0.508,0,0,0.0,9,31,0.29,37,49,86,7,11,5,7,12,27,29,75,-59,213.7,0,0,192.0,211.0,85,93,35,97,86,83,82,69,67,83,67,85,72,97,78,83,80,86,86,86,85,35,16,73,84,71,84,73,9,84,84,1,2023-24
1626167,Myles Turner,Myles,1610612754,IND,28.0,77,45,32,0.584,2076.4366666666665,476,909,0.524,116,324,0.358,245,317,0.773,113,420,533,100,109,39,144,42,232,263,1313,220,2542.6,17,0,2428.0,2595.0,10,14,73,40,14,12,11,63,8,8,28,12,10,37,34,19,23,34,21,32,9,80,97,12,12,12,13,27,9,12,13,1,2023-24
1641877,Nathan Mensah,Nathan,1610612766,CHA,26.0,25,3,22,0.12,306.64166666666665,12,28,0.429,0,0,0.0,9,12,0.75,29,36,65,9,14,6,14,2,64,19,33,-133,170.5,0,0,147.0,176.0,81,94,45,100,81,93,90,94,67,83,67,85,89,45,81,85,84,85,83,84,76,9,35,83,94,84,85,73,9,86,86,1,2023-24
1629675,Naz Reid,Naz,1610612750,MIN,24.0,81,56,25,0.691,1963.8283333333334,406,851,0.477,169,408,0.414,109,148,0.736,73,350,423,106,111,63,73,64,172,111,1090,248,2053.6,6,0,2060.0,2133.0,4,2,51,12,17,16,13,82,2,2,10,32,32,52,56,26,30,32,19,13,20,90,79,35,17,11,23,37,9,21,24,1,2023-24
1629674,Neemias Queta,Neemias,1610612738,BOS,24.0,28,24,4,0.857,333.21666666666664,67,104,0.644,0,0,0.0,20,28,0.714,53,69,122,20,13,13,21,12,50,24,154,135,419.4,2,0,364.0,418.0,79,54,3,1,79,74,75,17,67,83,67,72,74,58,70,77,78,79,84,67,61,35,28,80,75,23,75,51,9,77,77,1,2023-24
1629651,Nic Claxton,Nic,1610612751,BKN,25.0,71,27,44,0.38,2115.6633333333334,366,582,0.629,1,5,0.2,108,196,0.551,193,513,706,147,93,46,146,41,175,239,841,-278,2391.7,30,0,2079.0,2417.0,20,49,92,76,11,22,26,21,59,63,61,33,22,89,13,13,14,21,25,21,8,78,80,16,24,94,14,13,9,20,16,1,2023-24
1630208,Nick Richards,Nick,1610612766,CHA,26.0,67,14,53,0.209,1758.7366666666667,260,376,0.691,0,1,0.0,132,179,0.737,172,367,539,54,73,26,74,38,176,158,652,-429,1606.8,19,0,1445.0,1599.0,28,76,100,93,27,34,42,7,67,77,67,23,26,51,18,23,22,56,37,48,19,73,81,26,35,101,35,23,9,36,36,1,2023-24
203999,Nikola Jokić,Nikola,1610612743,DEN,29.0,79,55,24,0.696,2736.5333333333333,822,1411,0.583,83,231,0.359,358,438,0.817,223,753,976,708,237,108,68,68,194,426,2085,682,4609.2,68,25,4204.0,5005.0,6,3,48,10,2,1,1,38,16,17,26,3,3,21,9,2,3,1,3,1,23,94,88,1,1,1,1,2,2,1,1,1,2023-24
202696,Nikola Vučević,Nikola,1610612741,CHI,33.0,76,36,40,0.474,2609.5016666666666,586,1211,0.484,92,313,0.294,106,129,0.822,210,591,801,254,120,50,60,48,190,144,1370,-180,2922.2,45,0,2737.0,3009.0,12,26,87,61,4,4,3,78,12,9,48,34,35,19,10,7,7,9,17,19,31,86,84,29,6,90,7,5,9,6,7,1,2023-24
1630846,Olivier Sarr,Olivier,1610612760,OKC,25.0,15,8,7,0.533,98.20166666666667,11,19,0.579,2,6,0.333,10,15,0.667,10,26,36,2,3,0,7,0,18,10,34,1,98.2,0,0,88.0,95.0,94,87,12,55,94,94,96,40,56,60,32,84,85,72,92,89,90,96,93,99,85,1,14,88,92,49,92,73,9,93,93,1,2023-24
1630209,Omer Yurtseven,Omer,1610612762,UTA,26.0,48,17,31,0.354,545.1016666666667,99,184,0.538,5,24,0.208,19,28,0.679,72,136,208,29,37,8,18,12,52,34,222,-133,556.1,2,0,516.0,566.0,61,71,68,79,70,59,60,55,48,45,60,75,74,69,59,61,62,72,59,77,70,35,30,70,64,84,66,51,9,66,66,1,2023-24
1630168,Onyeka Okongwu,Onyeka,1610612737,ATL,23.0,55,23,32,0.418,1404.7366666666667,223,365,0.611,23,69,0.333,92,116,0.793,145,231,376,74,45,26,60,27,162,91,561,-34,1336.2,8,0,1206.0,1343.0,49,59,73,69,39,41,43,28,36,35,32,36,37,28,25,42,39,44,51,48,31,64,77,43,41,64,40,32,9,41,41,1,2023-24
1631115,Orlando Robinson,Orlando,1610612748,MIA,23.0,36,20,16,0.556,303.69,36,72,0.5,8,15,0.533,19,25,0.76,28,56,84,34,18,7,8,7,35,25,99,12,277.8,1,0,255.0,296.0,76,65,27,51,82,81,80,72,46,50,3,75,77,40,82,80,81,69,77,80,84,24,19,79,80,42,81,60,9,81,81,1,2023-24
1631131,Oscar Tshiebwe,Oscar,1610612754,IND,24.0,8,2,6,0.25,41.916666666666664,10,20,0.5,0,0,0.0,6,8,0.75,8,8,16,2,0,2,1,4,3,5,26,14,57.2,0,0,50.0,55.0,97,97,9,88,99,95,95,72,67,83,67,90,92,45,95,97,96,96,99,92,97,20,3,94,95,39,96,73,9,96,96,1,2023-24
1629057,Robert Williams III,Robert,1610612757,POR,26.0,6,2,4,0.333,118.75,17,26,0.654,0,0,0.0,7,9,0.778,11,27,38,5,7,7,7,4,17,8,41,-30,129.1,0,0,112.0,131.0,99,97,3,80,90,89,91,14,67,83,67,88,91,35,90,88,88,90,87,80,85,20,12,92,89,63,89,73,9,89,89,1,2023-24
201577,Robin Lopez,Robin,1610612749,MIL,36.0,16,10,6,0.625,64.73,7,19,0.368,2,8,0.25,2,2,1.0,3,2,5,4,2,1,3,1,7,4,18,-23,40.0,0,0,37.0,43.0,90,82,9,27,96,99,96,98,56,57,54,97,97,1,98,99,99,91,97,96,93,6,5,95,99,61,99,73,9,99,99,1,2023-24
203497,Rudy Gobert,Rudy,1610612750,MIN,32.0,76,53,23,0.697,2593.1133333333332,406,614,0.661,0,3,0.0,249,390,0.638,285,697,982,102,118,52,162,55,238,391,1061,411,2916.4,54,0,2573.0,2889.0,12,4,47,9,5,16,25,11,67,67,67,10,6,78,3,4,2,33,18,18,5,88,99,3,18,5,8,4,9,8,10,1,2023-24
1630572,Sandro Mamukelashvili,Sandro,1610612759,SAS,25.0,46,12,34,0.261,450.9583333333333,73,155,0.471,19,64,0.297,25,34,0.735,45,102,147,49,19,7,12,11,35,26,190,45,477.9,3,0,443.0,492.0,63,79,78,86,73,69,63,85,41,37,47,69,70,53,73,68,69,61,75,80,80,31,19,76,67,34,70,47,9,69,70,1,2023-24
1630583,Santi Aldama,Santi,1610612763,MEM,23.0,61,23,38,0.377,1618.0566666666666,247,568,0.435,106,304,0.349,54,87,0.621,72,280,352,138,69,43,54,26,89,88,654,-275,1505.4,5,0,1444.0,1573.0,39,59,85,77,32,36,27,93,11,10,30,53,49,81,59,36,42,24,39,24,34,63,43,45,34,93,39,41,9,37,38,1,2023-24
1628418,Thomas Bryant,Thomas,1610612748,MIA,26.0,38,22,16,0.579,441.365,86,149,0.577,4,22,0.182,41,47,0.872,40,101,141,23,21,10,16,10,46,33,217,11,477.7,2,0,437.0,482.0,75,61,27,42,75,65,67,41,49,47,63,60,67,9,76,69,71,76,71,73,73,27,25,71,65,43,71,51,9,71,71,1,2023-24
1641998,Trey Jemison III,Trey,1610612763,MEM,24.0,25,5,20,0.2,573.985,75,136,0.551,0,0,0.0,21,25,0.84,64,70,134,27,34,12,28,16,69,29,171,-110,458.3,1,0,412.0,479.0,81,90,38,94,68,67,69,54,67,83,67,71,77,14,62,76,73,73,61,68,55,46,38,73,72,83,72,60,9,72,73,2,2023-24
202684,Tristan Thompson,Tristan,1610612739,CLE,33.0,49,28,21,0.571,548.9166666666666,73,119,0.613,0,1,0.0,15,52,0.288,73,101,174,51,29,12,14,11,59,57,161,-13,495.3,1,0,438.0,515.0,60,45,43,44,69,69,73,26,67,77,67,81,64,98,56,69,66,59,65,68,76,31,34,61,73,53,69,60,9,70,68,1,2023-24
1628962,Udoka Azubuike,Udoka,1610612756,PHX,24.0,16,12,4,0.75,112.82833333333333,16,23,0.696,0,0,0.0,3,13,0.231,11,21,32,3,4,1,6,3,17,9,35,-48,94.9,1,0,84.0,94.0,90,79,3,7,91,91,93,6,67,83,67,95,87,99,90,93,92,94,92,96,89,13,12,91,91,69,94,60,9,94,94,1,2023-24
1641705,Victor Wembanyama,Victor,1610612759,SAS,20.0,71,19,52,0.268,2106.235,551,1186,0.465,128,394,0.325,292,367,0.796,161,594,755,274,260,88,254,27,153,381,1522,-143,3605.0,43,2,3363.0,3851.0,20,68,99,85,12,5,4,87,6,4,40,5,8,26,20,6,9,7,2,3,1,64,72,4,4,87,4,7,3,4,4,1,2023-24
1631117,Walker Kessler,Walker,1610612762,UTA,22.0,64,26,38,0.406,1493.1066666666666,229,350,0.654,4,19,0.211,56,93,0.602,165,316,481,60,66,30,154,32,132,85,518,-149,1671.2,7,0,1431.0,1671.0,31,51,85,71,35,40,46,13,49,49,59,52,44,84,19,31,25,52,41,46,6,69,65,46,43,88,33,35,9,38,34,1,2023-24
1628976,Wendell Carter Jr.,Wendell,1610612753,ORL,25.0,55,30,25,0.545,1406.3033333333333,223,425,0.525,64,171,0.374,93,134,0.694,112,269,381,95,68,35,28,23,121,140,603,51,1323.7,9,0,1269.0,1363.0,49,37,51,54,38,41,36,62,21,22,20,35,33,64,35,39,37,36,40,37,55,58,59,30,37,30,41,31,9,40,40,1,2023-24
1628380,Zach Collins,Zach,1610612759,SAS,26.0,69,19,50,0.275,1525.7283333333332,298,616,0.484,58,181,0.32,122,162,0.753,118,252,370,194,132,34,52,39,206,151,776,-393,1637.0,3,0,1570.0,1792.0,24,68,97,84,34,31,24,79,24,20,41,27,30,43,30,40,40,14,13,39,35,74,91,27,31,100,34,47,9,33,33,1,2023-24
1630192,Zeke Nnaji,Zeke,1610612743,DEN,23.0,58,41,17,0.707,576.12,69,149,0.463,6,23,0.261,42,62,0.677,61,64,125,32,27,15,38,23,81,77,186,-168,516.0,0,0,455.0,534.0,45,20,30,8,67,73,67,88,47,46,53,59,59,70,64,78,76,71,66,64,45,58,42,53,68,89,67,73,9,68,67,1,2023-24
201143,Al Horford,Al,1610612738,BOS,39.0,60,44,16,0.733,1658.5733333333333,195,461,0.423,114,314,0.363,34,38,0.895,79,290,369,128,46,36,51,8,81,35,538,397,1387.8,7,0,1323.0,1424.0,39,13,35,12,26,41,34,95,11,12,24,64,69,3,54,38,43,28,54,36,36,29,51,69,38,8,40,41,11,39,40,1,2024-25
203458,Alex Len,Alex,1610612747,LAL,32.0,46,21,25,0.457,379.79,32,63,0.508,2,9,0.222,8,17,0.471,38,57,95,38,20,9,21,7,56,18,74,-153,315.0,0,0,269.0,335.0,57,56,56,61,83,92,90,62,64,65,65,91,88,97,79,86,86,69,78,85,65,24,35,87,93,94,85,78,11,85,84,2,2024-25
1642024,Alex Reese,Alex,1610612755,PHI,26.0,15,4,11,0.267,216.04666666666665,26,54,0.481,15,41,0.366,9,12,0.75,9,38,47,4,6,10,10,1,21,10,76,19,192.4,0,0,182.0,191.0,96,98,20,94,94,95,94,80,49,52,23,89,94,43,99,91,96,98,97,83,89,9,14,95,91,42,93,78,11,93,93,2,2024-25
1642259,Alex Sarr,Alex,1610612764,WAS,20.0,67,13,54,0.194,1814.2283333333332,326,828,0.394,105,341,0.308,112,165,0.679,124,311,435,161,114,44,101,39,146,123,869,-546,1953.5,10,0,1860.0,2061.0,27,75,104,102,20,22,14,101,13,7,50,29,23,68,34,34,34,18,15,27,11,85,80,32,20,107,24,33,11,20,22,1,2024-25
1630578,Alperen Sengun,Alperen,1610612745,HOU,22.0,76,52,24,0.684,2395.2433333333333,567,1143,0.496,21,90,0.233,296,428,0.692,262,524,786,372,194,84,61,84,209,406,1451,410,3193.2,45,4,2920.0,3416.0,8,4,54,16,7,5,4,72,43,37,64,4,2,61,6,9,7,3,4,4,28,106,103,2,4,6,3,5,3,4,3,1,2024-25
203083,Andre Drummond,Andre,1610612755,PHI,31.0,40,12,28,0.3,750.6333333333333,117,234,0.5,3,20,0.15,56,90,0.622,109,201,310,34,55,39,18,29,94,69,293,-245,832.0,5,0,754.0,842.0,68,78,64,84,61,63,61,67,61,62,70,51,49,86,39,48,48,73,48,31,73,74,54,54,65,99,57,45,11,60,58,1,2024-25
203076,Anthony Davis,Anthony,1610612742,DAL,32.0,51,30,21,0.588,1705.4883333333332,470,910,0.516,35,124,0.282,286,369,0.775,134,456,590,181,113,59,110,39,98,273,1261,25,2634.5,36,1,2405.0,2720.0,53,38,47,37,23,10,10,58,30,29,55,5,5,29,30,12,17,13,16,12,7,85,56,7,11,38,11,11,4,10,10,2,2024-25
1630574,Ariel Hukporti,Ariel,1610612752,NYK,23.0,25,17,8,0.68,217.365,21,31,0.677,0,0,0.0,6,13,0.462,14,37,51,11,21,1,15,2,32,13,48,-63,152.7,0,0,142.0,169.0,87,67,13,17,93,97,98,10,73,88,73,96,91,99,95,92,93,93,76,99,82,11,22,92,98,81,96,78,11,96,96,1,2024-25
1628389,Bam Adebayo,Bam,1610612748,MIA,27.0,78,36,42,0.462,2673.693333333333,540,1113,0.485,79,221,0.357,251,328,0.765,185,564,749,337,161,98,53,46,162,309,1410,27,3106.3,38,1,2877.0,3286.0,6,27,101,60,1,7,5,76,19,19,28,7,7,35,17,6,9,4,6,2,33,92,86,5,5,37,6,9,4,5,5,1,2024-25
202687,Bismack Biyombo,Bismack,1610612759,SAS,32.0,28,10,18,0.357,527.4866666666667,67,114,0.588,0,0,0.0,10,25,0.4,43,115,158,31,27,16,23,11,52,28,144,-100,470.1,3,0,411.0,481.0,85,85,39,81,74,76,78,31,73,88,73,87,82,101,74,69,68,75,69,67,62,41,33,73,78,90,74,54,11,77,73,1,2024-25
1629626,Bol Bol,Bol,1610612756,PHX,25.0,36,10,26,0.278,448.5833333333333,96,183,0.525,32,93,0.344,20,26,0.769,20,84,104,22,20,9,25,0,20,18,244,-37,483.8,1,0,470.0,494.0,78,85,59,91,79,67,67,56,35,36,33,77,81,33,92,77,83,83,78,85,61,1,13,87,67,72,71,66,11,70,71,1,2024-25
1642382,Branden Carlson,Branden,1610612760,OKC,26.0,32,29,3,0.906,246.40333333333334,43,97,0.443,22,66,0.333,14,18,0.778,17,37,54,14,7,5,21,4,22,13,122,41,278.8,1,0,264.0,282.0,81,40,5,3,91,84,83,93,42,43,35,84,87,26,94,92,91,91,96,94,65,16,16,92,82,32,91,66,11,88,91,1,2024-25
201572,Brook Lopez,Brook,1610612749,MIL,37.0,80,47,33,0.588,2546.153333333333,394,774,0.509,139,373,0.373,114,138,0.826,113,288,401,143,84,50,148,20,171,135,1041,134,2246.7,4,0,2120.0,2322.0,3,7,80,39,4,15,16,61,6,6,20,28,34,16,37,39,38,23,29,21,2,60,89,26,16,23,19,47,11,18,19,1,2024-25
1628981,Bruno Fernando,Bruno,1610612761,TOR,26.0,17,2,15,0.118,146.58,26,49,0.531,0,0,0.0,6,8,0.75,21,30,51,18,14,4,9,7,27,10,58,-22,171.2,0,0,153.0,184.0,93,102,33,105,96,95,95,52,73,88,73,96,99,43,91,96,93,86,87,95,92,24,19,95,96,63,94,78,11,94,94,1,2024-25
1629646,Charles Bassey,Charles,1610612759,SAS,24.0,36,14,22,0.389,375.515,68,117,0.581,0,0,0.0,21,33,0.636,56,96,152,17,23,14,30,7,50,26,157,-129,473.9,2,0,414.0,475.0,78,72,51,77,84,75,76,34,73,88,73,75,73,82,64,75,70,88,73,74,55,24,29,76,77,93,73,59,11,76,76,1,2024-25
1631096,Chet Holmgren,Chet,1610612760,OKC,23.0,32,26,6,0.813,876.54,167,341,0.49,44,116,0.379,101,134,0.754,48,209,257,63,56,23,71,35,72,95,479,294,1107.9,11,0,1031.0,1144.0,81,47,10,6,55,47,44,74,28,30,16,31,35,42,68,46,55,53,47,55,21,80,44,45,43,13,49,31,11,48,49,1,2024-25
1631132,Christian Koloko,Christian,1610612747,LAL,25.0,37,23,14,0.622,341.53,40,66,0.606,0,4,0.0,10,14,0.714,35,57,92,16,12,8,16,8,44,21,90,-7,284.4,0,0,246.0,286.0,77,52,31,29,86,89,89,25,73,71,73,87,90,55,81,86,88,89,91,89,79,29,27,84,89,51,90,78,11,91,90,1,2024-25
203991,Clint Capela,Clint,1610612737,ATL,31.0,55,27,28,0.491,1176.5,218,390,0.559,0,1,0.0,52,97,0.536,174,295,469,62,47,34,53,36,106,89,488,-79,1357.8,11,0,1193.0,1342.0,50,46,64,57,45,38,40,42,73,84,73,55,45,91,19,37,28,54,53,40,33,82,63,48,42,84,42,31,11,41,42,1,2024-25
1630658,Colin Castleton,Colin,1610612761,TOR,25.0,26,15,11,0.577,431.99,46,98,0.469,2,16,0.125,29,38,0.763,53,69,122,28,23,8,10,12,51,31,123,-30,342.4,0,0,311.0,355.0,86,71,20,44,80,82,82,85,64,64,71,67,69,36,65,84,78,77,73,89,89,44,32,72,81,70,83,78,11,83,83,3,2024-25
1629655,Daniel Gafford,Daniel,1610612742,DAL,26.0,57,28,29,0.491,1226.1283333333333,283,403,0.702,0,0,0.0,135,196,0.689,155,233,388,80,66,23,102,30,152,155,701,35,1595.6,8,0,1419.0,1624.0,43,42,70,56,41,26,39,5,73,88,73,22,18,64,25,44,41,43,40,55,10,75,83,24,28,36,31,38,11,33,31,1,2024-25
1628464,Daniel Theis,Daniel,1610612740,NOP,33.0,38,10,28,0.263,621.2416666666667,61,129,0.473,9,37,0.243,31,37,0.838,44,120,164,60,25,18,20,7,70,45,162,-61,537.8,1,0,471.0,560.0,74,85,64,95,69,77,75,84,55,53,61,66,71,12,71,67,66,55,71,62,69,24,43,64,75,80,69,66,11,69,69,1,2024-25
203967,Dario Saric,Dario,1610612743,DEN,31.0,16,7,9,0.438,210.38333333333333,21,58,0.362,7,26,0.269,7,10,0.7,14,36,50,23,15,7,1,8,19,15,56,-49,159.5,1,0,152.0,176.0,95,95,17,67,95,97,92,102,57,59,58,94,96,58,95,94,95,81,86,91,101,29,12,91,97,76,95,66,11,95,95,1,2024-25
1630549,Day'Ron Sharpe,Day'Ron,1610612751,BKN,23.0,50,14,36,0.28,907.4583333333334,165,317,0.521,11,45,0.244,56,74,0.757,149,181,330,91,63,41,42,27,113,73,397,64,1115.5,4,0,995.0,1158.0,55,72,88,90,53,48,48,57,52,51,60,51,54,39,27,54,45,39,42,29,43,71,67,53,53,28,48,47,11,49,48,1,2024-25
201599,DeAndre Jordan,DeAndre,1610612743,DEN,36.0,56,37,19,0.661,690.7016666666667,91,140,0.65,0,0,0.0,27,64,0.422,84,200,284,53,40,16,27,14,74,68,209,-47,718.3,3,0,632.0,728.0,48,25,42,20,65,68,73,16,73,88,73,69,59,100,51,49,50,61,60,67,59,49,45,55,69,75,66,54,11,68,66,1,2024-25
1629731,Dean Wade,Dean,1610612739,CLE,28.0,59,47,12,0.797,1252.4516666666666,112,271,0.413,80,222,0.36,16,30,0.533,51,198,249,76,22,42,20,9,101,32,320,284,896.8,1,0,849.0,907.0,40,7,25,7,40,66,56,99,18,17,25,81,77,92,67,50,57,47,75,28,69,34,59,71,61,14,55,66,11,54,55,1,2024-25
1629028,Deandre Ayton,Deandre,1610612757,POR,26.0,40,17,23,0.425,1205.67,265,468,0.566,6,32,0.188,40,60,0.667,125,282,407,64,69,31,39,15,88,59,576,-162,1301.4,20,0,1193.0,1321.0,68,67,53,72,44,33,32,39,58,57,68,63,62,74,33,40,37,52,38,46,49,53,53,58,37,95,43,20,11,41,43,1,2024-25
1641726,Dereck Lively II,Dereck,1610612742,DAL,21.0,36,21,15,0.583,832.7366666666667,134,191,0.702,0,0,0.0,46,73,0.63,104,166,270,85,41,20,56,23,100,51,314,121,952.5,8,0,821.0,982.0,78,56,33,42,57,57,66,6,73,88,73,57,55,83,40,56,53,41,58,60,29,63,57,62,62,24,53,38,11,56,54,1,2024-25
1627734,Domantas Sabonis,Domantas,1610612758,SAC,29.0,70,36,34,0.514,2428.8766666666666,527,893,0.59,65,156,0.417,218,289,0.754,267,705,972,423,202,48,26,59,229,277,1337,144,3157.9,61,10,2945.0,3377.0,21,27,83,53,6,8,12,30,23,25,8,9,9,40,3,3,2,2,2,23,60,101,104,6,8,22,5,1,2,3,4,1,2024-25
1642270,Donovan Clingan,Donovan,1610612757,POR,21.0,67,29,38,0.433,1323.6933333333334,180,334,0.539,14,49,0.286,62,104,0.596,217,310,527,77,72,34,110,23,189,98,436,-2,1543.9,8,0,1342.0,1549.0,27,40,94,70,37,44,46,50,51,50,54,49,43,90,10,35,20,45,34,40,7,63,99,42,48,47,33,38,11,38,35,1,2024-25
1629234,Drew Eubanks,Drew,1610612746,LAC,28.0,61,25,36,0.41,746.01,115,194,0.593,3,6,0.5,47,71,0.662,60,166,226,54,41,12,39,26,63,64,280,-126,744.2,0,0,665.0,767.0,37,50,88,76,63,65,65,28,61,67,2,56,56,76,62,56,59,60,58,81,49,68,40,56,66,92,64,78,11,67,65,2,2024-25
1641871,Duop Reath,Duop,1610612757,POR,29.0,46,19,27,0.413,469.4266666666667,70,166,0.422,34,106,0.321,20,22,0.909,44,48,92,26,16,12,14,9,41,17,194,-55,405.4,0,0,398.0,416.0,57,62,61,75,76,73,69,98,32,32,45,77,84,2,71,90,88,78,84,81,84,34,25,89,73,77,82,78,11,78,81,1,2024-25
203939,Dwight Powell,Dwight,1610612742,DAL,33.0,55,25,30,0.455,550.8933333333333,42,61,0.689,2,5,0.4,28,43,0.651,47,71,118,55,18,18,21,6,75,48,114,-14,437.1,0,0,367.0,459.0,50,50,72,64,73,85,91,9,64,68,13,68,67,78,69,83,80,59,81,62,65,19,46,63,85,56,80,78,11,81,78,1,2024-25
1630596,Evan Mobley,Evan,1610612739,CLE,24.0,71,58,13,0.817,2166.5716666666667,505,906,0.557,85,230,0.37,221,305,0.725,164,495,659,226,145,61,113,51,141,239,1316,546,2822.8,37,0,2634.0,2949.0,20,2,28,5,15,9,11,44,16,16,21,8,8,51,22,11,13,7,9,10,5,95,77,12,9,2,9,10,11,9,8,1,2024-25
1629048,Goga Bitadze,Goga,1610612753,ORL,25.0,70,38,32,0.543,1429.545,207,339,0.611,3,28,0.107,85,133,0.639,167,296,463,137,72,49,98,23,150,120,502,80,1632.1,15,0,1399.0,1680.0,21,20,77,48,33,39,45,24,61,58,72,35,36,81,20,36,30,25,34,22,14,63,81,33,41,27,29,22,11,34,28,1,2024-25
1628392,Isaiah Hartenstein,Isaiah,1610612760,OKC,27.0,57,49,8,0.86,1589.7416666666666,279,480,0.581,0,19,0.0,79,117,0.675,163,448,611,219,96,47,62,31,171,94,637,417,1929.7,28,0,1685.0,2013.0,43,6,13,4,27,28,31,33,73,63,73,39,40,69,23,13,15,9,23,25,27,77,89,46,33,5,25,13,11,26,25,1,2024-25
1630191,Isaiah Stewart,Isaiah,1610612765,DET,24.0,72,38,34,0.528,1433.9183333333333,176,315,0.559,17,53,0.321,66,87,0.759,130,269,399,123,68,28,101,12,183,93,435,9,1417.3,2,0,1232.0,1467.0,15,20,83,51,32,45,49,43,46,46,45,47,51,38,32,41,39,31,39,50,11,44,97,47,49,43,37,59,11,40,38,1,2024-25
1627826,Ivica Zubac,Ivica,1610612746,LAC,28.0,80,50,30,0.625,2624.3433333333332,592,942,0.628,0,0,0.0,156,236,0.661,300,710,1010,214,127,55,90,58,168,242,1340,514,3181.0,59,1,2854.0,3213.0,3,5,72,28,2,3,7,21,73,88,73,18,14,77,1,1,1,10,11,15,16,100,88,11,7,3,4,2,4,6,6,1,2024-25
1626143,Jahlil Okafor,Jahlil,1610612754,IND,29.0,1,0,1,0.0,3.3666666666666667,0,0,0.0,0,0,0.0,0,0,0.0,0,1,1,1,0,0,0,0,0,0,0,5,2.7,0,0,2.0,3.0,106,106,3,106,107,106,106,106,73,88,73,105,105,105,105,105,105,104,104,102,104,1,1,106,106,44,106,78,11,106,106,1,2024-25
1627751,Jakob Poeltl,Jakob,1610612761,TOR,29.0,57,21,36,0.368,1685.9316666666666,363,579,0.627,1,3,0.333,97,144,0.674,190,358,548,158,111,66,71,35,176,130,824,-37,2018.6,23,0,1805.0,2099.0,43,56,88,80,24,19,22,22,68,74,35,32,31,72,14,20,18,19,17,8,21,80,93,27,23,72,21,17,11,22,20,1,2024-25
1631105,Jalen Duren,Jalen,1610612765,DET,21.0,78,43,35,0.551,2033.5983333333334,378,546,0.692,0,0,0.0,162,242,0.669,277,530,807,209,136,54,89,55,251,202,918,36,2492.9,41,0,2220.0,2572.0,6,17,85,47,17,18,25,8,73,88,73,14,12,73,2,8,5,11,10,16,17,99,106,16,18,35,13,7,11,16,14,1,2024-25
1630188,Jalen Smith,Jalen,1610612741,CHI,25.0,64,28,36,0.438,962.45,190,408,0.466,72,222,0.324,72,89,0.809,90,268,358,65,37,17,44,14,95,84,524,-36,1197.1,4,0,1141.0,1195.0,32,42,88,67,52,42,38,86,22,17,42,43,50,18,45,42,44,50,62,65,42,49,55,49,40,71,47,47,11,46,47,1,2024-25
1630164,James Wiseman,James,1610612754,IND,24.0,1,1,0,1.0,4.633333333333334,2,4,0.5,0,1,0.0,2,2,1.0,0,1,1,0,0,0,0,0,0,1,6,-4,7.2,0,0,7.0,7.0,106,105,1,1,106,102,104,67,73,84,73,102,103,1,105,105,105,107,104,102,104,1,1,103,103,49,105,78,11,105,105,1,2024-25
1628991,Jaren Jackson Jr.,Jaren,1610612763,MEM,25.0,74,42,32,0.568,2206.985,592,1213,0.488,146,389,0.375,311,398,0.781,91,326,417,148,153,92,113,87,257,334,1641,331,2825.4,6,0,2762.0,2969.0,9,19,77,45,12,3,3,75,3,5,18,3,4,25,44,28,35,22,7,3,5,107,107,4,3,11,8,43,11,7,7,1,2024-25
1628386,Jarrett Allen,Jarrett,1610612739,CLE,27.0,82,64,18,0.78,2296.0866666666666,452,640,0.706,0,5,0.0,199,277,0.718,216,582,798,158,97,77,73,47,127,257,1103,514,2650.6,40,0,2359.0,2667.0,1,1,39,9,9,12,20,4,73,68,73,10,10,53,11,5,6,19,21,5,19,93,72,9,15,3,10,8,11,12,11,1,2024-25
1629637,Jaxson Hayes,Jaxson,1610612747,LAL,25.0,56,38,18,0.679,1092.6833333333334,161,223,0.722,0,3,0.0,61,98,0.622,78,191,269,58,43,31,51,11,136,112,383,87,995.8,2,0,874.0,1014.0,48,20,39,18,47,50,62,3,73,74,73,50,44,85,55,52,54,57,56,46,36,41,76,38,57,26,51,59,11,52,51,1,2024-25
1630643,Jay Huff,Jay,1610612763,MEM,27.0,64,37,27,0.578,748.0483333333333,157,305,0.515,81,200,0.405,44,56,0.786,30,99,129,38,34,16,56,8,78,44,439,25,832.8,0,0,831.0,860.0,32,25,61,43,62,51,51,60,17,21,11,60,64,24,88,74,76,69,63,67,29,29,49,65,47,38,56,78,11,55,57,1,2024-25
1630579,Jericho Sims,Jericho,1610612749,MIL,26.0,53,34,19,0.642,631.2616666666667,45,71,0.634,0,0,0.0,8,13,0.615,71,126,197,33,33,10,19,9,65,22,98,25,437.9,0,0,386.0,448.0,52,32,42,23,68,83,86,20,73,88,73,91,91,87,57,64,63,74,64,83,71,34,41,80,87,38,79,78,11,80,79,2,2024-25
1642399,Jesse Edwards,Jesse,1610612750,MIN,25.0,2,2,0,1.0,4.666666666666667,0,0,0.0,0,0,0.0,0,0,0.0,0,0,0,1,0,0,0,0,2,1,0,-10,1.5,0,0,1.0,2.0,105,102,1,1,105,106,106,106,73,88,73,105,105,105,105,107,107,104,104,102,104,1,4,103,106,52,107,78,11,107,107,1,2024-25
1629111,Jock Landale,Jock,1610612745,HOU,29.0,42,26,16,0.619,500.0733333333333,81,152,0.533,11,26,0.423,27,40,0.675,57,81,138,37,21,13,10,17,49,35,200,-25,469.1,1,0,432.0,481.0,64,47,35,30,75,71,71,51,52,59,4,69,68,70,63,79,74,72,76,78,89,56,28,69,71,66,75,66,11,74,73,1,2024-25
203954,Joel Embiid,Joel,1610612755,PHI,31.0,19,8,11,0.421,574.3933333333333,140,315,0.444,23,77,0.299,149,169,0.882,36,119,155,85,62,14,18,14,42,117,452,-57,799.5,7,1,779.0,873.0,91,93,20,73,71,54,49,91,41,39,53,19,22,6,80,68,69,41,43,74,73,49,26,37,45,78,60,41,4,58,56,1,2024-25
1628381,John Collins,John,1610612762,UTA,27.0,40,12,28,0.3,1220.4916666666666,280,531,0.527,59,148,0.399,139,164,0.848,89,238,327,80,103,39,40,54,116,155,758,-16,1404.4,13,0,1382.0,1482.0,68,78,64,84,42,27,26,54,25,26,14,21,25,11,47,43,46,43,19,31,48,97,68,24,26,58,39,26,11,37,37,1,2024-25
202685,Jonas Valanciunas,Jonas,1610612758,SAC,33.0,81,23,58,0.284,1523.7633333333333,345,627,0.55,8,37,0.216,145,165,0.879,190,437,627,164,120,37,46,39,181,168,843,-304,1970.4,21,0,1808.0,2047.0,2,52,106,89,29,20,21,47,56,53,66,20,23,7,14,16,14,17,13,34,40,85,94,19,22,102,23,18,11,21,23,2,2024-25
203944,Julius Randle,Julius,1610612750,MIN,30.0,69,44,25,0.638,2225.6433333333334,455,939,0.485,108,314,0.344,270,335,0.806,144,343,487,323,196,47,16,60,175,257,1288,166,2349.9,14,0,2332.0,2610.0,25,13,56,25,11,11,8,77,12,12,34,6,6,19,29,24,24,5,3,25,79,102,92,9,10,18,16,24,11,13,13,1,2024-25
203994,Jusuf Nurkić,Jusuf,1610612766,CHA,30.0,51,18,33,0.353,1062.8266666666666,168,352,0.477,32,105,0.305,85,128,0.664,85,313,398,115,97,40,34,16,130,127,453,-184,1228.1,10,0,1146.0,1303.0,53,65,80,82,48,46,42,82,35,34,51,35,37,75,50,33,40,33,21,30,52,54,73,30,44,96,46,33,11,45,44,2,2024-25
1630539,Kai Jones,Kai,1610612742,DAL,24.0,40,20,20,0.5,468.37,87,109,0.798,1,5,0.2,23,32,0.719,40,85,125,25,18,15,23,3,50,27,198,-21,481.5,1,0,425.0,487.0,68,60,44,54,77,70,80,1,68,68,67,73,75,52,77,76,77,79,81,72,62,13,29,75,72,62,72,66,11,75,72,2,2024-25
1626157,Karl-Anthony Towns,Karl-Anthony,1610612752,NYK,29.0,72,46,26,0.639,2516.7366666666667,639,1215,0.526,142,338,0.42,339,409,0.829,213,708,921,222,192,71,50,83,249,345,1759,378,3368.2,58,1,3286.0,3487.0,15,10,59,24,5,2,2,55,4,8,5,2,3,15,12,2,3,8,5,6,38,105,105,3,2,9,2,4,4,2,2,1,2024-25
1631255,Karlo Matković,Karlo,1610612740,NOP,24.0,42,12,30,0.286,790.585,135,235,0.574,21,66,0.318,34,44,0.773,64,145,209,46,43,22,41,11,106,40,325,-89,790.8,4,0,727.0,815.0,64,78,72,87,59,56,60,37,43,43,47,64,65,31,59,60,61,65,56,57,45,41,63,67,60,87,61,47,11,61,62,1,2024-25
1642276,Kel'el Ware,Kel'el,1610612748,MIA,21.0,64,28,36,0.438,1422.4866666666667,257,464,0.554,35,111,0.315,46,67,0.687,116,357,473,60,57,39,71,17,111,55,595,39,1525.6,15,0,1383.0,1518.0,32,42,88,67,34,35,33,46,30,31,49,57,58,65,35,22,26,55,46,31,21,56,66,60,36,34,35,22,11,36,36,1,2024-25
203482,Kelly Olynyk,Kelly,1610612740,NOP,34.0,44,12,32,0.273,891.0483333333333,134,268,0.5,33,79,0.418,83,108,0.769,63,144,207,128,76,33,19,13,123,96,384,-58,904.4,2,0,856.0,1003.0,61,78,77,92,54,57,57,67,34,38,6,37,42,34,60,61,62,28,33,42,71,46,71,43,56,79,54,59,11,53,52,2,2024-25
201567,Kevin Love,Kevin,1610612748,MIA,36.0,23,13,10,0.565,251.45333333333335,41,115,0.357,24,67,0.358,16,23,0.696,22,72,94,22,14,15,4,6,21,22,122,-25,310.8,0,0,300.0,317.0,89,75,19,46,90,87,77,104,40,42,27,81,83,59,90,82,87,83,87,72,95,19,14,80,82,66,86,78,11,84,85,1,2024-25
204001,Kristaps Porziņģis,Kristaps,1610612738,BOS,29.0,42,30,12,0.714,1209.9633333333334,277,574,0.483,103,250,0.412,161,199,0.809,68,216,284,87,53,31,63,23,116,214,818,173,1518.3,6,0,1480.0,1558.0,64,38,25,15,43,30,23,79,14,15,9,16,17,17,58,45,50,40,50,46,26,63,68,14,24,16,36,43,11,30,34,1,2024-25
1642271,Kyle Filipowski,Kyle,1610612762,UTA,21.0,72,13,59,0.181,1521.54,260,518,0.502,77,220,0.35,93,143,0.65,112,328,440,140,102,48,22,40,171,125,690,-366,1536.0,13,0,1487.0,1620.0,15,75,107,104,30,34,27,65,20,20,30,33,32,79,38,27,33,24,20,23,64,89,89,31,29,104,34,26,11,28,32,1,2024-25
1630283,Kylor Kelley,Kylor,1610612747,LAL,27.0,11,3,8,0.273,125.95666666666666,14,22,0.636,0,0,0.0,6,10,0.6,12,27,39,5,4,1,3,0,15,6,34,-75,96.3,1,0,86.0,95.0,101,99,13,92,97,99,100,19,73,88,73,96,96,89,97,97,99,97,100,99,98,1,10,100,99,82,99,66,11,99,99,2,2024-25
1626204,Larry Nance Jr.,Larry,1610612737,ATL,32.0,24,10,14,0.417,463.2266666666667,80,155,0.516,34,76,0.447,9,13,0.692,23,80,103,38,16,20,13,6,37,25,203,-95,466.6,3,0,444.0,481.0,88,85,31,74,78,72,70,59,32,40,3,89,91,60,89,80,84,69,84,60,86,19,24,78,70,88,76,54,11,71,73,1,2024-25
1628374,Lauri Markkanen,Lauri,1610612762,UTA,28.0,47,9,38,0.191,1475.8433333333332,296,700,0.423,138,399,0.346,162,185,0.876,72,206,278,70,66,33,17,39,79,159,892,-186,1414.6,5,0,1478.0,1460.0,56,91,94,103,31,25,17,96,7,3,32,14,20,8,56,47,52,48,40,42,77,85,50,23,19,97,38,45,11,31,39,1,2024-25
1641857,Liam Robbins,Liam,1610612749,MIL,25.0,13,8,5,0.615,56.96666666666667,2,8,0.25,0,2,0.0,5,10,0.5,7,5,12,2,6,2,2,3,9,10,9,-5,32.4,0,0,31.0,37.0,99,93,9,32,101,102,102,105,73,81,73,99,96,95,100,102,102,100,97,96,100,13,6,95,102,50,102,78,11,102,102,1,2024-25
1630568,Luka Garza,Luka,1610612750,MIN,26.0,39,28,11,0.718,219.31,52,105,0.495,10,36,0.278,24,35,0.686,31,23,54,11,12,6,3,8,29,28,138,1,234.3,0,0,231.0,241.0,73,42,20,14,92,79,81,73,54,55,56,72,72,66,87,99,91,93,91,92,98,29,20,73,79,45,92,78,11,92,92,1,2024-25
1628436,Luke Kornet,Luke,1610612738,BOS,29.0,73,53,20,0.726,1361.06,187,280,0.668,0,3,0.0,67,97,0.691,190,198,388,117,31,36,71,21,119,104,441,401,1372.1,3,0,1160.0,1384.0,12,3,44,13,36,43,54,12,73,74,73,45,45,63,14,50,41,32,66,36,21,61,70,40,46,7,41,54,11,44,41,1,2024-25
1631109,Mark Williams,Mark,1610612766,CHA,23.0,44,9,35,0.205,1171.045,270,447,0.604,0,4,0.0,131,163,0.804,132,315,447,109,71,32,54,25,105,128,671,-301,1557.9,21,0,1399.0,1594.0,61,91,85,101,46,31,35,26,73,71,73,23,26,21,31,32,32,36,36,45,32,67,60,29,30,101,32,18,11,34,33,1,2024-25
203486,Mason Plumlee,Mason,1610612756,PHX,35.0,74,33,41,0.446,1300.145,125,202,0.619,0,4,0.0,83,128,0.648,116,339,455,134,59,33,47,26,154,110,333,54,1261.0,2,0,1082.0,1296.0,9,35,100,66,38,61,64,23,73,71,73,37,37,80,35,26,31,26,45,42,39,68,84,39,59,29,45,59,11,47,46,1,2024-25
1630695,Micah Potter,Micah,1610612762,UTA,27.0,38,10,28,0.263,705.165,57,135,0.422,31,98,0.316,17,20,0.85,43,121,164,31,31,14,14,5,50,26,162,-104,458.3,0,0,444.0,472.0,74,85,64,95,64,78,74,97,38,35,48,80,85,10,74,66,66,75,66,74,84,18,29,76,75,91,77,78,11,71,77,1,2024-25
1629011,Mitchell Robinson,Mitchell,1610612752,NYK,27.0,17,10,7,0.588,290.12333333333333,37,56,0.661,0,0,0.0,13,19,0.684,52,49,101,13,10,16,18,1,26,17,87,23,319.7,2,0,269.0,316.0,93,85,11,37,88,90,93,14,73,88,73,85,86,67,66,89,85,92,94,67,73,9,18,89,90,41,84,59,11,85,86,1,2024-25
1628964,Mo Bamba,Mo,1610612740,NOP,27.0,32,19,13,0.594,413.485,52,112,0.464,15,54,0.278,19,27,0.704,32,113,145,18,20,9,31,6,56,19,138,-75,439.0,0,0,396.0,439.0,81,62,28,36,81,79,79,87,49,45,56,79,79,57,85,70,73,86,78,85,54,19,35,86,79,82,78,78,11,79,80,2,2024-25
1629021,Moritz Wagner,Moritz,1610612753,ORL,28.0,30,18,12,0.6,564.1566666666666,140,249,0.562,27,75,0.36,79,110,0.718,40,108,148,42,49,24,12,14,55,96,386,-17,685.6,1,0,675.0,726.0,84,65,25,34,72,54,59,41,39,41,26,39,41,54,77,72,71,67,51,53,87,49,34,43,54,59,67,66,11,66,67,1,2024-25
1629650,Moses Brown,Moses,1610612742,DAL,25.0,13,5,8,0.385,118.57666666666667,34,49,0.694,0,0,0.0,8,11,0.727,12,32,44,2,11,6,4,3,17,8,76,-14,150.8,1,0,142.0,154.0,99,97,13,78,98,91,95,7,73,88,73,91,95,50,97,95,97,100,93,92,95,13,11,99,91,56,97,66,11,96,97,2,2024-25
1626167,Myles Turner,Myles,1610612754,IND,29.0,72,44,28,0.611,2173.6866666666665,390,811,0.481,156,394,0.396,184,238,0.773,90,381,471,111,123,54,144,37,183,204,1120,202,2322.7,13,0,2254.0,2407.0,15,13,64,33,14,16,15,81,2,4,15,11,13,30,45,19,27,34,12,16,3,83,97,15,13,15,17,26,11,14,15,1,2024-25
1642368,N'Faly Dante,N'Faly,1610612745,HOU,23.0,4,0,4,0.0,50.61666666666667,10,13,0.769,0,0,0.0,4,5,0.8,6,15,21,2,2,1,5,0,9,3,24,-11,68.2,0,0,59.0,67.0,103,106,7,106,102,101,101,2,73,88,73,100,101,23,101,101,101,100,101,99,94,1,6,101,101,53,101,78,11,101,101,1,2024-25
1629675,Naz Reid,Naz,1610612750,MIN,25.0,80,47,33,0.588,2200.133333333333,426,923,0.462,175,462,0.379,111,143,0.776,93,388,481,181,108,58,72,41,189,119,1138,340,2268.7,10,0,2235.0,2371.0,3,7,80,39,13,13,9,88,1,1,17,30,32,28,43,18,25,13,18,13,20,90,99,34,12,10,18,33,11,15,18,1,2024-25
1629674,Neemias Queta,Neemias,1610612738,BOS,25.0,62,46,16,0.742,863.09,132,203,0.65,0,3,0.0,46,61,0.754,89,147,236,45,40,18,42,13,106,58,310,155,800.7,0,0,711.0,816.0,36,10,35,11,56,60,63,15,73,74,73,57,61,41,47,59,58,66,60,62,43,46,63,59,63,20,59,78,11,63,60,1,2024-25
1629651,Nic Claxton,Nic,1610612751,BKN,26.0,70,20,50,0.286,1881.7316666666666,320,568,0.563,5,21,0.238,79,154,0.513,157,358,515,157,87,62,100,30,150,179,724,-497,1976.5,13,0,1725.0,2039.0,21,60,103,87,19,23,24,40,60,61,62,39,28,94,24,20,21,21,27,9,13,75,81,17,27,105,22,26,11,24,24,1,2024-25
1630208,Nick Richards,Nick,1610612756,PHX,27.0,57,17,40,0.298,1256.3566666666666,205,347,0.591,0,2,0.0,119,160,0.744,148,318,466,49,81,14,55,51,141,118,529,-235,1287.7,16,0,1182.0,1300.0,43,67,99,86,39,40,43,29,73,81,73,27,27,46,28,30,29,63,31,74,31,95,77,35,39,98,44,21,11,43,45,2,2024-25
203999,Nikola Jokić,Nikola,1610612743,DEN,30.0,70,46,24,0.657,2570.8816666666667,786,1364,0.576,138,331,0.417,361,451,0.8,201,692,893,716,230,127,45,63,160,410,2071,594,4502.6,59,34,4162.0,4912.0,21,10,54,21,3,1,1,36,7,9,7,1,1,22,13,4,4,1,1,1,41,103,85,1,1,1,1,2,1,1,1,1,2024-25
202696,Nikola Vučević,Nikola,1610612741,CHI,34.0,73,34,39,0.466,2278.266666666667,550,1038,0.53,129,321,0.402,120,149,0.805,178,557,735,256,119,61,52,38,163,164,1349,-98,2835.0,45,1,2695.0,2935.0,12,32,97,59,10,6,6,53,9,11,12,26,30,20,18,7,10,6,14,10,35,84,87,22,6,89,7,5,4,8,9,1,2024-25
1641730,Noah Clowney,Noah,1610612751,BKN,20.0,46,11,35,0.239,1042.3033333333333,133,372,0.358,87,261,0.333,67,80,0.838,43,138,181,40,46,24,21,28,105,82,420,-261,786.2,0,0,818.0,816.0,57,83,85,99,49,59,41,103,15,14,35,45,52,13,74,62,65,68,54,53,65,73,60,52,51,100,62,78,11,57,60,1,2024-25
1630168,Onyeka Okongwu,Onyeka,1610612737,ATL,24.0,74,35,39,0.473,2064.11,388,684,0.567,48,148,0.324,164,216,0.759,220,440,660,168,90,69,68,50,193,167,988,40,2353.0,28,0,2138.0,2395.0,9,30,97,58,16,17,18,38,26,26,42,13,15,37,9,15,12,15,24,7,25,94,101,20,17,33,15,13,11,17,16,1,2024-25
1631115,Orlando Robinson,Orlando,1610612761,TOR,24.0,44,23,21,0.523,769.8016666666666,116,261,0.444,17,52,0.327,54,70,0.771,89,131,220,77,49,17,16,26,100,53,303,-87,732.5,4,0,683.0,776.0,61,52,47,52,60,64,58,91,46,47,40,54,57,32,47,63,60,45,51,65,79,68,57,61,64,86,65,47,11,65,64,2,2024-25
1631131,Oscar Tshiebwe,Oscar,1610612762,UTA,25.0,14,3,11,0.214,255.17333333333335,42,70,0.6,0,0,0.0,23,31,0.742,46,76,122,9,10,13,1,10,24,22,107,-11,298.9,4,0,266.0,289.0,97,99,20,100,89,85,88,27,73,88,73,73,76,47,70,81,78,95,94,78,101,37,17,80,86,53,87,47,11,87,89,1,2024-25
1641790,PJ Hall,PJ,1610612743,DEN,23.0,19,12,7,0.632,66.18333333333334,14,24,0.583,2,8,0.25,3,4,0.75,6,16,22,4,2,0,4,2,11,3,33,-2,75.4,0,0,69.0,75.0,91,78,11,26,100,99,99,32,64,66,59,101,102,43,101,100,100,98,101,102,95,11,8,101,100,47,100,78,11,100,100,1,2024-25
1642366,Quinten Post,Quinten,1610612744,GSW,25.0,42,26,16,0.619,685.7566666666667,123,274,0.449,73,179,0.408,21,27,0.778,35,113,148,56,33,16,18,16,83,24,340,43,670.6,0,0,685.0,702.0,64,47,35,30,66,62,55,90,21,22,10,75,79,26,81,70,71,58,64,67,73,54,52,79,58,31,68,78,11,64,68,1,2024-25
1629057,Robert Williams III,Robert,1610612757,POR,27.0,20,7,13,0.35,351.33,50,78,0.641,1,3,0.333,15,17,0.882,35,83,118,21,17,13,33,6,31,13,116,-17,410.1,0,0,348.0,414.0,90,95,28,83,85,81,84,18,68,74,35,83,88,5,81,78,80,85,83,78,53,19,21,92,84,59,81,78,11,82,82,1,2024-25
203497,Rudy Gobert,Rudy,1610612750,MIN,33.0,72,43,29,0.597,2388.556666666667,341,510,0.669,0,0,0.0,184,273,0.674,265,520,785,127,89,56,104,54,182,260,866,327,2389.5,36,0,2098.0,2385.0,15,17,70,35,8,21,28,11,73,88,73,11,11,71,5,10,8,30,25,14,9,97,95,8,21,12,14,11,11,19,17,1,2024-25
1630572,Sandro Mamukelashvili,Sandro,1610612759,SAS,26.0,61,23,38,0.377,681.2083333333334,141,281,0.502,60,161,0.373,43,58,0.741,62,125,187,48,26,22,17,10,60,43,385,-28,772.4,2,0,758.0,785.0,37,52,94,79,67,53,53,66,24,23,19,61,63,48,61,65,64,64,70,57,77,37,37,66,55,68,63,59,11,59,63,1,2024-25
1630583,Santi Aldama,Santi,1610612763,MEM,24.0,65,38,27,0.585,1659.665,313,648,0.483,120,326,0.368,65,94,0.691,95,322,417,188,71,52,29,21,76,83,811,149,1765.4,10,0,1698.0,1847.0,31,20,61,41,25,24,19,78,10,10,22,48,47,62,42,29,35,12,36,18,56,61,47,51,25,21,27,33,11,25,27,1,2024-25
1627746,Skal Labissiere,Skal,1610612758,SAC,29.0,4,2,2,0.5,11.96,2,4,0.5,1,1,1.0,0,0,0.0,1,2,3,1,0,0,0,0,1,0,5,-1,10.1,0,0,10.0,10.0,103,102,4,54,104,102,104,67,68,84,1,105,105,105,104,104,104,104,104,102,104,1,3,106,104,46,104,78,11,104,104,1,2024-25
203500,Steven Adams,Steven,1610612745,HOU,31.0,58,38,20,0.655,794.0666666666667,91,167,0.545,0,2,0.0,43,93,0.462,166,161,327,66,54,22,28,10,60,103,225,172,812.4,3,0,718.0,834.0,41,20,44,22,58,68,68,49,73,81,73,61,48,98,21,58,46,49,49,57,58,37,37,41,68,17,58,54,11,62,59,1,2024-25
1628418,Thomas Bryant,Thomas,1610612754,IND,27.0,66,44,22,0.667,963.0166666666667,163,321,0.508,48,148,0.324,55,64,0.859,83,168,251,53,30,28,41,17,76,62,429,-37,986.7,1,0,919.0,993.0,29,13,51,19,51,49,47,63,26,26,42,53,59,9,52,55,56,61,68,50,45,56,47,57,50,72,52,66,11,51,53,2,2024-25
1628396,Tony Bradley,Tony,1610612754,IND,27.0,14,11,3,0.786,112.73833333333333,29,45,0.644,1,3,0.333,2,6,0.333,18,24,42,6,5,2,9,4,11,10,61,44,148.4,1,0,132.0,148.0,97,83,5,8,99,94,97,17,68,74,35,102,100,103,93,98,98,96,99,96,92,16,8,95,95,30,98,66,11,98,98,1,2024-25
1641998,Trey Jemison III,Trey,1610612747,LAL,25.0,38,17,21,0.447,392.0233333333333,41,74,0.554,0,0,0.0,13,33,0.394,44,61,105,16,24,9,15,10,69,20,95,-18,293.0,0,0,264.0,304.0,74,67,47,65,82,87,85,45,73,88,73,85,73,102,71,85,82,89,72,85,82,37,42,85,88,61,88,78,11,88,87,2,2024-25
202684,Tristan Thompson,Tristan,1610612739,CLE,34.0,40,31,9,0.775,328.17,31,71,0.437,0,3,0.0,7,30,0.233,32,102,134,24,14,2,11,7,36,22,69,-85,290.8,0,0,253.0,290.0,68,36,17,10,87,93,86,94,73,74,73,94,77,104,85,73,75,80,87,96,88,24,23,80,94,85,89,78,11,90,88,1,2024-25
1642279,Ulrich Chomche,Ulrich,1610612761,TOR,19.0,7,3,4,0.429,32.175,2,5,0.4,0,0,0.0,1,2,0.5,4,4,8,2,2,0,1,0,5,1,5,-24,18.6,0,0,17.0,20.0,102,99,7,71,103,102,103,100,73,88,73,104,103,95,103,103,103,100,101,102,101,1,5,103,104,65,103,78,11,103,103,1,2024-25
1641705,Victor Wembanyama,Victor,1610612759,SAS,21.0,46,21,25,0.457,1527.2533333333333,408,857,0.476,142,403,0.352,158,189,0.836,82,424,506,168,149,52,176,27,105,226,1116,102,2510.2,28,1,2388.0,2642.0,57,56,56,61,28,14,13,83,4,2,29,17,19,14,53,17,22,15,8,18,1,71,60,13,14,25,12,13,4,11,12,1,2024-25
1631117,Walker Kessler,Walker,1610612762,UTA,23.0,58,14,44,0.241,1740.32,278,419,0.663,6,34,0.176,79,152,0.52,266,441,707,97,86,36,138,41,130,129,641,-329,2070.9,28,0,1799.0,2064.0,41,72,102,98,22,29,37,13,58,56,69,39,29,93,4,14,11,38,28,36,4,90,73,28,32,103,20,13,11,23,21,1,2024-25
1628976,Wendell Carter Jr.,Wendell,1610612753,ORL,26.0,68,31,37,0.456,1758.3516666666667,226,491,0.46,37,158,0.234,129,175,0.737,151,341,492,134,77,52,41,31,199,177,618,-13,1611.4,10,0,1467.0,1657.0,26,36,93,63,21,37,30,89,29,24,63,24,21,49,26,25,23,26,32,18,45,77,102,18,34,55,30,33,11,32,29,1,2024-25
1642274,Yves Missi,Yves,1610612740,NOP,21.0,73,19,54,0.26,1955.9566666666667,269,492,0.547,0,1,0.0,127,204,0.623,256,346,602,99,82,37,98,65,145,166,665,-514,1858.9,14,0,1636.0,1870.0,12,62,104,97,18,32,29,48,73,84,73,25,16,84,7,23,16,37,30,34,14,104,79,21,31,106,26,24,11,27,26,1,2024-25
1628380,Zach Collins,Zach,1610612741,CHI,27.0,64,34,30,0.531,977.06,153,302,0.507,32,106,0.302,69,78,0.885,102,186,288,111,60,29,29,19,132,84,407,-29,1033.1,4,0,954.0,1091.0,32,32,72,49,50,52,52,64,35,32,52,44,53,4,41,53,49,34,44,49,56,59,75,49,52,69,50,47,11,50,50,2,2024-25
1641744,Zach Edey,Zach,1610612763,MEM,23.0,66,35,31,0.53,1415.765,251,433,0.58,18,52,0.346,90,127,0.709,232,316,548,65,88,36,85,31,182,118,610,164,1640.1,12,0,1483.0,1651.0,29,30,76,50,35,36,36,35,45,47,31,34,39,56,8,31,18,50,26,36,18,77,95,35,35,19,28,30,11,29,30,1,2024-25
1630192,Zeke Nnaji,Zeke,1610612743,DEN,24.0,57,36,21,0.632,607.9666666666667,70,141,0.496,17,52,0.327,27,44,0.614,33,57,90,23,14,25,38,13,62,38,184,-23,501.5,0,0,440.0,509.0,43,27,47,26,70,73,72,71,46,47,40,69,65,88,84,86,90,81,87,52,51,46,39,68,74,64,70,78,11,73,70,1,2024-25
201143,Al Horford,Al,1610612744,GSW,40.0,45,22,23,0.489,969.185,138,324,0.426,74,205,0.361,22,26,0.846,44,175,219,116,42,30,51,7,51,21,372,-9,1009.8,0,0,943.0,1066.0,63,53,52,68,57,61,48,100,22,25,30,82,84,11,74,58,66,28,57,50,34,28,35,83,58,58,57,83,13,57,56,1,2025-26
1642259,Alex Sarr,Alex,1610612764,WAS,21.0,48,11,37,0.229,1304.6616666666666,316,656,0.482,50,150,0.333,101,146,0.692,105,250,355,130,82,39,95,60,105,125,783,-351,1724.0,12,0,1586.0,1800.0,55,79,96,104,40,29,21,80,34,32,43,32,32,71,45,36,41,22,29,38,11,106,58,33,30,109,28,26,13,31,28,1,2025-26
1630578,Alperen Sengun,Alperen,1610612745,HOU,23.0,72,46,26,0.639,2397.695,583,1123,0.519,40,131,0.305,260,376,0.691,215,425,640,445,227,85,77,64,238,366,1466,205,3160.5,34,4,2915.0,3482.0,18,10,63,29,2,2,4,62,36,34,57,8,7,72,8,12,9,2,2,4,18,109,108,3,6,13,3,7,2,4,3,1,2025-26
1642873,Amari Williams,Amari,1610612738,BOS,24.0,22,15,7,0.682,145.72333333333333,10,20,0.5,0,0,0.0,10,14,0.714,9,31,40,10,11,3,10,2,19,14,30,-58,121.0,0,0,106.0,129.0,86,74,22,18,94,97,94,74,80,87,80,91,92,58,98,92,93,90,90,93,80,17,19,92,95,83,95,83,13,95,95,1,2025-26
203083,Andre Drummond,Andre,1610612755,PHI,32.0,63,33,30,0.524,1230.7483333333332,159,337,0.472,32,90,0.356,53,84,0.631,200,332,532,80,61,38,49,21,125,84,403,-86,1361.4,17,0,1221.0,1356.0,40,38,77,57,42,55,46,88,39,38,35,59,56,85,9,23,20,46,43,40,36,67,68,54,54,89,43,17,13,39,42,1,2025-26
203076,Anthony Davis,Anthony,1610612764,WAS,33.0,20,10,10,0.5,625.63,169,334,0.506,10,37,0.27,59,81,0.728,62,159,221,56,41,22,33,14,42,87,407,-50,880.2,13,0,804.0,905.0,87,82,26,61,69,53,47,69,49,51,61,53,57,55,63,64,65,62,58,57,55,51,30,53,53,80,64,24,13,64,64,1,2025-26
1630574,Ariel Hukporti,Ariel,1610612752,NYK,24.0,54,35,19,0.648,497.96166666666664,45,80,0.563,1,4,0.25,26,33,0.788,56,103,159,29,32,9,26,8,67,32,117,35,424.3,0,0,376.0,439.0,52,34,42,27,74,83,84,48,68,74,65,78,80,33,67,72,73,74,66,81,63,31,44,81,83,38,77,83,13,77,77,1,2025-26
1628389,Bam Adebayo,Bam,1610612748,MIA,28.0,73,37,36,0.507,2364.685,506,1145,0.442,127,400,0.318,329,423,0.778,149,583,732,232,120,86,49,37,122,337,1468,331,2979.4,35,0,2829.0,3069.0,17,29,92,59,4,7,2,95,5,2,53,5,5,36,24,4,7,7,12,2,36,88,67,6,5,8,6,6,13,6,6,1,2025-26
202687,Bismack Biyombo,Bismack,1610612759,SAS,33.0,25,20,5,0.8,141.35333333333332,9,15,0.6,0,0,0.0,5,7,0.714,5,21,26,5,8,4,2,2,27,8,23,-100,71.7,0,0,66.0,77.0,85,60,19,3,95,98,97,32,80,87,80,96,96,58,101,96,97,97,96,89,98,17,24,96,98,92,97,83,13,97,97,1,2025-26
1642382,Branden Carlson,Branden,1610612760,OKC,27.0,42,32,10,0.762,488.2033333333333,98,186,0.527,31,86,0.36,15,26,0.577,29,95,124,29,16,8,27,12,36,20,242,-24,523.3,3,0,496.0,529.0,67,40,26,8,75,68,68,58,40,41,31,84,84,93,83,75,77,74,83,82,62,44,26,86,69,66,72,49,13,72,72,1,2025-26
201572,Brook Lopez,Brook,1610612746,LAC,38.0,75,41,34,0.547,1635.2733333333333,232,542,0.428,114,317,0.36,56,74,0.757,47,226,273,97,61,45,87,19,154,94,634,42,1442.1,1,0,1382.0,1497.0,12,20,89,52,28,36,31,99,10,10,32,57,62,44,72,41,55,37,43,28,13,62,84,48,36,34,36,67,13,36,37,1,2025-26
1629646,Charles Bassey,Charles,1610612744,GSW,25.0,13,4,9,0.308,152.70333333333335,31,47,0.66,0,0,0.0,14,20,0.7,23,34,57,7,6,4,11,4,19,16,76,-44,193.9,2,0,170.0,192.0,91,94,24,88,93,87,90,14,80,87,80,86,86,67,88,91,89,95,98,89,78,22,19,90,89,76,89,60,13,91,91,4,2025-26
1631096,Chet Holmgren,Chet,1610612760,OKC,24.0,69,56,13,0.812,1997.2683333333334,434,779,0.557,88,243,0.362,225,284,0.792,130,484,614,115,107,43,131,52,158,260,1181,678,2505.3,24,0,2346.0,2547.0,22,1,33,2,13,9,13,49,18,17,28,10,11,30,38,7,11,29,14,32,3,104,87,9,8,2,11,10,13,11,12,1,2025-26
1631132,Christian Koloko,Christian,1610612737,ATL,26.0,27,16,11,0.593,356.66833333333335,31,74,0.419,1,9,0.111,10,15,0.667,31,50,81,18,16,14,23,14,48,18,73,-13,292.2,0,0,247.0,301.0,83,72,30,41,83,87,86,104,68,62,77,91,91,76,82,85,84,82,83,75,68,51,33,88,90,62,85,83,13,85,85,3,2025-26
203991,Clint Capela,Clint,1610612745,HOU,32.0,75,47,28,0.627,925.6616666666666,118,227,0.52,1,2,0.5,45,78,0.577,160,185,345,50,41,36,63,22,74,58,282,162,1027.0,1,0,876.0,1024.0,12,7,71,33,58,65,61,61,68,82,6,63,60,93,21,55,43,66,58,44,27,68,48,65,65,17,56,67,13,61,58,1,2025-26
1630658,Colin Castleton,Colin,1610612753,ORL,26.0,4,3,1,0.75,21.383333333333333,2,5,0.4,0,0,0.0,1,1,1.0,2,6,8,1,2,1,0,1,2,2,5,6,17.1,0,0,16.0,18.0,103,95,1,9,110,109,108,105,80,87,80,104,105,1,106,104,106,109,102,102,106,11,2,102,109,48,109,83,13,109,109,1,2025-26
1629655,Daniel Gafford,Daniel,1610612742,DAL,27.0,55,12,43,0.218,1194.4383333333333,207,316,0.655,0,0,0.0,110,161,0.683,138,240,378,58,63,42,69,41,144,149,524,-188,1334.6,10,0,1182.0,1351.0,51,78,102,105,46,43,49,16,80,87,80,29,26,73,34,38,36,60,39,33,23,94,78,25,44,102,44,31,13,44,43,1,2025-26
203967,Dario Saric,Dario,1610612758,SAC,32.0,5,1,4,0.2,41.248333333333335,1,6,0.167,1,3,0.333,2,2,1.0,1,5,6,2,2,0,0,1,3,1,5,0,13.2,0,0,14.0,15.0,99,106,11,106,104,110,107,111,68,79,43,100,102,1,111,107,109,106,102,106,106,11,3,106,109,53,111,83,13,110,111,1,2025-26
1630549,Day'Ron Sharpe,Day'Ron,1610612751,BKN,24.0,62,17,45,0.274,1159.915,214,356,0.601,9,39,0.231,103,152,0.678,171,242,413,145,106,67,26,33,147,122,540,-114,1426.1,5,0,1293.0,1522.0,42,67,104,94,48,42,45,31,50,50,67,31,30,75,16,37,32,20,16,9,63,81,81,35,42,95,37,40,13,37,36,1,2025-26
201599,DeAndre Jordan,DeAndre,1610612740,NOP,37.0,12,6,6,0.5,198.8,21,32,0.656,0,0,0.0,11,17,0.647,26,50,76,11,9,4,10,5,16,14,53,-1,193.7,0,0,168.0,193.0,93,91,20,61,89,92,92,15,80,87,80,90,90,80,86,85,85,89,94,89,80,24,16,92,92,54,90,83,13,92,90,1,2025-26
1629731,Dean Wade,Dean,1610612739,CLE,29.0,59,36,23,0.61,1317.6833333333334,122,278,0.439,71,196,0.362,27,38,0.711,53,194,247,88,16,44,23,11,90,44,342,151,955.4,1,0,882.0,966.0,47,32,52,36,38,63,55,98,26,27,27,75,77,62,69,53,61,42,83,30,68,39,55,70,61,20,61,67,13,59,61,1,2025-26
1629028,Deandre Ayton,Deandre,1610612747,LAL,27.0,72,46,26,0.639,1958.385,403,601,0.671,0,0,0.0,91,141,0.645,185,390,575,59,83,41,70,27,157,117,897,-8,1925.5,22,0,1753.0,1923.0,18,10,63,29,16,11,28,13,80,87,80,37,34,81,11,20,14,58,27,35,21,74,86,38,21,56,21,14,13,24,23,1,2025-26
1641726,Dereck Lively II,Dereck,1610612742,DAL,22.0,7,3,4,0.429,115.27333333333333,11,18,0.611,0,0,0.0,8,10,0.8,14,23,37,13,10,4,11,2,21,9,30,14,128.9,0,0,110.0,138.0,98,95,11,73,96,93,95,29,80,87,80,94,95,27,93,95,95,86,91,89,78,17,21,95,95,43,94,83,13,94,94,1,2025-26
1642852,Derik Queen,Derik,1610612740,NOP,21.0,81,26,55,0.321,2023.38,354,748,0.473,23,88,0.261,217,273,0.795,136,436,572,298,190,84,74,61,215,220,948,-304,2365.4,14,2,2157.0,2590.0,2,45,109,87,11,18,14,87,43,40,62,11,12,28,36,10,15,4,4,5,20,108,104,16,15,107,13,22,5,14,11,1,2025-26
1627734,Domantas Sabonis,Domantas,1610612758,SAC,30.0,19,3,16,0.158,563.5883333333334,120,221,0.543,5,27,0.185,56,77,0.727,64,152,216,78,51,18,4,18,66,68,301,-177,692.2,12,0,644.0,739.0,89,95,38,109,71,64,63,55,55,52,71,57,61,56,62,66,67,47,52,65,92,60,42,61,64,100,67,26,13,67,67,1,2025-26
1642270,Donovan Clingan,Donovan,1610612757,POR,22.0,77,41,36,0.532,2093.6366666666668,356,684,0.52,84,246,0.341,138,203,0.68,347,545,892,162,95,44,130,41,182,175,934,14,2674.4,37,0,2420.0,2672.0,6,20,92,54,9,17,17,60,19,16,40,21,19,74,1,6,1,16,22,30,4,94,97,20,17,43,7,5,13,8,9,1,2025-26
1629234,Drew Eubanks,Drew,1610612758,SAC,29.0,42,10,32,0.238,552.27,93,156,0.596,1,7,0.143,32,57,0.561,39,88,127,19,30,15,26,11,57,51,219,-157,492.9,1,0,448.0,507.0,67,82,85,101,72,69,71,39,68,65,74,71,67,95,78,76,76,81,69,72,63,39,39,66,71,99,74,67,13,75,74,1,2025-26
1641871,Duop Reath,Duop,1610612757,POR,30.0,32,16,16,0.5,258.17,33,74,0.446,23,55,0.418,5,6,0.833,10,28,38,10,7,5,8,2,28,6,94,-39,186.6,0,0,191.0,191.0,80,72,38,61,87,86,86,93,43,46,14,96,97,15,96,94,94,90,97,86,86,17,25,98,86,72,92,83,13,88,92,1,2025-26
203939,Dwight Powell,Dwight,1610612742,DAL,34.0,63,19,44,0.302,904.4116666666666,65,101,0.644,2,7,0.286,78,112,0.696,96,161,257,68,41,34,21,12,133,107,210,-9,744.4,3,0,647.0,768.0,40,62,103,89,62,76,79,21,62,65,59,44,44,70,49,62,60,51,58,47,71,44,74,43,73,58,66,49,13,66,66,1,2025-26
1642928,Dylan Cardwell,Dylan,1610612758,SAC,24.0,44,13,31,0.295,906.5383333333333,105,179,0.587,2,4,0.5,26,51,0.51,147,185,332,62,39,30,67,19,161,51,238,-66,981.4,3,0,828.0,985.0,64,76,81,90,61,66,70,40,62,74,6,78,69,100,26,55,44,56,63,50,25,62,90,66,70,85,59,49,13,62,60,1,2025-26
1630596,Evan Mobley,Evan,1610612739,CLE,25.0,65,40,25,0.615,2074.2883333333334,469,859,0.546,62,209,0.297,180,297,0.606,156,430,586,234,122,48,113,48,159,228,1180,224,2595.2,27,0,2384.0,2717.0,34,23,61,35,10,8,9,53,29,24,58,14,10,89,22,11,12,6,11,26,7,100,89,13,9,11,9,9,13,9,8,1,2025-26
1629048,Goga Bitadze,Goga,1610612753,ORL,26.0,64,34,30,0.531,972.0066666666667,152,225,0.676,2,11,0.182,69,97,0.711,137,183,320,84,43,37,61,13,136,94,375,17,1136.0,3,0,977.0,1157.0,37,36,77,55,56,56,62,12,62,60,72,48,52,60,35,57,48,43,56,42,28,49,77,48,57,42,52,49,13,55,52,1,2025-26
1630621,Hunter Dickinson,Hunter,1610612740,NOP,25.0,5,1,4,0.2,42.47833333333333,5,14,0.357,0,4,0.0,2,2,1.0,2,3,5,2,3,1,2,0,6,1,12,-37,27.0,0,0,25.0,30.0,99,106,11,106,103,103,98,108,80,74,80,100,102,1,106,109,110,106,100,102,98,1,8,106,105,69,106,83,13,106,106,1,2025-26
1628392,Isaiah Hartenstein,Isaiah,1610612760,OKC,28.0,47,39,8,0.83,1137.425,184,296,0.622,0,7,0.0,64,105,0.61,149,294,443,166,82,48,36,17,118,97,432,365,1382.6,11,1,1209.0,1459.0,59,25,23,1,51,48,51,28,80,65,80,51,45,88,24,28,28,15,29,26,52,55,64,45,52,7,41,29,7,42,39,1,2025-26
1630191,Isaiah Stewart,Isaiah,1610612765,DET,25.0,58,42,16,0.724,1317.135,221,402,0.55,40,120,0.333,99,131,0.756,96,194,290,66,67,16,93,23,166,122,581,39,1288.0,2,0,1195.0,1330.0,49,18,38,14,39,39,40,51,36,37,43,34,36,45,49,53,50,53,36,70,12,69,92,35,38,35,46,60,13,43,46,1,2025-26
1627826,Ivica Zubac,Ivica,1610612754,IND,29.0,48,17,31,0.354,1446.6983333333333,288,482,0.598,0,0,0.0,101,142,0.711,162,347,509,105,86,18,40,35,112,147,677,-46,1533.3,24,0,1407.0,1570.0,55,67,81,83,33,31,35,38,80,87,80,32,33,61,19,22,23,32,25,65,46,84,62,26,35,78,33,10,13,35,34,2,2025-26
1627751,Jakob Poeltl,Jakob,1610612761,TOR,30.0,46,26,20,0.565,1149.06,217,310,0.7,0,0,0.0,59,98,0.602,114,209,323,93,57,40,32,12,145,92,493,48,1179.1,7,0,1053.0,1218.0,61,45,47,44,50,41,50,10,80,87,80,53,51,90,41,48,47,40,47,37,57,44,79,51,48,30,50,35,13,53,50,1,2025-26
1631105,Jalen Duren,Jalen,1610612765,DET,22.0,70,50,20,0.714,1975.8533333333332,522,803,0.65,0,0,0.0,321,430,0.747,265,472,737,138,130,57,59,82,195,301,1365,480,2674.4,41,0,2472.0,2726.0,21,4,47,15,14,5,11,18,80,87,80,6,4,48,3,9,5,21,7,18,29,111,100,8,7,4,7,4,13,7,7,1,2025-26
1630188,Jalen Smith,Jalen,1610612741,CHI,26.0,53,26,27,0.491,1095.3883333333333,195,404,0.483,82,220,0.373,69,93,0.742,98,257,355,65,53,24,42,19,111,97,541,86,1209.5,9,0,1175.0,1224.0,53,45,67,67,53,46,39,79,21,22,24,48,54,50,48,33,41,55,51,56,43,62,61,45,41,26,49,33,13,46,49,1,2025-26
1630164,James Wiseman,James,1610612754,IND,25.0,4,0,4,0.0,58.461666666666666,6,10,0.6,0,0,0.0,1,2,0.5,5,3,8,3,5,0,1,1,10,2,13,-9,25.1,0,0,26.0,30.0,103,111,11,111,100,99,101,32,80,87,80,104,102,101,101,109,106,101,99,106,102,11,12,102,102,58,107,83,13,105,106,1,2025-26
1628991,Jaren Jackson Jr.,Jaren,1610612762,UTA,26.0,48,19,29,0.396,1454.6483333333333,342,719,0.476,84,235,0.357,163,203,0.803,42,230,272,94,107,53,69,54,179,190,931,-63,1657.4,3,0,1625.0,1757.0,55,62,74,79,32,20,15,86,19,18,34,16,19,25,76,40,57,38,14,22,23,105,96,17,18,84,31,49,13,30,31,2,2025-26
1628386,Jarrett Allen,Jarrett,1610612739,CLE,28.0,56,37,19,0.661,1519.12,337,528,0.638,1,10,0.1,185,261,0.709,144,332,476,100,75,55,47,35,95,223,860,213,1812.2,20,0,1641.0,1842.0,50,29,42,23,29,22,32,24,68,61,79,13,14,65,29,23,27,35,32,20,39,84,57,15,24,12,26,15,13,29,26,1,2025-26
1629637,Jaxson Hayes,Jaxson,1610612747,LAL,26.0,66,43,23,0.652,1206.5783333333334,198,262,0.756,3,3,1.0,98,150,0.653,99,172,271,59,31,29,52,10,127,139,497,71,1122.7,1,0,992.0,1129.0,31,15,52,26,43,45,58,3,59,79,1,35,31,79,47,60,58,58,68,52,33,33,70,30,47,28,53,67,13,54,55,1,2025-26
1630643,Jay Huff,Jay,1610612754,IND,28.0,82,19,63,0.232,1719.2433333333333,291,611,0.476,119,373,0.319,82,99,0.828,73,251,324,121,76,41,153,20,196,107,783,-252,1859.3,1,0,1735.0,1931.0,1,62,111,103,26,30,27,85,7,6,51,42,50,17,58,35,46,27,31,35,2,66,102,43,30,104,24,67,13,26,21,1,2025-26
1630579,Jericho Sims,Jericho,1610612749,MIL,27.0,67,25,42,0.373,1317.835,145,185,0.784,0,0,0.0,44,71,0.62,147,223,370,104,75,19,17,17,146,78,334,-272,967.0,6,1,880.0,1020.0,29,48,101,81,37,59,69,2,80,87,80,64,64,86,26,43,39,33,32,63,76,55,80,59,63,106,60,37,7,60,59,1,2025-26
1629111,Jock Landale,Jock,1610612737,ATL,30.0,68,36,32,0.529,1506.0766666666666,282,548,0.515,74,193,0.383,80,126,0.635,183,204,387,115,60,35,36,32,150,138,718,-55,1507.9,9,0,1436.0,1548.0,27,32,85,56,30,33,30,64,22,28,19,43,37,84,13,50,34,29,45,45,52,79,83,31,33,81,34,33,13,34,35,2,2025-26
203954,Joel Embiid,Joel,1610612755,PHI,32.0,38,24,14,0.632,1200.6383333333333,341,697,0.489,53,159,0.333,286,335,0.854,75,218,293,150,109,21,46,39,82,231,1021,155,1689.6,10,1,1651.0,1815.0,74,50,34,32,44,21,16,78,32,31,43,7,8,10,56,46,49,19,13,60,40,90,52,11,13,19,30,31,7,28,27,1,2025-26
1628381,John Collins,John,1610612746,LAC,28.0,69,32,37,0.464,1871.4783333333332,364,659,0.552,89,219,0.406,118,154,0.766,110,257,367,70,95,60,51,44,187,153,935,-38,1718.4,3,0,1683.0,1775.0,22,40,96,71,20,16,19,50,17,23,15,27,29,41,42,33,40,49,22,13,34,97,99,23,16,70,29,49,13,27,30,1,2025-26
202685,Jonas Valanciunas,Jonas,1610612743,DEN,34.0,65,42,23,0.646,871.065,227,390,0.582,8,26,0.308,105,136,0.772,105,224,329,78,73,14,37,29,133,143,567,-44,1158.8,5,0,1084.0,1205.0,34,18,52,28,63,38,41,41,53,53,56,30,35,38,45,42,45,47,35,75,51,76,74,27,39,76,51,40,13,51,51,1,2025-26
1642490,Josh Oduro,Josh,1610612740,NOP,25.0,3,1,2,0.333,81.76666666666667,11,17,0.647,0,2,0.0,3,6,0.5,11,12,23,4,2,0,0,0,14,7,25,1,56.6,1,0,52.0,56.0,109,106,7,85,98,93,96,19,80,82,80,99,97,101,95,98,98,100,102,106,106,1,14,97,97,51,98,67,13,98,98,1,2025-26
203944,Julius Randle,Julius,1610612750,MIN,31.0,79,47,32,0.595,2610.2966666666666,580,1207,0.481,109,346,0.315,398,496,0.802,132,400,532,398,217,86,18,60,223,347,1667,232,2997.4,15,3,2914.0,3307.0,4,7,85,40,1,3,1,81,13,8,54,2,1,26,37,19,20,3,3,2,75,106,106,5,2,10,5,21,3,5,4,1,2025-26
203994,Jusuf Nurkić,Jusuf,1610612762,UTA,31.0,41,14,27,0.341,1083.0683333333334,180,358,0.503,25,71,0.352,62,113,0.549,106,319,425,196,101,52,22,30,134,115,447,-187,1372.0,16,3,1241.0,1486.0,71,75,67,84,54,49,43,72,41,43,37,52,43,98,44,25,29,13,19,23,70,77,76,41,50,101,42,19,3,38,38,1,2025-26
1626157,Karl-Anthony Towns,Karl-Anthony,1610612752,NYK,30.0,75,49,26,0.653,2321.7816666666668,517,1032,0.501,113,307,0.368,357,416,0.858,233,656,889,226,187,65,40,73,255,366,1504,378,3037.8,56,1,2942.0,3160.0,12,6,63,25,5,6,6,73,11,11,26,4,6,9,5,1,2,9,5,11,46,110,110,3,4,6,4,1,7,3,5,1,2025-26
1631255,Karlo Matković,Karlo,1610612740,NOP,25.0,62,24,38,0.387,911.7566666666667,142,235,0.604,38,90,0.422,30,41,0.732,72,157,229,50,34,25,54,10,105,37,352,-93,904.8,1,0,827.0,918.0,42,50,98,80,59,60,60,30,38,38,13,73,75,53,59,65,64,66,65,55,31,33,58,76,60,91,63,67,13,63,63,1,2025-26
1642276,Kel'el Ware,Kel'el,1610612748,MIA,22.0,77,39,38,0.506,1703.8216666666667,344,649,0.53,92,233,0.395,71,96,0.74,217,477,694,56,62,59,84,26,119,83,851,-66,2134.8,24,0,1979.0,2086.0,6,25,98,60,27,19,22,57,16,19,16,47,53,52,7,8,8,62,41,16,15,71,65,55,25,85,15,10,13,15,20,1,2025-26
203482,Kelly Olynyk,Kelly,1610612759,SAS,35.0,42,33,9,0.786,360.2133333333333,47,96,0.49,12,47,0.255,27,38,0.711,24,52,76,49,24,15,3,7,39,39,133,-38,327.7,0,0,306.0,361.0,67,38,24,4,82,82,83,77,48,48,64,75,77,62,87,84,85,68,77,72,94,28,28,74,81,70,84,83,13,83,82,1,2025-26
201567,Kevin Love,Kevin,1610612762,UTA,37.0,37,10,27,0.27,612.8,79,199,0.397,53,142,0.373,37,44,0.841,55,160,215,67,30,14,9,1,54,41,248,-80,645.5,2,0,629.0,666.0,76,82,67,96,70,72,66,106,32,33,23,67,71,14,68,63,69,52,69,75,84,11,36,72,67,88,70,60,13,68,70,1,2025-26
1642863,Khaman Maluach,Khaman,1610612756,PHX,19.0,46,22,24,0.478,411.025,56,105,0.533,5,21,0.238,22,31,0.71,49,84,133,6,25,5,33,12,43,27,139,47,396.6,1,0,359.0,398.0,61,53,57,69,81,80,78,56,55,55,66,82,82,64,71,78,75,96,76,86,55,44,31,82,80,31,79,67,13,79,79,1,2025-26
204001,Kristaps Porziņģis,Kristaps,1610612744,GSW,30.0,32,13,19,0.406,768.8916666666667,173,388,0.446,54,160,0.338,133,158,0.842,40,127,167,81,41,18,38,14,92,138,533,45,981.9,1,0,947.0,1030.0,80,76,42,76,64,52,42,94,31,30,41,23,27,12,77,69,72,45,58,65,50,51,56,31,43,33,58,67,13,56,57,2,2025-26
1642271,Kyle Filipowski,Kyle,1610612762,UTA,22.0,77,21,56,0.273,1800.9433333333334,323,657,0.492,74,228,0.325,159,212,0.75,144,408,552,198,125,73,39,51,232,150,879,-256,2049.4,13,0,1927.0,2163.0,6,56,110,95,23,28,20,76,22,20,49,17,18,46,29,17,18,12,10,8,48,102,107,24,23,105,19,24,13,18,16,1,2025-26
1642950,Lachlan Olbrich,Lachlan,1610612741,CHI,22.0,37,9,28,0.243,344.2216666666667,36,77,0.468,2,19,0.105,15,40,0.375,45,67,112,42,16,12,8,6,49,37,89,25,330.4,1,1,285.0,345.0,76,88,71,100,84,85,85,90,62,57,78,84,76,108,73,81,82,70,83,78,86,26,34,76,87,40,83,67,7,84,84,1,2025-26
1626204,Larry Nance Jr.,Larry,1610612739,CLE,33.0,35,25,10,0.714,448.77,52,124,0.419,21,63,0.333,6,13,0.462,29,64,93,34,20,21,6,7,55,21,131,-17,354.6,0,0,333.0,373.0,79,48,26,15,77,81,75,103,46,45,43,95,94,104,83,82,83,71,80,60,89,28,37,83,82,65,82,83,13,81,81,1,2025-26
1628374,Lauri Markkanen,Lauri,1610612762,UTA,29.0,42,17,25,0.405,1442.5966666666666,384,805,0.477,115,324,0.355,240,268,0.896,84,205,289,89,63,42,21,46,77,231,1123,-55,1729.3,5,0,1742.0,1779.0,67,67,61,77,34,14,10,84,8,9,36,9,13,8,53,49,51,41,39,33,71,99,51,11,10,81,27,40,13,25,29,1,2025-26
1643133,Lawson Lovering,Lawson,1610612763,MEM,23.0,2,1,1,0.5,49.265,6,10,0.6,0,0,0.0,2,5,0.4,6,9,15,3,2,3,1,1,7,4,14,1,46.5,1,0,40.0,47.0,111,106,1,61,101,99,101,32,80,87,80,100,99,106,100,102,101,101,102,93,102,11,10,100,99,51,101,67,13,101,101,1,2025-26
1630568,Luka Garza,Luka,1610612738,BOS,27.0,69,47,22,0.681,1117.9083333333333,206,357,0.577,55,127,0.433,90,117,0.769,156,125,281,66,46,27,28,25,161,119,557,124,1112.2,2,0,1069.0,1135.0,22,7,50,19,52,44,44,43,30,36,10,38,39,40,22,71,53,53,55,53,61,70,90,37,40,21,54,60,13,52,54,1,2025-26
1628436,Luke Kornet,Luke,1610612759,SAS,30.0,68,52,16,0.765,1430.08,175,272,0.643,0,0,0.0,94,114,0.825,181,233,414,126,28,32,65,18,120,125,444,118,1392.8,3,0,1178.0,1401.0,27,2,38,7,35,51,56,22,80,87,80,36,41,20,15,39,31,24,72,48,26,60,66,33,51,22,38,49,13,45,41,1,2025-26
1631109,Mark Williams,Mark,1610612756,PHX,24.0,60,34,26,0.567,1416.05,282,438,0.644,1,1,1.0,135,175,0.771,185,292,477,58,65,55,55,26,132,143,700,-42,1624.4,14,0,1456.0,1623.0,44,36,63,43,36,33,38,20,68,85,1,22,23,39,11,29,25,60,38,20,30,71,73,27,34,74,32,22,13,33,32,1,2025-26
203486,Mason Plumlee,Mason,1610612759,SAS,36.0,20,10,10,0.5,171.48833333333334,11,14,0.786,0,0,0.0,9,14,0.643,17,36,53,20,12,10,0,1,17,15,31,-8,142.6,0,0,124.0,154.0,87,82,26,61,91,93,98,1,80,87,80,93,92,83,91,90,92,80,89,79,106,11,17,91,94,56,93,83,13,93,93,2,2025-26
1642875,Maxime Raynaud,Maxime,1610612758,SAC,23.0,74,21,53,0.284,1963.88,383,671,0.571,24,74,0.324,132,168,0.786,142,414,556,100,94,38,39,38,170,141,922,-461,1876.2,18,0,1756.0,1909.0,15,56,108,93,15,15,18,46,42,42,50,24,25,34,31,15,17,35,24,40,48,89,94,29,19,110,22,16,13,23,24,1,2025-26
1630695,Micah Potter,Micah,1610612754,IND,28.0,47,11,36,0.234,908.3166666666667,151,293,0.515,71,168,0.423,85,101,0.842,58,175,233,69,47,22,15,10,82,83,458,-120,905.1,7,0,905.0,940.0,59,79,92,102,60,57,53,63,26,29,12,40,48,13,66,58,63,50,54,57,77,33,52,55,49,96,62,35,13,58,62,1,2025-26
1629011,Mitchell Robinson,Mitchell,1610612752,NYK,28.0,60,40,20,0.667,1174.5016666666668,149,206,0.723,0,0,0.0,42,103,0.408,252,273,525,52,41,56,70,10,127,88,340,157,1385.0,6,0,1169.0,1347.0,44,23,47,20,47,58,64,6,80,87,80,65,46,105,4,32,22,65,58,19,21,33,70,52,62,18,40,37,13,47,44,1,2025-26
1628964,Mo Bamba,Mo,1610612762,UTA,28.0,4,3,1,0.75,43.8,5,11,0.455,0,0,0.0,0,0,0.0,10,12,22,1,2,0,3,0,6,1,10,-13,44.9,0,0,39.0,43.0,103,95,1,9,102,103,100,92,80,87,80,109,109,109,96,98,99,109,102,106,94,1,8,106,106,62,102,83,13,103,103,2,2025-26
1629021,Moritz Wagner,Moritz,1610612753,ORL,29.0,36,21,15,0.583,426.595,83,195,0.426,22,70,0.314,59,72,0.819,27,88,115,27,19,15,2,19,58,67,247,-88,457.5,0,0,445.0,467.0,78,56,37,42,79,71,67,101,45,44,55,53,63,22,85,76,81,77,81,72,98,62,40,62,68,90,76,83,13,76,76,1,2025-26
1630619,Moussa Cisse,Moussa,1610612742,DAL,23.0,38,11,27,0.289,529.58,66,115,0.574,0,0,0.0,38,81,0.469,89,127,216,9,30,19,45,13,73,67,170,-3,604.7,2,0,523.0,596.0,74,79,67,91,73,75,77,44,80,87,80,66,57,103,52,69,67,93,69,63,41,49,47,62,77,55,71,60,13,71,71,1,2025-26
1626167,Myles Turner,Myles,1610612749,MIL,30.0,71,30,41,0.423,1911.8033333333333,284,646,0.44,147,384,0.383,131,177,0.74,75,303,378,103,83,50,115,32,185,158,846,-227,1866.1,4,0,1804.0,1925.0,20,43,100,74,19,32,23,97,2,4,20,25,22,51,56,27,36,34,27,24,6,79,98,22,26,103,23,47,13,20,22,1,2025-26
1642368,N'Faly Dante,N'Faly,1610612737,ATL,24.0,4,3,1,0.75,15.416666666666666,1,4,0.25,0,0,0.0,1,1,1.0,3,4,7,0,1,2,0,0,1,2,3,10,16.4,0,0,14.0,16.0,103,95,1,9,111,110,110,110,80,87,80,104,105,1,103,108,108,111,108,97,106,1,1,102,111,46,110,83,13,110,110,1,2025-26
1629675,Naz Reid,Naz,1610612750,MIN,26.0,77,46,31,0.597,2007.35,397,871,0.456,162,448,0.362,90,123,0.732,90,387,477,170,126,76,78,40,195,116,1046,169,2209.4,6,0,2163.0,2325.0,6,10,81,39,12,12,7,91,1,1,29,38,38,53,51,21,25,14,9,7,17,93,100,40,12,16,14,37,13,13,14,1,2025-26
1629674,Neemias Queta,Neemias,1610612738,BOS,26.0,76,52,24,0.684,1926.2066666666667,326,499,0.653,1,8,0.125,123,175,0.703,230,406,636,126,75,60,100,36,216,189,776,480,2133.2,17,0,1859.0,2144.0,10,2,57,17,17,26,33,17,68,63,75,26,23,66,6,18,10,24,32,13,10,87,105,18,32,4,16,17,13,19,18,1,2025-26
1629651,Nic Claxton,Nic,1610612751,BKN,27.0,69,17,52,0.246,1920.3666666666666,333,583,0.571,3,19,0.158,141,229,0.616,168,310,478,253,96,45,77,45,158,239,810,-515,2033.1,11,2,1788.0,2160.0,22,67,107,98,18,24,29,45,59,57,73,20,16,87,17,26,24,5,21,28,18,98,87,10,28,111,20,29,5,21,17,1,2025-26
1630208,Nick Richards,Nick,1610612741,CHI,28.0,48,20,28,0.417,700.71,103,201,0.512,5,18,0.278,65,101,0.644,77,166,243,16,59,10,32,35,88,82,276,-136,658.6,4,0,624.0,677.0,55,60,71,75,67,67,65,65,55,59,60,50,48,82,54,61,62,83,46,79,57,84,54,57,66,97,69,47,13,69,69,2,2025-26
203999,Nikola Jokić,Nikola,1610612743,DEN,31.0,65,43,22,0.662,2264.855,644,1132,0.569,112,295,0.38,399,480,0.831,192,644,836,697,243,92,53,50,173,433,1799,555,4039.7,55,34,3734.0,4464.0,34,15,50,22,8,1,3,47,12,13,21,1,2,16,10,2,4,1,1,1,32,101,95,1,1,3,1,2,1,1,1,1,2025-26
202696,Nikola Vučević,Nikola,1610612738,BOS,35.0,64,35,29,0.547,1818.1183333333333,394,799,0.493,100,271,0.369,77,93,0.828,125,412,537,213,85,39,41,30,127,117,965,-42,2083.9,23,0,1975.0,2168.0,37,34,74,51,22,13,12,75,14,15,25,45,54,18,40,16,19,10,26,38,44,77,70,38,14,74,17,13,13,16,15,2,2025-26
1641730,Noah Clowney,Noah,1610612751,BKN,21.0,66,17,49,0.258,1780.0633333333333,250,631,0.396,129,392,0.329,180,224,0.804,52,221,273,108,102,50,45,39,168,185,809,-329,1481.6,1,0,1509.0,1583.0,31,67,106,97,24,35,25,107,4,3,48,14,17,23,70,44,55,31,18,24,41,90,93,19,29,108,35,67,13,32,33,1,2025-26
1630846,Olivier Sarr,Olivier,1610612739,CLE,27.0,4,3,1,0.75,39.35,5,7,0.714,2,3,0.667,2,5,0.4,2,9,11,5,2,2,3,0,9,5,14,26,47.7,0,0,42.0,50.0,103,95,1,9,105,103,106,7,62,79,4,100,99,106,106,102,103,97,102,97,94,1,11,99,99,39,100,83,13,99,99,1,2025-26
1630209,Omer Yurtseven,Omer,1610612744,GSW,28.0,9,3,6,0.333,103.955,11,26,0.423,0,4,0.0,12,18,0.667,13,17,30,8,9,2,1,4,15,17,34,-14,82.0,0,0,78.0,89.0,96,95,20,85,97,93,93,102,80,74,80,89,89,76,94,97,96,94,94,97,102,22,15,89,93,64,96,83,13,96,96,1,2025-26
1630168,Onyeka Okongwu,Onyeka,1610612737,ATL,25.0,74,41,33,0.554,2296.9683333333332,413,860,0.48,144,383,0.376,153,202,0.757,140,422,562,231,127,82,79,51,243,171,1123,109,2499.9,16,0,2382.0,2630.0,15,20,88,48,6,10,8,82,3,5,22,19,21,43,33,13,16,8,8,6,16,102,109,21,10,24,12,19,13,10,10,1,2025-26
1631115,Orlando Robinson,Orlando,1610612753,ORL,25.0,4,2,2,0.5,24.816666666666666,3,5,0.6,1,2,0.5,0,0,0.0,2,2,4,3,0,1,0,0,3,1,7,-11,19.3,0,0,17.0,20.0,103,103,7,61,108,107,108,32,68,82,6,109,109,109,106,111,111,101,111,102,106,1,3,106,107,61,108,83,13,108,108,1,2025-26
1631131,Oscar Tshiebwe,Oscar,1610612762,UTA,26.0,27,3,24,0.111,448.42,92,145,0.634,0,0,0.0,27,49,0.551,77,102,179,32,21,16,5,17,39,35,211,-79,515.8,3,0,464.0,517.0,83,95,57,110,78,70,73,25,80,87,80,75,70,97,54,74,71,73,79,70,90,55,28,80,72,87,73,49,13,73,73,1,2025-26
1641790,PJ Hall,PJ,1610612766,CHA,24.0,19,7,12,0.368,213.37833333333333,30,59,0.508,3,5,0.6,23,29,0.793,33,42,75,10,16,3,10,10,22,21,86,-29,214.0,1,0,200.0,220.0,89,89,32,82,88,90,89,68,59,68,5,81,83,29,80,88,87,90,83,93,80,33,22,83,88,67,87,67,13,87,87,2,2025-26
1642366,Quinten Post,Quinten,1610612744,GSW,26.0,67,32,35,0.478,1159.1983333333333,193,439,0.44,93,277,0.336,34,43,0.791,68,201,269,94,56,26,35,17,125,50,513,60,1103.8,0,0,1091.0,1153.0,29,40,90,70,49,47,37,96,15,14,42,68,73,32,60,52,59,38,48,54,54,55,68,68,46,29,55,83,13,49,53,1,2025-26
1629057,Robert Williams III,Robert,1610612757,POR,28.0,59,30,29,0.508,1008.2133333333334,177,250,0.708,9,23,0.391,34,57,0.596,141,274,415,60,49,35,87,12,74,43,397,73,1302.0,5,0,1125.0,1298.0,47,43,74,58,55,50,59,8,50,54,17,68,67,91,32,31,30,57,53,45,13,44,48,71,55,27,45,40,13,48,47,1,2025-26
1642911,Rocco Zikarsky,Rocco,1610612750,MIN,19.0,5,1,4,0.2,36.483333333333334,5,8,0.625,0,0,0.0,4,4,1.0,2,12,14,2,1,0,5,0,3,2,14,7,47.8,0,0,40.0,47.0,99,106,11,106,107,103,105,27,80,87,80,98,101,1,106,98,102,106,108,106,90,1,3,102,99,47,99,83,13,101,101,1,2025-26
203497,Rudy Gobert,Rudy,1610612750,MIN,34.0,76,46,30,0.605,2380.0466666666666,335,491,0.682,0,5,0.0,159,302,0.526,299,573,872,128,106,58,124,39,199,306,829,233,2507.4,33,0,2193.0,2503.0,10,10,77,37,3,23,34,11,80,68,80,17,9,99,2,5,3,23,16,17,5,90,103,7,27,9,10,8,13,12,13,1,2025-26
1641750,Ryan Kalkbrenner,Ryan,1610612766,CHA,24.0,69,39,30,0.565,1479.1316666666667,219,291,0.753,0,5,0.0,83,116,0.716,167,210,377,54,62,32,101,27,107,95,521,46,1391.4,3,0,1218.0,1405.0,22,25,77,44,31,40,54,4,80,68,80,41,40,57,18,47,38,64,41,48,8,74,60,47,45,32,39,49,13,41,40,1,2025-26
1630572,Sandro Mamukelashvili,Sandro,1610612761,TOR,27.0,80,44,36,0.55,1750.6916666666666,330,631,0.523,115,296,0.389,118,158,0.747,108,287,395,151,67,64,41,34,147,109,893,184,1841.5,3,0,1764.0,1905.0,3,14,92,50,25,25,25,59,8,12,18,27,27,47,43,30,33,18,36,12,44,83,81,42,22,15,25,49,13,22,25,1,2025-26
1630583,Santi Aldama,Santi,1610612763,MEM,25.0,43,19,24,0.442,1198.0783333333334,228,476,0.479,70,200,0.35,76,114,0.667,67,220,287,126,55,37,31,11,69,93,602,-48,1284.4,5,0,1221.0,1345.0,65,62,57,72,45,37,36,83,28,26,38,46,41,76,61,45,52,24,49,42,59,39,45,50,37,79,47,40,13,39,45,1,2025-26
1627746,Skal Labissiere,Skal,1610612764,WAS,30.0,3,2,1,0.667,37.55,6,10,0.6,1,5,0.2,0,0,0.0,3,6,9,3,1,2,1,0,3,0,13,2,36.3,0,0,32.0,37.0,109,103,1,20,106,99,101,32,68,68,68,109,109,109,103,104,104,101,108,97,102,1,3,111,102,50,104,83,13,104,104,1,2025-26
203500,Steven Adams,Steven,1610612745,HOU,32.0,32,21,11,0.656,730.365,70,139,0.504,0,0,0.0,47,81,0.58,145,131,276,48,35,22,20,9,55,70,187,194,681.2,3,0,595.0,685.0,80,56,30,24,66,74,74,71,80,87,80,61,57,92,28,68,54,69,64,57,74,32,37,60,75,14,68,49,13,70,68,1,2025-26
1628418,Thomas Bryant,Thomas,1610612739,CLE,28.0,60,37,23,0.617,731.8166666666667,135,267,0.506,47,131,0.359,53,66,0.803,59,146,205,33,28,18,26,11,75,65,370,39,769.5,1,0,743.0,773.0,44,29,52,34,65,62,57,70,35,34,33,59,65,24,65,67,70,72,72,65,63,39,50,64,59,35,65,67,13,65,65,1,2025-26
1628396,Tony Bradley,Tony,1610612737,ATL,28.0,41,10,31,0.244,450.68666666666667,64,117,0.547,2,4,0.5,32,43,0.744,60,56,116,22,18,6,7,14,62,37,162,-140,355.2,0,0,328.0,361.0,71,82,81,99,76,77,76,52,62,74,6,71,73,49,64,83,80,78,82,85,88,51,41,76,78,98,81,83,13,82,82,2,2025-26
1641998,Trey Jemison III,Trey,1610612752,NYK,26.0,13,10,3,0.769,81.58833333333334,6,10,0.6,0,0,0.0,1,1,1.0,8,10,18,5,10,1,2,0,11,3,13,-29,41.1,0,0,42.0,50.0,91,82,9,6,99,99,101,32,80,87,80,104,105,1,99,101,100,97,91,102,98,1,13,101,102,67,103,83,13,99,99,1,2025-26
1641705,Victor Wembanyama,Victor,1610612759,SAS,22.0,64,50,14,0.781,1865.6483333333333,553,1080,0.512,122,350,0.349,372,450,0.827,130,606,736,199,155,66,197,33,156,401,1600,682,3415.7,42,1,3183.0,3523.0,37,4,34,5,21,4,5,66,6,7,39,3,3,19,38,3,6,11,6,10,1,81,85,2,3,1,2,3,7,2,2,1,2025-26
1642884,Vladislav Goldin,Vladislav,1610612748,MIA,25.0,9,5,4,0.556,23.961666666666666,3,4,0.75,0,0,0.0,1,1,1.0,3,6,9,3,3,0,3,0,5,1,7,5,28.3,0,0,25.0,31.0,96,93,11,47,109,107,110,5,80,87,80,104,105,1,103,104,104,101,100,106,94,1,7,106,107,49,105,83,13,106,105,1,2025-26
1631117,Walker Kessler,Walker,1610612762,UTA,24.0,5,2,3,0.4,153.98,26,37,0.703,6,8,0.75,14,20,0.7,23,31,54,15,16,7,9,5,22,12,72,14,191.3,2,0,179.0,204.0,99,103,9,78,92,91,91,9,54,63,3,86,86,67,88,92,91,84,83,83,84,24,22,94,91,43,91,60,13,90,88,1,2025-26
1628976,Wendell Carter Jr.,Wendell,1610612753,ORL,27.0,78,43,35,0.551,2288.3516666666665,326,637,0.512,72,226,0.319,198,250,0.792,162,415,577,154,100,60,49,43,267,227,922,90,2072.4,12,0,1943.0,2134.0,5,15,90,49,7,26,24,67,25,21,52,12,15,31,19,14,13,17,20,13,36,96,111,14,19,25,18,26,13,17,19,1,2025-26
1642905,Yang Hansen,Yang,1610612757,POR,21.0,43,24,19,0.558,299.8933333333333,31,100,0.31,5,42,0.119,28,34,0.824,20,46,66,22,32,3,10,11,43,39,95,-100,214.2,0,0,214.0,244.0,65,50,42,46,85,87,80,109,55,49,76,74,79,21,90,87,88,78,66,93,80,39,31,74,85,92,86,83,13,86,86,1,2025-26
1642949,Yanic Konan Niederhäuser,Yanic Konan,1610612746,LAC,23.0,41,22,19,0.537,423.67833333333334,64,100,0.64,1,5,0.2,47,62,0.758,37,80,117,12,23,5,30,10,66,45,176,38,416.4,0,0,376.0,422.0,71,53,42,53,80,77,80,23,68,68,68,61,66,42,79,79,79,87,78,86,60,33,42,69,76,37,78,83,13,77,78,1,2025-26
1642274,Yves Missi,Yves,1610612740,NOP,22.0,66,19,47,0.288,1297.0366666666666,160,294,0.544,0,1,0.0,57,102,0.559,183,202,385,84,54,20,101,26,113,79,377,-41,1274.0,5,0,1088.0,1293.0,31,62,105,92,41,54,52,54,80,85,80,56,47,96,13,51,35,43,50,62,8,71,63,58,56,73,48,40,13,50,48,1,2025-26
1628380,Zach Collins,Zach,1610612741,CHI,28.0,10,6,4,0.6,183.73666666666668,37,64,0.578,9,21,0.429,14,20,0.7,16,40,56,15,10,2,4,2,18,19,97,18,194.7,1,0,189.0,201.0,95,91,11,38,90,84,88,42,50,55,11,86,86,67,92,89,90,84,91,97,92,17,18,87,84,41,88,67,13,89,89,1,2025-26
1641744,Zach Edey,Zach,1610612763,MEM,24.0,11,7,4,0.636,283.8516666666667,62,98,0.633,1,5,0.2,25,32,0.781,43,79,122,12,26,7,21,6,37,37,150,113,372.4,5,0,341.0,380.0,94,89,11,31,86,79,82,26,68,68,68,80,81,35,75,80,78,87,75,83,71,26,27,76,79,23,80,40,13,80,80,1,2025-26
1630192,Zeke Nnaji,Zeke,1610612743,DEN,25.0,52,38,14,0.731,625.9883333333333,71,151,0.47,14,54,0.259,34,44,0.773,33,103,136,29,27,17,24,17,71,40,190,-109,492.7,2,0,451.0,507.0,54,28,34,13,68,73,72,89,47,47,63,68,71,37,80,72,74,74,74,69,67,55,46,73,74,94,75,60,13,74,74,1,2025-26
